"timestamp","Latitude","Longitude","CH4_ppb","CH4_ppb_enh","CO2_ppm","CO_ppb","O3_ppb"
2024-07-09 20:28:35,39.99268,-105.262192,2036.5,63,433.6,9364.6,55.1
2024-07-09 20:28:36,39.99268,-105.262192,2052.9,79.3399999999999,435.21,11685.9,56.3
2024-07-09 20:28:37,39.99268,-105.262192,2058.8,85.1800000000001,435.27,14786.3,56.5
2024-07-09 20:28:38,39.99268,-105.262192,2047.5,73.8200000000002,434.96,17644.3,56.2
2024-07-09 20:28:39,39.99268,-105.262192,2036.2,62.46,435.12,20156.4,58.1
2024-07-09 20:28:40,39.99268,-105.262192,2044.2,70.4000000000001,435.88,22387.8,55.9
2024-07-09 20:28:41,39.99268,-105.262192,2052.4,78.54,436.67,18373.4,56.8
2024-07-09 20:28:42,39.99268,-105.262192,2053.6,79.6799999999998,437.73,14359.1,55.1
2024-07-09 20:28:43,39.99268,-105.262192,2051.5,77.8800000000001,438.78,11092.9,56.8
2024-07-09 20:28:44,39.99268,-105.262192,2043.3,69.7549999999999,435.47,8076,56.6
2024-07-09 20:28:45,39.992672,-105.262192,2025.4,51.95,431.01,7543.8,57.5
2024-07-09 20:28:46,39.992668,-105.262192,2013.1,39.645,432.19,9952,57.3
2024-07-09 20:28:47,39.992672,-105.262192,2044.2,70.74,438.95,12563.7,57
2024-07-09 20:28:48,39.992668,-105.262192,2075.2,101.735,444.28,15969.1,56.6
2024-07-09 20:28:49,39.992668,-105.262192,2082.8,109.33,444.85,19374.6,57.9
2024-07-09 20:28:50,39.992668,-105.262192,2085.3,111.825,445.42,21090.6,57.2
2024-07-09 20:29:23,40.026691,-105.242241,1977.3,3.79500000000007,423.69,279.9,56.4
2024-07-09 20:29:25,40.026691,-105.242241,1978.4,4.8900000000001,423.7,259,63
2024-07-09 20:29:26,40.026691,-105.242241,1977.8,4.28500000000008,423.65,274,55.9
2024-07-09 20:29:27,40.026691,-105.242241,1977.2,3.68000000000006,423.6,307.9,56.4
2024-07-09 20:29:28,40.026691,-105.242241,1976.9,3.375,423.7,342.3,56.4
2024-07-09 20:29:30,40.026691,-105.242241,1976.8,3.27000000000021,424.59,822.8,64
2024-07-09 20:29:31,40.026691,-105.242241,1977.1,3.56500000000005,425.64,1212,57.9
2024-07-09 20:29:32,40.026691,-105.242241,1980.1,6.55999999999995,428.78,1757.6,58.9
2024-07-09 20:29:34,40.026691,-105.242241,2055.9,82.355,440.18,10478.5,56.4
2024-07-09 20:29:35,40.026691,-105.242241,2082.1,108.55,446.54,17578.9,57.9
2024-07-09 20:29:36,40.026691,-105.242241,2104.9,131.345,452.9,17825.6,58.4
2024-07-09 20:29:37,40.026691,-105.242241,2098,124.44,445.3,16608.3,56.4
2024-07-09 20:29:39,40.026691,-105.242241,1992,18.4349999999999,433.97,20079.6,56.1
2024-07-09 20:29:41,40.026691,-105.242241,2150.4,176.83,455.19,24456.8,55.9
2024-07-09 20:29:42,40.026691,-105.242241,2130.7,157.125,445.32,25920.4,56.4
2024-07-09 20:29:43,40.026691,-105.242241,2058.4,84.8200000000002,435.45,23400.8,56.4
2024-07-09 20:29:44,40.026691,-105.242241,2011.9,38.3150000000001,433.93,19108.4,56.9
2024-07-09 20:29:46,40.026691,-105.242241,2027.7,54.1100000000001,436.38,10754,57.4
2024-07-09 20:29:47,40.026691,-105.242241,2024.2,50.605,435.02,6932.3,66.5
2024-07-09 20:29:48,40.026691,-105.242241,2020.6,47,433.69,7963.4,59.4
2024-07-09 20:29:49,40.026691,-105.242241,2016.2,42.5900000000001,432.69,8994.4,56.4
2024-07-09 20:29:51,40.026691,-105.242241,2006,32.3800000000001,430.17,6117.1,62.7
2024-07-09 20:29:53,40.026691,-105.242241,1993.3,19.6700000000001,427.36,3701.5,62.5
2024-07-09 20:29:55,40.026691,-105.242241,1993.6,19.96,426.43,3891.8,56.4
2024-07-09 20:29:56,40.026691,-105.242241,2011.6,37.95,427.86,4785.4,55.9
2024-07-09 20:29:58,40.026691,-105.242241,2040.9,67.2400000000002,428.61,7215.9,56.1
2024-07-09 20:30:00,40.026691,-105.242241,2073.4,99.7300000000002,440.34,28668.5,58.4
2024-07-09 20:30:01,40.026691,-105.242241,2293.9,320.22,461.21,49783.3,55.9
2024-07-09 20:30:02,40.026691,-105.242241,2514.4,540.71,488.45,93780.6,62.2
2024-07-09 20:30:04,40.026691,-105.242241,3131.1,1157.4,578.49,151345,57.9
2024-07-09 20:30:05,40.026691,-105.242241,3134.9,1161.19,562.62,162796.6,57.9
2024-07-09 20:30:07,40.026691,-105.242241,2658.2,684.48,519.93,97619.8,59.4
2024-07-09 20:30:09,40.026691,-105.242241,2349.7,375.97,476.04,73202.1,58.4
2024-07-09 20:30:10,40.026691,-105.242241,2361.1,387.36,488.52,80296.8,57.9
2024-07-09 20:30:11,40.026691,-105.242241,2399.7,425.95,500.99,71382.3,57.9
2024-07-09 20:30:12,40.026691,-105.242241,2321.9,348.14,474.51,61056.8,57.9
2024-07-09 20:30:14,40.026691,-105.242241,2018.1,44.3299999999999,433.8,22355.2,61.7
2024-07-09 20:30:16,40.026691,-105.242241,2017.4,43.6200000000001,429.53,8971.6,74.6
2024-07-09 20:30:17,40.026691,-105.242241,2022.3,48.51,431.88,11199.9,62.5
2024-07-09 20:30:18,40.026691,-105.242241,2027.7,53.9000000000001,434.23,11579,73.6
2024-07-09 20:30:19,40.026691,-105.242241,2021.7,47.9000000000001,433.47,11868.9,73.6
2024-07-09 20:30:21,40.026691,-105.242241,1995.3,21.5,429.54,5195.5,72.6
2024-07-09 20:30:22,40.026691,-105.242241,1985.3,11.5,425.6,2359.3,63
2024-07-09 20:30:26,40.026691,-105.242241,1976.2,2.40000000000009,422.96,752.8,60.2
2024-07-09 20:30:28,40.026691,-105.242241,1977.2,3.40000000000009,423.85,970.8,65
2024-07-09 20:30:33,40.026691,-105.242241,1978.3,4.5,424.43,1033,59.4
2024-07-09 20:30:35,40.026691,-105.242241,1987.5,13.7,425.44,2131.4,56.4
2024-07-09 20:30:36,40.026691,-105.242241,1987.1,13.3,425.11,4939.6,57.4
2024-07-09 20:30:37,40.026691,-105.242241,1994.7,20.9000000000001,433.02,9286.1,66
2024-07-09 20:30:38,40.026691,-105.242241,2036.5,62.7,446.23,12190.5,55.9
2024-07-09 20:30:40,40.026691,-105.242241,2066.9,93.1000000000001,443.2,8006.5,56.4
2024-07-09 20:30:42,40.026691,-105.242241,2027.2,52.5,431.84,13793.5,59.7
2024-07-09 20:30:44,40.026691,-105.242241,2021,45.7,435.65,14448.1,64.5
2024-07-09 20:30:45,40.026691,-105.242241,2032.8,57.3999999999999,439.6,13126.1,62.5
2024-07-09 20:30:46,40.026691,-105.242241,2044.7,68.5,440.84,9329.1,57.4
2024-07-09 20:30:47,40.026691,-105.242241,2174.1,197.3,435.13,5532,60.4
2024-07-09 20:30:49,40.026691,-105.242241,2295.1,318.3,438.3,80292.3,58.9
2024-07-09 20:30:51,40.026691,-105.242241,2071.2,94.3999999999999,444.92,36192.2,56.9
2024-07-09 20:30:52,40.026691,-105.242241,2055.3,78.5000000000002,437.7,8409.6,59.9
2024-07-09 20:30:53,40.026691,-105.242241,2039.3,62.5,433.72,10637.8,57.4
2024-07-09 20:30:54,40.026691,-105.242241,2067.4,90.6000000000001,442.37,12865.9,58.9
2024-07-09 20:30:56,40.026691,-105.242241,2118.6,141.5,448.55,37389,58.9
2024-07-09 20:30:58,40.026691,-105.242241,2038.3,61.0999999999999,438.43,23567.6,58.9
2024-07-09 20:31:00,40.026691,-105.242241,1991.9,14.7,425.91,6472.5,58.9
2024-07-09 20:31:01,40.026691,-105.242241,1984.5,7.29999999999995,426.12,4811.9,59.4
2024-07-09 20:31:03,40.026691,-105.242241,2015.2,38,436.4,8012.9,59.4
2024-07-09 20:31:05,40.026691,-105.242241,2176.2,199,452.07,11917.5,58.9
2024-07-09 20:31:07,40.026691,-105.242241,2070.8,93.6000000000001,435.91,27990.9,57.7
2024-07-09 20:31:09,40.026691,-105.242241,2458.7,481.5,477.68,59151.5,58.9
2024-07-09 20:31:10,40.026691,-105.242241,2631,653.8,494.63,78556.7,57.4
2024-07-09 20:31:12,40.026691,-105.242241,2800,822.8,516.1,99776.8,56.9
2024-07-09 20:31:13,40.026691,-105.242241,2632.2,655,501.98,105110.8,63
2024-07-09 20:31:14,40.026691,-105.242241,2458.4,481.2,487.51,78391.4,58.4
2024-07-09 20:31:15,40.026691,-105.242241,2302.2,325,465.07,51672,58.9
2024-07-09 20:31:17,40.026691,-105.242241,2051.8,74.6000000000001,435.94,23400.8,58.4
2024-07-09 20:31:18,40.026691,-105.242241,2095.6,118.4,439.19,15808.3,58.4
2024-07-09 20:31:19,40.026691,-105.242241,2139.3,162.1,440.48,18257.2,58.4
2024-07-09 20:31:21,40.026691,-105.242241,2028.6,51.3999999999999,432.7,14909.3,58.4
2024-07-09 20:31:22,40.026691,-105.242241,2005.9,28.7,432.12,8804.6,59.4
2024-07-09 20:31:23,40.026691,-105.242241,2009.2,32,431.55,6808.7,67.5
2024-07-09 20:31:24,40.026691,-105.242241,2010.2,33,430.65,6854.8,62
2024-07-09 20:31:26,40.026691,-105.242241,2001.9,24.7,428.81,5869.6,58.4
2024-07-09 20:31:28,40.026691,-105.242241,1987.4,10.2,427.99,3500.4,58.4
2024-07-09 20:31:33,40.026691,-105.242241,1981.8,4.59999999999991,427.27,1715.1,58.9
2024-07-09 20:31:35,40.026691,-105.242241,1991.6,14.3999999999999,427.77,2766.9,57.4
2024-07-09 20:31:36,40.026691,-105.242241,2009.2,32,429.57,3633.7,53.9
2024-07-09 20:31:38,40.026691,-105.242241,2065.9,88.7,438.23,21138.4,54.6
2024-07-09 20:31:40,40.026691,-105.242241,2151.7,174.5,461.47,41403,53.9
2024-07-09 20:31:41,40.026691,-105.242241,2304.1,326.9,483.27,51458.7,55.4
2024-07-09 20:31:42,40.026691,-105.242241,2459.6,482.4,505.07,56902.5,54.9
2024-07-09 20:31:43,40.026691,-105.242241,2439.3,462.1,500.12,62228.1,54.9
2024-07-09 20:31:44,40.026691,-105.242241,2305.7,328.5,495.17,51683.6,56.9
2024-07-09 20:31:45,40.026691,-105.242241,2186.7,210.4,476.69,33108.6,57.4
2024-07-09 20:31:47,40.026691,-105.242241,2021.5,45.3,436.57,13280.4,68.5
2024-07-09 20:31:48,40.026691,-105.242241,2018.9,43.5,435.59,7804.6,67
2024-07-09 20:31:49,40.026691,-105.242241,2017.3,42,434.75,7458.2,56.4
2024-07-09 20:31:50,40.026691,-105.242241,2052.7,78.4999999999998,435.13,7111.9,56.4
2024-07-09 20:31:52,40.026691,-105.242241,2137.8,164,443.64,51612.2,65.7
2024-07-09 20:32:53,40.026691,-105.242241,2012.3,38.5,430.4,6454.3,57.9
2024-07-09 20:32:56,40.026691,-105.242241,2020.4,46.6000000000001,433.58,10000.6,55.4
2024-07-09 20:32:57,40.026691,-105.242241,2055.9,82.2,437.98,12026.1,56.4
2024-07-09 20:32:59,40.02668,-105.242241,2232.1,258.5,462.82,27617.9,55.9
2024-07-09 20:33:01,40.02668,-105.242241,2593.4,619.9,488.02,98067.6,55.4
2024-07-09 20:33:03,40.02668,-105.242241,2454.9,481.5,473.36,86766.6,62
2024-07-09 20:33:05,40.02668,-105.242241,2197.6,224.3,458.72,34318.8,55.9
2024-07-09 20:33:06,40.02668,-105.242241,2115,141.9,445.84,14316.9,55.9
2024-07-09 20:33:08,40.02668,-105.242241,2040.9,68,432.86,17587,56.1
2024-07-09 20:33:10,40.02668,-105.242241,2130.1,157.2,446.58,28531.9,55.9
2024-07-09 20:33:11,40.02668,-105.242241,2180.2,207.3,449.94,33246.1,55.9
2024-07-09 20:33:12,40.02668,-105.242241,2231.5,258.6,453.3,32015.6,55.9
2024-07-09 20:33:13,40.02668,-105.242241,2209,236.1,445.4,30095.2,56.4
2024-07-09 20:33:15,40.02668,-105.242241,2057.5,84.5999999999999,434.54,17515.1,63
2024-07-09 20:33:17,40.02668,-105.242241,2076.9,104,437.5,13804.6,57.2
2024-07-09 20:33:20,40.02668,-105.242241,2093.5,120.6,442.16,23687,62.5
2024-07-09 20:33:22,40.02668,-105.242241,2134.9,162,447.92,33896.1,59.4
2024-07-09 20:33:23,40.02668,-105.242241,2147.1,174.2,448.95,48085.1,56.9
2024-07-09 20:33:24,40.02668,-105.242241,2159.2,186.3,464.12,79890,56.7
2024-07-09 20:33:27,40.02668,-105.242241,3056.2,1083.3,533.69,145542.9,62.7
2024-07-09 20:33:29,40.02668,-105.242241,2779.6,806.8,509.64,110287,56.9
2024-07-09 20:33:30,40.02668,-105.242241,2622.2,649.4,493.91,85121.5,56.9
2024-07-09 20:33:32,40.02668,-105.242241,2294.5,321.7,456.97,34879.6,57.4
2024-07-09 20:33:34,40.02668,-105.242241,2071.1,98.5,438.55,14190.3,59.4
2024-07-09 20:33:36,40.02668,-105.242241,2086.7,114.1,436.63,9951.5,71
2024-07-09 20:33:38,40.02668,-105.242241,2044.8,72.2,432.23,11399.5,62
2024-07-09 20:33:39,40.02668,-105.242241,2049.8,77.2000000000003,433.42,12509.1,67.5
2024-07-09 20:33:40,40.02668,-105.242241,2054.7,82.0999999999999,434.36,11626,62
2024-07-09 20:33:41,40.02668,-105.242241,2053.3,80.7000000000003,433.49,10742.9,62.5
2024-07-09 20:33:43,40.02668,-105.242241,2067.1,94.5,432.09,11563.2,63
2024-07-09 20:33:45,40.02668,-105.242241,2185.5,212.9,443.07,45773.7,59.4
2024-07-09 20:33:46,40.02668,-105.242241,2452.2,479.6,466.88,69626,60.4
2024-07-09 20:33:48,40.02668,-105.242241,2732.4,759.8,497.42,121059.1,60.2
2024-07-09 20:33:50,40.02668,-105.242241,2552.2,579.6,485.45,54134.6,59.9
2024-07-09 20:33:51,40.02668,-105.242241,2332.9,360.3,456.5,35414.9,61.4
2024-07-09 20:33:52,40.02668,-105.242241,2137.5,164.9,444.21,40162.4,59.9
2024-07-09 20:33:53,40.02668,-105.242241,2167.2,194.6,449.75,42202,60.4
2024-07-09 20:33:54,40.02668,-105.242241,2197,224.4,452.38,31988.5,68
2024-07-09 20:33:55,40.02668,-105.242241,2156.5,183.9,444.12,21775,67
2024-07-09 20:33:57,40.02668,-105.242241,2068.3,95.7000000000003,435.61,12883.4,57.4
2024-07-09 20:33:59,40.02668,-105.242241,2075.3,102.7,437.22,15592.5,57.4
2024-07-09 20:34:01,40.02668,-105.242241,2186.4,213.8,439.58,25619.1,69
2024-07-09 20:34:02,40.02668,-105.242241,2168.8,196.2,441.5,31956.7,57.4
2024-07-09 20:34:04,40.02668,-105.242241,2124.7,152.1,443.31,28303.1,59.4
2024-07-09 20:34:06,40.02668,-105.242241,2103.1,130.5,438.97,14003.6,59.9
2024-07-09 20:34:08,40.02668,-105.242241,2033.1,60.5,429.79,8007.2,57.4
2024-07-09 20:34:09,40.02668,-105.242241,2037.3,64.7,429.73,7466.6,59.4
2024-07-09 20:34:10,40.02668,-105.242241,2041.4,68.8000000000002,429.83,9914.9,57.9
2024-07-09 20:34:11,40.02668,-105.242241,2037.4,64.8000000000002,431.01,12363.3,57.4
2024-07-09 20:34:12,40.02668,-105.242241,2030.8,58.2,432.18,10684.4,60.4
2024-07-09 20:34:13,40.02668,-105.242241,2025.8,53.2,431.37,8111.9,58.4
2024-07-09 20:34:14,40.02668,-105.242241,2023,50.4000000000001,430.2,6183,54.9
2024-07-09 20:34:15,40.02668,-105.242241,2018.6,46,428.88,4997.6,54.9
2024-07-09 20:34:17,40.02668,-105.242241,1981.9,9.30000000000018,426.12,2242.5,59.4
2024-07-09 20:34:18,40.02668,-105.242241,1976.3,3.70000000000005,425.79,733.6,54.9
2024-07-09 20:34:26,40.02668,-105.242241,1973.9,2.30000000000018,425.57,197.7,53.4
2024-07-09 20:34:45,40.02668,-105.242241,1973.8,2.89999999999986,425.92,186.1,64
2024-07-09 20:34:46,40.02668,-105.242241,1973.8,3.39999999999986,425.99,183,58.4
2024-07-09 20:34:47,40.02668,-105.242241,1973.8,3.39999999999986,426,175.2,53.6
2024-07-09 20:34:49,40.02668,-105.242241,1973.7,3.29999999999995,425.64,175.4,53.4
2024-07-09 20:34:50,40.02668,-105.242241,1973.2,2.79999999999995,424.35,184.6,53.9
2024-07-09 20:34:54,40.02668,-105.242241,1973.5,3.09999999999991,424.16,198.7,65.5
2024-07-09 20:34:55,40.02668,-105.242241,1973.3,2.89999999999986,424.79,178.4,53.4
2024-07-09 20:34:56,40.02668,-105.242241,1972.8,2.39999999999986,425.42,183.4,65
2024-07-09 20:34:57,40.02668,-105.242241,1973,2.59999999999991,425.62,189.1,53.4
2024-07-09 20:34:59,40.02668,-105.242241,1973.6,3.19999999999982,425.79,221.8,58.2
2024-07-09 20:35:04,40.02668,-105.242241,1972.7,2.29999999999995,422.66,250.4,55.4
2024-07-09 20:35:06,40.02668,-105.242241,1983.1,12.6999999999998,432.5,6847.6,55.1
2024-07-09 20:35:08,40.02668,-105.242241,2019.4,49,453.49,6697.7,55.4
2024-07-09 20:35:09,40.02668,-105.242241,2012.4,42,444.9,4655.5,55.4
2024-07-09 20:35:10,40.02668,-105.242241,2004.7,34.4000000000001,436.67,3691.1,58.4
2024-07-09 20:35:11,40.02668,-105.242241,2002.1,31.8,434.83,2726.7,55.4
2024-07-09 20:35:12,40.02668,-105.242241,2002.1,31.8,433,3135.9,65.5
2024-07-09 20:35:13,40.02668,-105.242241,2003.2,32.9000000000001,433,4007.9,65
2024-07-09 20:35:15,40.02668,-105.242241,2007.5,37.2,431.88,2628.7,65.5
2024-07-09 20:35:16,40.02668,-105.242241,1993.2,22.9000000000001,427.92,2604.4,57.4
2024-07-09 20:35:17,40.02668,-105.242241,1978.9,8.60000000000014,427.47,9431.6,59.9
2024-07-09 20:35:19,40.02668,-105.242241,2054,83.7,455.03,15614.9,67
2024-07-09 20:35:20,40.02668,-105.242241,2079.2,108.9,455.04,13494.5,57.4
2024-07-09 20:35:22,40.02668,-105.242241,2083,112.7,448.76,10650.2,60.4
2024-07-09 20:35:23,40.02668,-105.242241,2056,85.7,443.42,9197.2,56.9
2024-07-09 20:35:24,40.02668,-105.242241,2029,58.7,439.04,7138.9,61.7
2024-07-09 20:35:27,40.02668,-105.242241,2005.2,34.9000000000001,431.22,3595.1,60.7
2024-07-09 20:35:28,40.02668,-105.242241,1995.7,25.4000000000001,427.87,3109.9,68.5
2024-07-09 20:35:29,40.02668,-105.242241,1991.8,21.5,427.54,2734,59.9
2024-07-09 20:35:31,40.02668,-105.242241,2007.2,36.9000000000001,433,6093.5,57.4
2024-07-09 20:35:32,40.02668,-105.242241,2036.4,66.1000000000001,442.48,8708.3,56.9
2024-07-09 20:35:33,40.02668,-105.242241,2065.7,95.3999999999999,452.95,13213.9,57.4
2024-07-09 20:35:34,40.02668,-105.242241,2161.3,191,475.63,17719.5,57.4
2024-07-09 20:35:35,40.02668,-105.242241,2287.3,317,498.31,23237.7,57.9
2024-07-09 20:35:36,40.02668,-105.242241,2322.3,352,488.96,29086.3,57.9
2024-07-09 20:35:38,40.02668,-105.242241,2058.2,87.8999999999999,452.9,16141.6,57.7
2024-07-09 20:35:41,40.026669,-105.242241,1983.7,13.4000000000001,426.43,2046.5,57.4
2024-07-09 20:35:42,40.026661,-105.242241,1980.4,10.1000000000001,425.75,1573.7,57.4
2024-07-09 20:35:43,40.026661,-105.242241,1977.7,7.40000000000009,425.02,1350.6,58.4
2024-07-09 20:35:45,40.026646,-105.242233,1973.9,3.70000000000005,423.56,631.4,58.7
2024-07-09 20:36:29,40.026798,-105.242577,1972.6,3.19999999999982,426.42,190.6,58.2
2024-07-09 20:36:31,40.026871,-105.242577,1973.2,3.79999999999995,428.26,197,66.5
2024-07-09 20:36:32,40.026909,-105.242592,1972.7,3.29999999999995,429.31,198.3,57.9
2024-07-09 20:36:34,40.02697,-105.242592,1971.7,2.29999999999995,427.45,197.3,64
2024-07-09 20:36:41,40.027199,-105.242569,1970.8,2.29999999999995,426.05,160.3,55.9
2024-07-09 20:36:42,40.027222,-105.242569,1970.8,33,425.8,167,60.9
2024-07-09 20:36:43,40.027241,-105.242577,1970.8,33,425.53,175.1,55.4
2024-07-09 20:36:45,40.02726,-105.242599,1970.8,33,424.46,165.3,52.9
2024-07-09 20:36:46,40.02729,-105.24263,1970.7,32.9000000000001,423.25,158.3,53.4
2024-07-09 20:36:47,40.027309,-105.242668,1970.5,32.7,422.55,156.7,53.4
2024-07-09 20:36:48,40.027321,-105.242737,1970.5,32.7,423.18,155.1,64.5
2024-07-09 20:36:49,40.027321,-105.242813,1970.5,32.7,423.8,161,53.4
2024-07-09 20:36:50,40.027328,-105.242889,1970.4,32.6000000000001,423.37,167.2,53.4
2024-07-09 20:36:52,40.027325,-105.243027,1970.1,32.3,422.81,163,53.4
2024-07-09 20:36:54,40.027321,-105.243217,1970.2,32.4000000000001,423.18,165.1,58.9
2024-07-09 20:36:56,40.027321,-105.243362,1971.2,33.4000000000001,424.62,167.5,60.9
2024-07-09 20:36:57,40.027321,-105.243446,1971.5,33.7,424.46,167,54.9
2024-07-09 20:36:59,40.027325,-105.243591,1973.3,35.5,424.9,192.3,55.6
2024-07-09 20:37:01,40.027328,-105.243767,1982.2,44.4000000000001,426.75,195.7,59.7
2024-07-09 20:37:03,40.027328,-105.243874,1974.5,36.7,428.7,203.7,54.4
2024-07-09 20:37:04,40.027328,-105.243927,1973.1,35.3,427.36,213.7,54.9
2024-07-09 20:37:05,40.027328,-105.24398,1972.3,34.5,426.03,191.4,55.4
2024-07-09 20:37:06,40.027328,-105.244019,1971.6,33.8,423.78,163.7,54.9
2024-07-09 20:37:07,40.02734,-105.244057,1971,33.2,421.43,149.4,55.4
2024-07-09 20:37:08,40.027328,-105.24408,1970.4,32.6000000000001,420.14,145.5,60.9
2024-07-09 20:37:10,40.027328,-105.24411,1969.3,31.5,419.41,138.3,54.9
2024-07-09 20:37:11,40.027321,-105.244141,1969.9,32.1000000000001,420.06,135,54.9
2024-07-09 20:37:13,40.027279,-105.244202,1971.1,33.3,421.09,149,57.2
2024-07-09 20:37:15,40.027164,-105.24424,1972.1,34.3,421.72,163.8,58.2
2024-07-09 20:37:17,40.027061,-105.244247,1972.5,34.7,421.93,167.1,55.9
2024-07-09 20:37:18,40.026981,-105.244247,1972.4,34.6000000000001,421.82,166.4,55.4
2024-07-09 20:37:19,40.026878,-105.244247,1972.3,34.5,421.71,169.3,55.9
2024-07-09 20:37:20,40.026779,-105.244247,1972.9,35.1000000000001,421.64,172.2,65.5
2024-07-09 20:37:22,40.026627,-105.24424,1974.4,36.6000000000001,421.29,171,55.6
2024-07-09 20:37:24,40.02639,-105.24424,1974.7,36.9000000000001,420.84,173,55.4
2024-07-09 20:37:26,40.026211,-105.24424,1973.8,36,420.93,168.4,54.9
2024-07-09 20:37:27,40.026089,-105.24424,1973.2,35.4000000000001,421.07,163.7,54.4
2024-07-09 20:37:29,40.025909,-105.24424,1972.1,34.3,421.17,157.5,60.4
2024-07-09 20:37:31,40.025669,-105.24424,1971.2,33.4000000000001,421.19,148.8,54.9
2024-07-09 20:37:33,40.025429,-105.24424,1971.2,33.4000000000001,421.63,143.2,55.4
2024-07-09 20:37:35,40.025261,-105.244232,1970.6,32.8,422.83,138.3,55.9
2024-07-09 20:37:36,40.02515,-105.244217,1970.6,32.8,422.97,135.4,58.4
2024-07-09 20:37:38,40.024975,-105.244202,1970.4,32.6000000000001,422.45,141.8,54.9
2024-07-09 20:37:40,40.024754,-105.244141,1968.8,31,421.37,130.6,59.4
2024-07-09 20:37:43,40.02454,-105.244034,1968.7,30.9000000000001,419.95,132.3,53.6
2024-07-09 20:37:45,40.02433,-105.243889,1968.5,30.7,419.1,132.1,60.7
2024-07-09 20:37:47,40.024132,-105.243713,1969.1,31.3,421.05,163.3,59.4
2024-07-09 20:37:49,40.023991,-105.243561,1969.8,32,426.95,199.9,58.9
2024-07-09 20:37:50,40.023899,-105.243446,1969.9,32.1000000000001,431.76,216.9,59.4
2024-07-09 20:37:52,40.023769,-105.243279,1970.1,32.3,434.42,230,63
2024-07-09 20:37:54,40.023609,-105.243065,1969.9,32.1000000000001,428.74,194.6,62.5
2024-07-09 20:37:56,40.02346,-105.242867,1969.5,31.7,421.51,154.8,67
2024-07-09 20:37:58,40.023361,-105.242729,1969.1,31.3,419.69,139,62.5
2024-07-09 20:37:59,40.0233,-105.242653,1969.4,31.6000000000001,419.9,138.3,65
2024-07-09 20:38:01,40.023201,-105.242577,1969.7,31.9000000000001,419.86,116.9,60.7
2024-07-09 20:38:03,40.023094,-105.242523,2032,94.2,423.48,327.2,63.7
2024-07-09 20:38:05,40.023029,-105.242523,2428.5,490.7,432.61,509.1,59.9
2024-07-09 20:38:06,40.02301,-105.242531,2260.6,322.8,432.7,544.3,60.4
2024-07-09 20:38:08,40.022984,-105.242538,2012.8,75,427.03,-133,65.7
2024-07-09 20:38:21,40.02293,-105.242958,1940.1,2.29999999999995,423.49,157.8,67.5
2024-07-09 20:38:22,40.022942,-105.243027,1941.4,3.60000000000014,422.05,151.5,61.4
2024-07-09 20:38:24,40.022957,-105.243141,1944.1,6.29999999999995,424.17,166.1,61.7
2024-07-09 20:38:26,40.022961,-105.243233,1947.1,9.29999999999995,431.88,206.7,60.4
2024-07-09 20:38:27,40.022968,-105.243279,1948.1,10.3,433.16,223.4,65
2024-07-09 20:38:28,40.02298,-105.243309,1949.2,11.4000000000001,432.82,206.6,60.4
2024-07-09 20:38:29,40.02298,-105.24334,1950.1,12.3,426.87,189.7,59.9
2024-07-09 20:38:31,40.02298,-105.243355,1951.8,14,419.87,153.1,59.9
2024-07-09 20:38:33,40.02298,-105.243362,1953.7,15.9000000000001,421.86,160.5,63
2024-07-09 20:38:34,40.02298,-105.243362,1955.6,17.8,425.89,173.4,59.9
2024-07-09 20:38:36,40.02298,-105.243362,1959,21.2,429.22,207.1,58.9
2024-07-09 20:38:38,40.02298,-105.243362,1962.6,24.8,437,249,59.2
2024-07-09 20:38:40,40.02298,-105.243362,1967.8,30,448.95,374.9,58.9
2024-07-09 20:38:41,40.02298,-105.243362,1968.1,30.3,449.62,433.6,66
2024-07-09 20:38:42,40.02298,-105.243362,1968.5,30.7,446.65,454.4,58.4
2024-07-09 20:38:43,40.02298,-105.243362,1968.1,30.3,436.08,476.5,62
2024-07-09 20:38:45,40.02298,-105.243362,1966.7,28.9000000000001,424.4,624.9,62.2
2024-07-09 20:38:47,40.02298,-105.243362,1965.3,27.5,421.78,345.9,56.4
2024-07-09 20:38:49,40.02298,-105.243362,1966.9,29.1000000000001,422.4,300.7,65
2024-07-09 20:38:50,40.02298,-105.243362,1969.1,31.3,425.98,330.8,57.4
2024-07-09 20:38:51,40.02298,-105.243362,1971.2,33.4000000000001,429.95,347.4,56.4
2024-07-09 20:38:52,40.02298,-105.243362,1974.5,36.7,435.8,364.1,56.4
2024-07-09 20:38:54,40.02298,-105.243362,1980.7,42.9000000000001,441.56,266.4,56.1
2024-07-09 20:38:56,40.02298,-105.243362,1982.2,44.4000000000001,439.9,250.4,62.5
2024-07-09 20:38:57,40.02298,-105.24337,1977.2,39.4000000000001,439.32,244.4,54.9
2024-07-09 20:38:58,40.022991,-105.243408,1972.2,34.4000000000001,436.74,213.7,54.9
2024-07-09 20:39:01,40.022995,-105.243507,1973.4,35.6000000000001,424.77,167.4,59.4
2024-07-09 20:39:03,40.022999,-105.243675,1975.9,38.1000000000001,425.21,176.8,60.7
2024-07-09 20:39:05,40.02301,-105.24382,1976.9,39.1000000000001,425.55,177.3,53.4
2024-07-09 20:39:06,40.02301,-105.243927,1976.3,38.5,426.81,178.6,53.4
2024-07-09 20:39:07,40.02301,-105.244049,1975.7,37.9000000000001,428.76,195.5,59.4
2024-07-09 20:39:08,40.02301,-105.244171,1976.4,38.6000000000001,433.33,212.5,53.4
2024-07-09 20:39:09,40.02301,-105.244301,1977.5,39.7,437.9,252.5,52.9
2024-07-09 20:39:10,40.02301,-105.244423,1979,41.2,436.38,295,52.9
2024-07-09 20:39:12,40.02301,-105.244614,1982.4,44.6000000000001,440.35,273.4,52.9
2024-07-09 20:39:14,40.02301,-105.244789,1983.8,46,456.49,249.7,49.8
2024-07-09 20:39:15,40.02301,-105.244789,1990.9,53.1000000000001,457.28,244,50.8
2024-07-09 20:39:17,40.02301,-105.244789,2003.1,65.3,463.9,251,50.8
2024-07-09 20:39:19,40.023014,-105.24514,2012.8,75,501.43,279.9,54.4
2024-07-09 20:39:21,40.023022,-105.245628,2022.8,85,543.71,624.9,49.8
2024-07-09 20:39:22,40.023022,-105.245773,2001.9,64.1000000000001,514.98,776.3,50.3
2024-07-09 20:39:23,40.023022,-105.245918,1980.9,43.1000000000001,492.04,627.6,50.3
2024-07-09 20:39:24,40.023022,-105.246071,1976.7,38.9000000000001,488.51,478.9,48.3
2024-07-09 20:39:26,40.023022,-105.246284,1975,37.2,474.64,301.9,46.3
2024-07-09 20:39:28,40.023022,-105.246582,1974.4,36.6000000000001,452.59,227.3,46.3
2024-07-09 20:39:30,40.023022,-105.246811,1974.1,36.3,432.8,193.7,46.3
2024-07-09 20:39:32,40.023022,-105.246971,1972.8,35,426.79,198,48.8
2024-07-09 20:39:33,40.023022,-105.2472,1973,35.2,433.42,213.7,45.8
2024-07-09 20:39:35,40.023033,-105.24752,1974.3,36.5,449.23,208.7,59.2
2024-07-09 20:39:37,40.023048,-105.247749,1976.2,38.4000000000001,475.4,319.8,58.9
2024-07-09 20:39:38,40.02306,-105.24791,1977.7,39.9000000000001,499.11,387,50.3
2024-07-09 20:39:39,40.023079,-105.248062,1979.2,41.4000000000001,516.73,385.1,49.8
2024-07-09 20:39:40,40.023102,-105.248207,1978.9,41.1000000000001,504.96,383.2,50.3
2024-07-09 20:39:41,40.023121,-105.248367,1978.2,40.4000000000001,493.2,361.6,53.9
2024-07-09 20:39:42,40.023151,-105.248512,1979.3,39.2,499.87,336.2,51.9
2024-07-09 20:39:44,40.023193,-105.248734,1984.5,43.0999999999999,507.25,480,52.6
2024-07-09 20:39:45,40.023251,-105.248947,1982.7,38.6000000000001,497.41,546.6,56.9
2024-07-09 20:39:47,40.023289,-105.2491,1981.6,34.5,501.93,475.2,53.9
2024-07-09 20:39:48,40.023331,-105.249252,1982.4,34.3000000000002,510.39,459.4,54.4
2024-07-09 20:39:49,40.02338,-105.24939,1982.6,33.3999999999999,512.62,443.5,60.9
2024-07-09 20:39:50,40.02343,-105.249542,1982.6,32.5,514.86,430.3,54.4
2024-07-09 20:39:51,40.023479,-105.24968,1982.7,30.9000000000001,523.38,418,53.9
2024-07-09 20:39:52,40.023521,-105.249817,1983.1,29.3999999999999,533.47,429.3,53.9
2024-07-09 20:39:53,40.023571,-105.249947,1983.2,27.6000000000001,532.07,469.3,53.9
2024-07-09 20:39:55,40.02364,-105.250145,1979.7,20.7,504.69,496.5,52.1
2024-07-09 20:39:57,40.023701,-105.250328,1977.3,14.7,477.7,417.8,51.9
2024-07-09 20:39:58,40.023731,-105.25045,1976,10.7,461.58,335.8,53.9
2024-07-09 20:40:00,40.023769,-105.250633,1973.5,6.79999999999995,436.66,217,51.9
2024-07-09 20:40:02,40.0238,-105.250816,1972.2,5.29999999999995,429.83,178.7,51.4
2024-07-09 20:40:03,40.023811,-105.250931,1972.2,4.40000000000009,430.62,179,51.9
2024-07-09 20:40:04,40.023815,-105.251099,1972.3,4.20000000000005,432.13,187.6,53.1
2024-07-09 20:40:07,40.023811,-105.251282,1975.1,7,465.32,241.1,52.9
2024-07-09 20:40:08,40.023811,-105.251381,1975.3,6.79999999999995,454.55,254.8,64.5
2024-07-09 20:40:09,40.0238,-105.251442,1975.5,6.40000000000009,450.17,251.8,52.9
2024-07-09 20:40:11,40.023796,-105.251534,1975.9,4.70000000000005,456.65,243.7,55.4
2024-07-09 20:40:14,40.023769,-105.251671,1975.9,3.70000000000005,437.11,230.9,56.4
2024-07-09 20:40:16,40.02375,-105.251778,1975.5,3.29999999999995,437.49,208,52.9
2024-07-09 20:40:17,40.023731,-105.251846,1975.6,3.39999999999986,436.95,197,53.4
2024-07-09 20:40:18,40.02372,-105.25193,1975.7,3.40000000000009,436.6,205.1,52.9
2024-07-09 20:40:19,40.023701,-105.252022,1976.5,3.70000000000005,437.23,213.1,55.9
2024-07-09 20:40:20,40.023682,-105.252113,1977.6,4.69999999999982,437.87,209.2,62.5
2024-07-09 20:40:21,40.023659,-105.252213,1978.4,5.40000000000009,436.48,203,64.5
2024-07-09 20:40:22,40.02364,-105.252312,1979,6,434.83,197.9,52.9
2024-07-09 20:40:23,40.023628,-105.252419,1979.5,6.5,432.23,193.5,52.9
2024-07-09 20:40:25,40.023609,-105.252518,1979.6,6.59999999999991,426.75,187.6,61.4
2024-07-09 20:40:26,40.02359,-105.252609,1982,9,426.45,185.5,53.4
2024-07-09 20:40:28,40.023556,-105.252747,1985.2,11.9000000000001,426.46,191.8,53.9
2024-07-09 20:40:29,40.023521,-105.252861,1984.6,11.3,426.74,199.8,53.4
2024-07-09 20:40:30,40.02351,-105.252937,1984.6,11.3,428.96,209.8,53.4
2024-07-09 20:40:31,40.023491,-105.252998,1985.7,12.4000000000001,431.89,209,52.9
2024-07-09 20:40:32,40.023479,-105.253059,1987.2,13.9000000000001,468.7,194.2,60.4
2024-07-09 20:40:34,40.023472,-105.253098,1996.8,23.5,588.01,439.8,53.4
2024-07-09 20:40:35,40.02346,-105.253143,1992,18.7,524.71,656.5,54.9
2024-07-09 20:40:36,40.02346,-105.253166,1984.6,11.3,461.42,528.1,54.9
2024-07-09 20:40:37,40.023449,-105.253197,1979.5,6.20000000000005,450.76,315,54.9
2024-07-09 20:40:38,40.023449,-105.25322,1977.7,4.40000000000009,451.42,206.7,54.9
2024-07-09 20:40:40,40.023449,-105.253227,1979.6,6.29999999999995,471.01,252.1,54.9
2024-07-09 20:40:41,40.023441,-105.253227,1983,9.70000000000005,480.79,325.6,54.9
2024-07-09 20:40:42,40.023441,-105.253242,1983,9.70000000000005,471.16,399.2,54.9
2024-07-09 20:40:43,40.023441,-105.253242,1982.1,8.79999999999995,461.53,366,54.9
2024-07-09 20:40:44,40.023441,-105.253242,1982.7,9.40000000000009,457.97,312.3,57.4
2024-07-09 20:40:46,40.023441,-105.253242,1987.2,13.9000000000001,451.9,354,58.9
2024-07-09 20:40:48,40.023441,-105.253242,1988.1,14.8,446.02,316.1,54.9
2024-07-09 20:40:49,40.023441,-105.25325,1984.9,11.6000000000001,450.73,260.2,57.9
2024-07-09 20:40:50,40.023441,-105.253281,1981.2,7.90000000000009,455.33,222.5,54.9
2024-07-09 20:40:51,40.02343,-105.253319,1978.8,5.5,450.44,185.5,63.5
2024-07-09 20:40:52,40.023418,-105.25338,1977.3,4,445.55,177.8,56.9
2024-07-09 20:40:53,40.023399,-105.253448,1975.8,2.29999999999995,438.72,185.8,55.4
2024-07-09 20:41:07,40.02253,-105.253754,1976.4,2.80000000000018,444.14,246.6,55.9
2024-07-09 20:41:09,40.022305,-105.253738,1983.5,9.90000000000009,456.09,304.3,55.9
2024-07-09 20:41:10,40.022141,-105.253738,1983.8,10.2,457.01,320.3,57.4
2024-07-09 20:41:11,40.02203,-105.253738,1984,10.4000000000001,456.56,306.4,56.4
2024-07-09 20:41:13,40.021881,-105.253738,1984.7,11.1000000000001,449.32,315.6,59.2
2024-07-09 20:41:16,40.021694,-105.253754,1983.7,10.1000000000001,445.77,340.3,53.6
2024-07-09 20:41:18,40.021549,-105.253754,1980.7,7.10000000000014,436.14,331.1,62.5
2024-07-09 20:41:19,40.021461,-105.253754,1981,7.40000000000009,436.48,545.1,53.4
2024-07-09 20:41:20,40.021358,-105.253761,1981.3,7.70000000000005,438.08,6020.3,53.4
2024-07-09 20:41:21,40.021259,-105.253761,2017.1,43.5,454.97,11495.5,53.4
2024-07-09 20:41:23,40.021111,-105.253761,2086.6,113,467.33,10386.5,57.4
2024-07-09 20:41:25,40.020924,-105.253761,2011.1,37.5,450.92,6793,48.8
2024-07-09 20:41:27,40.020775,-105.253769,2009.5,35.9000000000001,453.08,14019.3,49.1
2024-07-09 20:41:30,40.020664,-105.253769,2007.9,34.3000000000002,454.17,5457.2,49.3
2024-07-09 20:41:31,40.020599,-105.253769,1992.1,18.3999999999999,443.47,1244.6,48.8
2024-07-09 20:41:33,40.020561,-105.253769,1979.2,5.40000000000009,470.01,448.2,48.3
2024-07-09 20:41:34,40.020519,-105.253769,1978.9,5.10000000000014,478.49,365.7,48.8
2024-07-09 20:41:35,40.02047,-105.253769,1977.9,4.10000000000014,465.4,283.2,49.8
2024-07-09 20:41:36,40.02042,-105.253769,1976.9,3.20000000000005,452.35,251.2,48.8
2024-07-09 20:41:37,40.020359,-105.253769,1976.4,2.80000000000018,443.03,219.8,48.8
2024-07-09 20:41:39,40.02029,-105.253769,1976.7,3.10000000000014,451.17,241,48.8
2024-07-09 20:41:40,40.02021,-105.253769,1978.6,5,482.49,271.1,48.3
2024-07-09 20:41:41,40.020084,-105.253769,1980.4,7.10000000000014,491.31,317.3,54.4
2024-07-09 20:41:43,40.01989,-105.253769,1979.1,6.19999999999982,446.5,323.7,49.8
2024-07-09 20:41:46,40.019669,-105.253769,1985.5,13.0999999999999,468.14,337.6,55.6
2024-07-09 20:41:48,40.01944,-105.253769,1993.5,21.3,490.71,322.2,53.4
2024-07-09 20:41:50,40.019211,-105.253777,1978.1,5.89999999999986,449.65,236.8,58.9
2024-07-09 20:41:52,40.019032,-105.253777,1975.7,3.5,444.13,176.7,53.4
2024-07-09 20:41:53,40.018909,-105.253777,1975.5,3.29999999999995,445,175.8,60.9
2024-07-09 20:41:55,40.018719,-105.253792,1976,3.79999999999995,443.48,196.2,55.9
2024-07-09 20:41:57,40.018539,-105.253799,1977.8,5.59999999999991,436.01,197.2,61.4
2024-07-09 20:41:58,40.01841,-105.253799,1977.4,5.20000000000005,439.08,190.1,54.9
2024-07-09 20:41:59,40.018291,-105.253799,1976.8,4.59999999999991,442.14,190.4,57.9
2024-07-09 20:42:00,40.018162,-105.253799,1976.6,4.39999999999986,452.24,191.1,56.4
2024-07-09 20:42:02,40.017975,-105.253799,1976.6,4.39999999999986,457.15,234.8,59.7
2024-07-09 20:42:04,40.017715,-105.253799,1975.3,3.09999999999991,435.98,357.5,51.9
2024-07-09 20:42:07,40.01738,-105.253799,1975,3,436.91,217.5,51.9
2024-07-09 20:42:09,40.017185,-105.253792,1977.5,5.59999999999991,454.02,359.1,54.6
2024-07-09 20:42:11,40.016979,-105.253792,1977.9,6.10000000000014,462.3,334.9,51.9
2024-07-09 20:42:12,40.01685,-105.253792,1977,5.20000000000005,456.3,291,56.9
2024-07-09 20:42:13,40.016644,-105.253792,1976.1,4.29999999999995,451.36,266.8,60.4
2024-07-09 20:42:15,40.016449,-105.253799,1976.8,5,448.92,312,53.4
2024-07-09 20:42:16,40.016319,-105.253799,1978.2,6.40000000000009,446.59,394.1,60.9
2024-07-09 20:42:18,40.01614,-105.253799,1983,11.2,446.35,2119,53.1
2024-07-09 20:42:20,40.01598,-105.253799,1989.8,18,454,2016.8,51.4
2024-07-09 20:42:21,40.015881,-105.253807,1985,13.2,449.26,1274.1,55.4
2024-07-09 20:42:22,40.0158,-105.253807,1979.1,7.29999999999995,444.56,873.5,50.8
2024-07-09 20:42:23,40.01572,-105.253807,1976.2,4.40000000000009,442.09,482,59.4
2024-07-09 20:42:25,40.015659,-105.253807,1977.1,5.29999999999995,437.4,293.9,49.8
2024-07-09 20:42:26,40.015598,-105.253807,1986.1,14.3,435.3,266.8,57.9
2024-07-09 20:42:27,40.015526,-105.253807,1995.1,23.3,433.9,250.7,52.6
2024-07-09 20:42:30,40.015453,-105.253807,1976.8,5,428.54,183.6,49.8
2024-07-09 20:42:35,40.015388,-105.253807,1975,3.20000000000005,448.44,282.9,56.4
2024-07-09 20:42:37,40.015381,-105.253807,1974.2,2.40000000000009,456.9,224.1,56.1
2024-07-09 20:42:39,40.015366,-105.253807,1974.6,2.79999999999995,464.61,288.9,51.1
2024-07-09 20:42:41,40.01535,-105.253807,1976.3,4.5,467.64,258.9,50.3
2024-07-09 20:42:42,40.015331,-105.253822,1975.4,3.60000000000014,461.58,237.4,50.3
2024-07-09 20:42:43,40.015289,-105.253822,1974.5,2.70000000000005,454.61,231.1,55.4
2024-07-09 20:42:48,40.015049,-105.25383,1974.4,2.60000000000014,453.1,211.8,51.4
2024-07-09 20:42:49,40.01498,-105.253838,1974.5,2.70000000000005,449.41,214.7,52.4
2024-07-09 20:42:50,40.0149,-105.253853,1974.7,2.90000000000009,448.75,231.1,51.4
2024-07-09 20:42:51,40.01482,-105.25386,1975.8,4,452.21,246.4,51.4
2024-07-09 20:42:53,40.014687,-105.253883,1980.7,8.90000000000009,458.93,232.8,51.9
2024-07-09 20:42:54,40.014549,-105.253891,1985.8,14,462.21,227.1,54.9
2024-07-09 20:42:56,40.01445,-105.253899,2002.6,30.8,450.89,236.5,51.9
2024-07-09 20:42:57,40.014351,-105.253899,2020.6,48.8,447.88,276.1,53.4
2024-07-09 20:42:58,40.01424,-105.253899,2116.8,145,449,302.8,62.5
2024-07-09 20:42:59,40.014065,-105.253914,2213,241.2,451.05,271.4,52.6
2024-07-09 20:43:02,40.013828,-105.253922,2090.8,119.1,455.46,213.8,58.4
2024-07-09 20:43:04,40.013599,-105.253922,1993.4,21.7,445.87,198.7,52.4
2024-07-09 20:43:06,40.01342,-105.253906,1984.8,13.3,446.44,206.8,63.5
2024-07-09 20:43:07,40.013302,-105.253906,1981.6,10.0999999999999,446.67,216.4,51.9
2024-07-09 20:43:09,40.01313,-105.253906,1976.1,4.59999999999991,440.78,159.1,57.7
2024-07-09 20:43:25,40.011471,-105.253578,1973.8,2.39999999999986,436.78,212.7,67
2024-07-09 20:43:27,40.011372,-105.253571,1975.7,4.29999999999995,439.53,181,57.9
2024-07-09 20:43:28,40.011261,-105.253571,1974.8,3.39999999999986,436.07,172.9,56.9
2024-07-09 20:43:29,40.011162,-105.253571,1973.8,2.39999999999986,434.67,184.2,56.9
2024-07-09 20:43:30,40.011051,-105.253571,1973.7,2.29999999999995,435.87,194,59.9
2024-07-09 20:43:31,40.010941,-105.253571,1973.7,2.29999999999995,436.56,187.8,67.5
2024-07-09 20:43:43,40.009666,-105.253578,2004.9,33.5,429.61,9529.3,58.2
2024-07-09 20:43:45,40.00948,-105.253571,1984,12.5999999999999,434.82,7018.3,56.4
2024-07-09 20:43:46,40.00935,-105.253571,1985.7,14.3,433.71,3219,56.9
2024-07-09 20:43:47,40.00922,-105.253571,1987.5,16.0999999999999,432.22,2531.5,56.9
2024-07-09 20:43:48,40.009102,-105.253571,1984.3,12.8999999999999,428.47,1844.1,56.9
2024-07-09 20:43:50,40.008911,-105.253571,1977.7,6.29999999999995,425.51,1618.6,56.1
2024-07-09 20:43:52,40.008659,-105.253571,1979.9,8.5,427.75,1564.5,56.9
2024-07-09 20:43:54,40.008404,-105.253563,1982,10.5999999999999,428.38,1813.9,65.2
2024-07-09 20:43:56,40.008221,-105.253548,1983.2,11.8,430,1560.5,56.9
2024-07-09 20:43:57,40.008091,-105.25354,1981.3,9.89999999999986,426.87,1064.1,56.9
2024-07-09 20:43:59,40.007896,-105.25354,1975.5,4.09999999999991,423.5,778.3,57.7
2024-07-09 20:44:01,40.007702,-105.25354,1977.8,6.39999999999986,426.84,1167.2,57.4
2024-07-09 20:44:02,40.00758,-105.253532,1981,9.59999999999991,429.54,1473.6,56.9
2024-07-09 20:44:03,40.007389,-105.253494,1984.2,12.8,431.91,1634.3,57.2
2024-07-09 20:44:06,40.007141,-105.253403,1980.3,8.89999999999986,429.02,1093.3,57.4
2024-07-09 20:44:08,40.006962,-105.253311,1976.9,5.5,425.01,805.2,56.9
2024-07-09 20:44:09,40.006828,-105.253258,1976.7,5.29999999999995,424.73,767.4,57.4
2024-07-09 20:44:11,40.006645,-105.253212,1975.8,4.39999999999986,423.37,535.3,60.4
2024-07-09 20:44:12,40.006451,-105.253189,1974.9,3.5,422.33,514.2,69
2024-07-09 20:44:14,40.006321,-105.253181,1975.2,3.79999999999995,424.91,534,62.5
2024-07-09 20:44:15,40.006199,-105.253181,1975.7,4.29999999999995,427.17,523.7,66
2024-07-09 20:44:16,40.006081,-105.253166,1975.2,3.79999999999995,430.14,510.2,57.9
2024-07-09 20:44:18,40.005901,-105.253166,1974.4,3,427.83,450.4,57.2
2024-07-09 20:44:20,40.005661,-105.253174,1977.9,6.5,426.19,375.9,57.2
2024-07-09 20:44:22,40.005421,-105.253166,1998,26.5999999999999,440.4,10422.2,61.2
2024-07-09 20:44:24,40.005241,-105.253166,2060.9,89.5,462.73,8162.1,64
2024-07-09 20:44:25,40.005112,-105.253166,2029.6,58.1999999999998,444.46,2719.3,57.4
2024-07-09 20:44:26,40.00499,-105.253166,1993.2,21.8,426.99,1728.6,57.4
2024-07-09 20:44:27,40.004871,-105.253166,1978,6.59999999999991,424.1,737.8,57.9
2024-07-09 20:44:29,40.004688,-105.253174,1979.8,8.39999999999986,420.14,254.5,57.7
2024-07-09 20:44:31,40.004456,-105.253181,1997.2,25.8,419.91,180.1,58.2
2024-07-09 20:44:47,40.002762,-105.253181,1976.5,5.09999999999991,431.2,160.5,58.4
2024-07-09 20:44:48,40.002628,-105.253181,1978.4,7,425.39,151.7,58.9
2024-07-09 20:44:49,40.002499,-105.253181,1980.4,9,420.09,147,58.9
2024-07-09 20:44:50,40.002369,-105.253181,1978.1,6.69999999999982,420.26,142.3,64.5
2024-07-09 20:44:59,40.001484,-105.253181,1974.6,3.19999999999982,447.07,207.3,57.9
2024-07-09 20:45:02,40.001266,-105.253181,1976.7,5.29999999999995,454.4,211.3,57.9
2024-07-09 20:45:03,40.00111,-105.253166,1978,6.59999999999991,451.97,180,57.9
2024-07-09 20:45:04,40.001011,-105.253159,1979.2,7.79999999999995,438.16,148.7,57.4
2024-07-09 20:45:06,40.000851,-105.253159,1982.5,11.0999999999999,423.09,140.8,53.9
2024-07-09 20:45:08,40.000656,-105.253166,1990.4,19,424.81,146.5,53.9
2024-07-09 20:45:10,40.000519,-105.253181,1987.7,16.3,426.27,150.6,53.9
2024-07-09 20:45:11,40.000439,-105.253181,1983.6,12.1999999999998,423.99,149.9,58.4
2024-07-09 20:45:12,40.000359,-105.253181,1978.2,6.79999999999995,421.7,148,56.9
2024-07-09 20:45:13,40.00029,-105.253189,1975,3.59999999999991,422.39,145.6,53.9
2024-07-09 20:45:15,40.00024,-105.253189,1975.1,3.69999999999982,425.3,150.3,56.7
2024-07-09 20:45:17,40.000229,-105.253189,1976,4.59999999999991,428.04,161,54.9
2024-07-09 20:45:18,40.000229,-105.253189,1976.2,4.79999999999995,428.86,167.3,55.9
2024-07-09 20:45:19,40.000229,-105.253189,1976.3,4.59999999999991,429.69,238,59.4
2024-07-09 20:45:20,40.000229,-105.253189,1982.8,11.0999999999999,431.61,319.5,54.9
2024-07-09 20:45:22,40.000229,-105.253189,2008.7,37,437.96,6924.1,54.9
2024-07-09 20:45:23,40.000229,-105.253189,2021,49.3,443.52,9124.6,54.9
2024-07-09 20:45:24,40.000229,-105.253189,2033.2,61.5,446.49,7687,54.9
2024-07-09 20:45:25,40.000229,-105.253189,2029.5,57.8,445.14,6482.7,57.9
2024-07-09 20:45:26,40.000229,-105.253189,2025.6,53.8999999999999,445.21,8240.3,57.9
2024-07-09 20:45:27,40.000229,-105.253189,2052.2,80.4999999999998,458.6,9997.9,63.5
2024-07-09 20:45:29,40.000229,-105.253189,2120.2,148.5,487.53,21037.4,63.5
2024-07-09 20:45:31,40.000229,-105.253181,2138.9,167.2,522.84,17153.4,58.2
2024-07-09 20:45:33,40.000229,-105.253181,2021.4,49.7,557.7,7203,64
2024-07-09 20:45:34,40.000229,-105.253181,2000.7,29,529.3,2189,68
2024-07-09 20:45:35,40.000229,-105.253181,1988.8,17.0999999999999,500.89,1290.5,63
2024-07-09 20:45:36,40.000229,-105.253181,1982.4,10.7,498.04,890.3,62
2024-07-09 20:45:38,40.000229,-105.253181,1979.6,7.89999999999986,498.79,655.9,66
2024-07-09 20:45:39,40.000229,-105.253181,1979.2,7.5,501.43,651,63
2024-07-09 20:45:40,40.000229,-105.253181,1978.7,7,501.55,793.5,64
2024-07-09 20:45:41,40.000229,-105.253181,1977.7,6,494.37,936.1,67.5
2024-07-09 20:45:42,40.000229,-105.253181,1976.5,4.79999999999995,487.2,1040.5,62
2024-07-09 20:45:43,40.000229,-105.253181,1976,4.29999999999995,498.52,1138.9,62.5
2024-07-09 20:45:44,40.000229,-105.253181,1976.2,4.5,512.16,1044.1,62
2024-07-09 20:45:45,40.000229,-105.253181,1976.5,4.79999999999995,511.96,808.6,69.5
2024-07-09 20:45:47,40.000229,-105.253181,1977.1,5.39999999999986,493.14,486.2,60.9
2024-07-09 20:45:48,40.000229,-105.253181,1977,5.29999999999995,482.09,368.1,62
2024-07-09 20:45:49,40.000229,-105.253181,1976.8,5.09999999999991,471.5,324.7,61.4
2024-07-09 20:45:52,40.000229,-105.253181,1976.2,4.5,456.37,230.7,62
2024-07-09 20:45:53,40.000229,-105.253181,1976,4.29999999999995,441.1,212.6,61.4
2024-07-09 20:45:54,40.000229,-105.253181,1975.8,4.09999999999991,430.68,199.3,66
2024-07-09 20:45:55,40.000229,-105.253181,1976,4.29999999999995,426.83,187.2,53.9
2024-07-09 20:45:56,40.000229,-105.253181,1976.2,4.5,423.5,183.7,55.4
2024-07-09 20:45:57,40.000229,-105.253181,1976.1,4.39999999999986,422.89,180.2,63.5
2024-07-09 20:45:58,40.000229,-105.253181,1976,4.29999999999995,422.28,179.7,53.4
2024-07-09 20:45:59,40.000229,-105.253181,1976.2,4.40000000000009,422.6,179.7,53.9
2024-07-09 20:46:01,40.000214,-105.253181,1977.1,5.19999999999982,422.86,192.9,54.1
2024-07-09 20:46:03,40.000179,-105.253189,1978,6,422.18,179.1,53.9
2024-07-09 20:46:04,40.00016,-105.253212,1978.4,6.30000000000018,422.92,164,53.9
2024-07-09 20:46:06,40.000111,-105.253265,1979.2,7.10000000000014,423.11,171.8,53.9
2024-07-09 20:46:08,40.00008,-105.253357,1995.8,23.5999999999999,432.84,1321.1,53.9
2024-07-09 20:46:09,40.00008,-105.253433,2078.8,106.6,448.97,3884.9,53.9
2024-07-09 20:46:11,40.00008,-105.253563,2142.4,170.2,465.78,21107.8,53.6
2024-07-09 20:46:13,40.000069,-105.253777,2091.1,118.9,471.92,20178.6,59.9
2024-07-09 20:46:15,40.000061,-105.254044,2076.3,104.1,462.84,12524.8,52.9
2024-07-09 20:46:17,40.000061,-105.254349,2003.6,31.3999999999999,440.47,6544.1,53.1
2024-07-09 20:46:19,40.000061,-105.254578,2001.1,28.8999999999999,460.86,4312.7,53.4
2024-07-09 20:46:20,40.000069,-105.25473,1998.1,25.6999999999998,457.51,4198.2,53.4
2024-07-09 20:46:22,40.000084,-105.254982,1993.2,20.4000000000001,454.42,3680.9,53.4
2024-07-09 20:46:24,40.000107,-105.25531,1994.8,21.5,460.4,3499.7,52.1
2024-07-09 20:46:26,40.000126,-105.255638,1993.3,19.5,475.88,2891,55.9
2024-07-09 20:46:29,40.000149,-105.255966,1985.1,11.3,481.71,1533.9,55.9
2024-07-09 20:46:31,40.000175,-105.256317,1989.5,15.7,484.26,1206.9,51.1
2024-07-09 20:46:33,40.000198,-105.256592,1984.6,10.8,472.19,1128.7,50.8
2024-07-09 20:46:34,40.000221,-105.25676,1985.7,11.9000000000001,480.61,1127.2,60.4
2024-07-09 20:46:35,40.00024,-105.256927,1987.7,13.9000000000001,489.03,5295,51.9
2024-07-09 20:46:36,40.000259,-105.257103,2003.8,30,486.34,10130.4,45.3
2024-07-09 20:46:38,40.00029,-105.257347,2068.5,94.7,494.33,16296.8,47.1
2024-07-09 20:46:41,40.00032,-105.257683,2126,152.2,522.88,24104.4,45.5
2024-07-09 20:46:43,40.00034,-105.257919,2054.2,80.3999999999999,499.83,10130.3,47.8
2024-07-09 20:46:44,40.00034,-105.257919,2048.1,74.3,485.04,9805.4,49.3
2024-07-09 20:46:45,40.000359,-105.258392,2043.5,69.7,485.63,12878.6,44.3
2024-07-09 20:46:47,40.00037,-105.258507,2042,68.2,505.34,15004.6,43.8
2024-07-09 20:46:48,40.00037,-105.258507,2103.8,130,521.71,15493.5,55.4
2024-07-09 20:46:49,40.00037,-105.258507,2165.5,191.7,535,20949.9,43.8
2024-07-09 20:46:50,40.000389,-105.258911,2140.5,166.7,517.15,26406.4,46.3
2024-07-09 20:46:52,40.000397,-105.259102,2031.2,57.4000000000001,485.81,9845.6,44.3
2024-07-09 20:46:54,40.000408,-105.259277,1993.3,20,462.55,2398.8,48.8
2024-07-09 20:46:56,40.00042,-105.259392,1979.1,6.29999999999995,443.02,988.5,48.3
2024-07-09 20:46:57,40.00042,-105.259453,1976.4,3.60000000000014,435.95,632.1,49.3
2024-07-09 20:46:58,40.000431,-105.259499,1974.9,2.30000000000018,428.88,445.6,48.8
2024-07-09 20:47:01,40.000431,-105.259598,2001.7,29.3,441.15,176.7,48.8
2024-07-09 20:47:02,40.000439,-105.259644,2160.9,188.5,467.34,8936,51.4
2024-07-09 20:47:03,40.000439,-105.259666,2320.2,347.8,512.85,46454.1,59.4
2024-07-09 20:47:04,40.000439,-105.259689,2663.9,691.5,616.95,83972.2,48.8
2024-07-09 20:47:05,40.000439,-105.259712,3038.9,1066.5,721.04,127892.9,65.5
2024-07-09 20:47:06,40.000439,-105.259712,2986.8,1014.5,702.58,172280.8,54.4
2024-07-09 20:47:08,40.000439,-105.259712,2236.9,264.6,617.36,73018.5,53.4
2024-07-09 20:47:10,40.000439,-105.259712,2020.7,48.4000000000001,470.04,10517.1,53.4
2024-07-09 20:47:11,40.000439,-105.259712,1999.8,27.5,469.69,6602.6,53.9
2024-07-09 20:47:12,40.000439,-105.259712,1990.3,18.0999999999999,469.35,4542.1,53.4
2024-07-09 20:47:13,40.000439,-105.259712,1986.1,14,473.96,2564.9,53.9
2024-07-09 20:47:15,40.000439,-105.259712,1986.3,14.2,482.56,2734.2,59.4
2024-07-09 20:47:16,40.00045,-105.259712,1988.7,16.6000000000001,486.07,2987.3,60.9
2024-07-09 20:47:17,40.00045,-105.259712,1991.1,19,483.47,2401.2,60.4
2024-07-09 20:47:18,40.00045,-105.259712,1986.6,14.5,467.03,1817.2,67
2024-07-09 20:47:19,40.00045,-105.25972,1981.6,9.5,450.85,1519.9,59.4
2024-07-09 20:47:20,40.00045,-105.259743,1978.4,6.30000000000018,441.05,1222.7,59.4
2024-07-09 20:47:21,40.00045,-105.259773,1976.1,4,431.25,1168.7,59.4
2024-07-09 20:47:22,40.00045,-105.259819,1974.6,2.5,430.73,1202.8,59.4
2024-07-09 20:47:32,40.00045,-105.260551,1988.4,16.3000000000002,440.24,2677.6,62
2024-07-09 20:47:33,40.000439,-105.260674,2004.8,32.7,451.63,3061.1,67.5
2024-07-09 20:47:34,40.000431,-105.260788,2004.7,32.6000000000001,443.74,3444.6,57.9
2024-07-09 20:47:36,40.000416,-105.260986,1992.9,20.8000000000002,437.31,3619.1,60.2
2024-07-09 20:47:38,40.000401,-105.261177,2023.3,51.2,446.81,5277.9,57.4
2024-07-09 20:47:39,40.000389,-105.261322,2021.6,49.5,449.41,6403.4,57.4
2024-07-09 20:47:40,40.00037,-105.261452,2019.8,47.7,451.48,5046.2,56.9
2024-07-09 20:47:41,40.000359,-105.261589,2010.9,38.8000000000002,444.17,3689.1,57.4
2024-07-09 20:47:42,40.000351,-105.261726,1998.6,26.5,436.86,2969.4,57.4
2024-07-09 20:47:43,40.00034,-105.261864,2004.4,32.3000000000002,439.98,2467.9,58.4
2024-07-09 20:47:45,40.00032,-105.262054,2066.1,94,448.31,8202.9,62.2
2024-07-09 20:47:47,40.000301,-105.262238,2014.2,42.1000000000001,443.66,7546.6,57.4
2024-07-09 20:47:48,40.00029,-105.262352,2002.5,30.4000000000001,437.95,4114.6,57.4
2024-07-09 20:47:49,40.000278,-105.262459,1994.6,22.5,432.24,2811.6,57.4
2024-07-09 20:47:50,40.000259,-105.262558,1989,16.9000000000001,434.16,1998.2,66
2024-07-09 20:47:52,40.00024,-105.262703,1998.5,26.4000000000001,448.34,3352.7,63.7
2024-07-09 20:47:54,40.000221,-105.262856,2174.7,202.6,479.36,14465.2,58.9
2024-07-09 20:47:57,40.000206,-105.262978,2211.7,239.8,495.7,40516.3,56.4
2024-07-09 20:47:59,40.000195,-105.263062,2140.8,168.9,489.96,24108.8,56.1
2024-07-09 20:48:01,40.000191,-105.263123,2114.4,142.5,467.32,18168.2,60.7
2024-07-09 20:48:03,40.000191,-105.263168,2073.5,101.6,468.21,13135.8,56.9
2024-07-09 20:48:06,40.000191,-105.263168,2005.6,33.6999999999998,455.38,4255,55.9
2024-07-09 20:48:08,40.000191,-105.263168,2066.8,94.9000000000001,466.43,6970.6,56.4
2024-07-09 20:48:09,40.000191,-105.263168,2052.8,80.9000000000001,463.73,8931.4,56.9
2024-07-09 20:48:10,40.000191,-105.263168,2038.8,66.8999999999999,460.1,7814.5,57.9
2024-07-09 20:48:11,40.000191,-105.263168,2020.1,48.1999999999998,449.58,6697.6,58.9
2024-07-09 20:48:12,40.000179,-105.263168,1999.8,27.8999999999999,439.05,5082.5,55.9
2024-07-09 20:48:13,40.000179,-105.263168,1986.3,14.3999999999999,433.24,3350.7,56.4
2024-07-09 20:48:15,40.000179,-105.263168,1975.3,3.39999999999986,424.73,1112.1,55.6
2024-07-09 20:48:24,40.000179,-105.263168,1987.5,16,426.73,615.5,55.9
2024-07-09 20:48:25,40.000179,-105.263168,1980.5,9,423.69,703.6,56.4
2024-07-09 20:48:40,40.000191,-105.263168,1979.2,7.70000000000005,438.81,3327.4,59.4
2024-07-09 20:48:42,40.000191,-105.263168,1992.7,21.2,468.29,5138.8,57.4
2024-07-09 20:48:43,40.000191,-105.263168,2004.5,33.0999999999999,468.95,4664,65
2024-07-09 20:48:45,40.000191,-105.263168,2068.2,96.8999999999999,504.98,19533.8,57.7
2024-07-09 20:48:47,40.000191,-105.263168,2335.9,364.7,587.94,32865.4,56.9
2024-07-09 20:48:48,40.000191,-105.263168,2278.1,307,578.98,38344.5,57.9
2024-07-09 20:48:49,40.000191,-105.263168,2209.7,238.6,570.09,31967,66
2024-07-09 20:48:50,40.000191,-105.263168,2197.5,226.5,569.62,25481.9,57.4
2024-07-09 20:48:52,40.000191,-105.263168,2253.2,282.2,574.8,32927.5,58.9
2024-07-09 20:48:53,40.000191,-105.263168,2308.6,337.6,583.13,35597,57.9
2024-07-09 20:48:54,40.000183,-105.263184,2364,393.3,577.07,33429.2,58.2
2024-07-09 20:48:56,40.000179,-105.263206,2198,227.3,521.83,22288.1,58.9
2024-07-09 20:48:59,40.000179,-105.263237,2104.5,133.8,466.29,19735.7,57.2
2024-07-09 20:49:00,40.000179,-105.263252,2093.6,122.9,475.11,19638.2,56.9
2024-07-09 20:49:01,40.000179,-105.26326,2081.1,110.4,474.94,14911.9,57.4
2024-07-09 20:49:03,40.000179,-105.263268,2035.6,64.8999999999999,459.2,8734.8,57.4
2024-07-09 20:49:04,40.000179,-105.263268,2021.7,51,455.1,6682.4,60.9
2024-07-09 20:49:06,40.000179,-105.263283,1997.2,26.5,449.9,3901.1,58.9
2024-07-09 20:49:08,40.000172,-105.263306,1977.5,6.79999999999995,449.89,1536.7,59.4
2024-07-09 20:49:10,40.000172,-105.263313,1973.6,2.89999999999986,449.63,490.8,55.9
2024-07-09 20:49:12,40.000172,-105.263321,1974.3,3.59999999999991,437.46,241.2,56.9
2024-07-09 20:49:13,40.000172,-105.263329,1974.5,3.79999999999995,437.58,229.6,68
2024-07-09 20:49:14,40.000172,-105.263329,1974.6,3.89999999999986,437.7,210.3,56.9
2024-07-09 20:49:15,40.000172,-105.263329,1974.5,3.79999999999995,437.2,189.7,54.4
2024-07-09 20:49:17,40.000172,-105.263329,1974,3.29999999999995,437.91,192.7,61.2
2024-07-09 20:49:19,40.000172,-105.263329,1973.7,3,440.57,192.4,54.9
2024-07-09 20:49:24,40.000172,-105.263329,1973.2,2.5,432.36,225,57.4
2024-07-09 20:49:36,40.000172,-105.263329,1973.1,2.39999999999986,421.86,162.7,56.9
2024-07-09 20:49:38,40.000172,-105.263336,1973.5,2.79999999999995,420.09,173.9,56.9
2024-07-09 20:49:40,40.000172,-105.263344,1973.4,2.70000000000005,420.31,262.1,56.9
2024-07-09 20:49:42,40.000172,-105.263351,1974.2,3.5,419.66,211.5,56.4
2024-07-09 20:49:45,40.000172,-105.263351,1974.7,4,419.07,140.1,53.6
2024-07-09 20:50:10,40.000172,-105.263351,1973.1,2.39999999999986,439.74,216.2,62
2024-07-09 20:50:57,40.000149,-105.263496,1973.8,3.29999999999995,442.12,188.7,63.5
2024-07-09 20:50:59,40.000149,-105.263496,1974.8,4.29999999999995,446.15,274.3,56.9
2024-07-09 20:51:01,40.000149,-105.263496,1974.1,3.59999999999991,442.76,220.4,57.4
2024-07-09 20:51:02,40.000149,-105.263496,1976.2,5.70000000000005,436.28,192.4,68
2024-07-09 20:51:03,40.000149,-105.263496,1977.8,7.29999999999995,432.28,172.9,58.2
2024-07-09 20:51:05,40.000149,-105.263496,1972.8,2.29999999999995,430.94,149.1,53.4
2024-07-09 20:51:08,40.000149,-105.263496,1972.9,2.40000000000009,445.49,147.7,54.1
2024-07-09 20:51:11,40.000149,-105.263496,1972.9,2.40000000000009,514.23,157.8,53.4
2024-07-09 20:51:12,40.000149,-105.263496,1973.4,2.90000000000009,538.98,226.1,52.9
2024-07-09 20:51:13,40.000149,-105.263496,1974.6,4.09999999999991,526.64,294.3,52.9
2024-07-09 20:51:14,40.000149,-105.263496,1976,5.5,514.3,323,49.3
2024-07-09 20:51:15,40.000149,-105.263496,1976.8,6.29999999999995,504.95,349.6,56.9
2024-07-09 20:51:17,40.000149,-105.263496,1977.5,7,483.55,383.2,49.8
2024-07-09 20:51:18,40.000149,-105.263496,1976.2,5.70000000000005,469.77,398.8,53.9
2024-07-09 20:51:19,40.000149,-105.263496,1974.9,4.40000000000009,463.69,418.3,49.8
2024-07-09 20:51:21,40.000149,-105.263496,1973.8,3.29999999999995,489.45,354.8,59.7
2024-07-09 20:51:22,40.000149,-105.263496,1973,2.5,474.7,268.1,51.9
2024-07-09 20:51:26,40.000149,-105.263496,1973.6,3.09999999999991,464.19,944.5,53.1
2024-07-09 20:51:29,40.000149,-105.263496,1974.3,3.79999999999995,463.38,944.7,52.9
2024-07-09 20:51:30,40.000149,-105.263496,1974.3,3.79999999999995,460.7,1006.9,53.4
2024-07-09 20:51:31,40.000149,-105.263512,1974.2,3.70000000000005,460.48,1116.6,53.4
2024-07-09 20:51:33,40.000149,-105.263527,1973.8,3.29999999999995,459.96,954.7,53.4
2024-07-09 20:51:34,40.000141,-105.26355,1973.8,3.29999999999995,458.57,816.1,53.4
2024-07-09 20:51:35,40.000141,-105.26358,1973.8,3.29999999999995,455.92,675,63.5
2024-07-09 20:51:36,40.000118,-105.263618,1975.5,5,449.95,533.9,55.4
2024-07-09 20:51:38,40.00008,-105.263649,1976.4,5.90000000000009,438.43,459.9,66.5
2024-07-09 20:51:39,40.000019,-105.263672,1973.6,3.09999999999991,432.89,379.4,54.9
2024-07-09 20:51:45,39.999451,-105.263283,1972.9,2.40000000000009,445.78,736.8,63
2024-07-09 20:51:47,39.99934,-105.263191,1973.3,2.79999999999995,448.76,436,56.4
2024-07-09 20:51:48,39.999222,-105.2631,1972.8,2.29999999999995,443.53,291.8,56.4
2024-07-09 20:51:53,39.998589,-105.262619,1972.8,2.29999999999995,445.71,424.9,56.4
2024-07-09 20:52:22,39.995209,-105.260323,1974.1,2.5,448.02,208.6,57.9
2024-07-09 20:52:24,39.995071,-105.260223,1975.3,3.79999999999995,443.71,187.2,57.9
2024-07-09 20:52:25,39.994942,-105.260117,1975.3,3.79999999999995,439.44,180.9,65.5
2024-07-09 20:52:26,39.994732,-105.259979,1975,3.5,437.3,176,58.7
2024-07-09 20:52:28,39.994518,-105.259827,1974.3,2.79999999999995,433.18,169,55.9
2024-07-09 20:52:29,39.994381,-105.259727,1974.2,2.70000000000005,429.81,165.1,55.9
2024-07-09 20:52:30,39.994228,-105.259628,1974.1,2.59999999999991,427.37,158,55.9
2024-07-09 20:52:31,39.994091,-105.259529,1974,2.5,427.67,150.9,55.4
2024-07-09 20:52:37,39.993279,-105.258957,1974.4,2.90000000000009,435.05,276.6,54.9
2024-07-09 20:52:39,39.99305,-105.258797,1973.8,2.29999999999995,434.37,298.8,56.4
2024-07-09 20:52:45,39.99226,-105.25824,1975.1,3.59999999999991,433.78,202.8,52.4
2024-07-09 20:52:46,39.9921,-105.258133,1976.7,5.20000000000005,432.11,197.6,52.4
2024-07-09 20:52:47,39.991928,-105.258011,1975.6,4.09999999999991,432.64,192.4,52.4
2024-07-09 20:53:00,39.99017,-105.256767,1974.3,2.79999999999995,432.21,366.1,52.9
2024-07-09 20:53:01,39.990028,-105.256653,1974.1,2.59999999999991,431.68,382.5,53.4
2024-07-09 20:53:02,39.98988,-105.256523,1973.8,2.29999999999995,431.65,336.8,53.4
2024-07-09 20:53:07,39.989277,-105.255867,1974.1,2.59999999999991,442.62,235.8,56.1
2024-07-09 20:53:09,39.98909,-105.255623,1976.6,5.09999999999991,441.2,271.2,55.4
2024-07-09 20:53:10,39.988972,-105.255447,1979.1,7.59999999999991,436.43,295.6,55.4
2024-07-09 20:53:11,39.988861,-105.255272,1981.7,10.2,431.66,232.7,54.9
2024-07-09 20:53:12,39.98875,-105.255081,1980.2,8.70000000000005,426.86,167.9,55.4
2024-07-09 20:53:13,39.988651,-105.25489,1976,4.5,422.06,139.2,62.5
2024-07-09 20:53:16,39.988396,-105.254372,1974.8,3.29999999999995,420.33,134.4,54.9
2024-07-09 20:53:18,39.988251,-105.254059,1974.3,2.79999999999995,421.48,141.6,54.9
2024-07-09 20:53:19,39.988152,-105.253853,1974,2.5,427.01,140.1,55.4
2024-07-09 20:53:37,39.986744,-105.251183,1974.4,2.40000000000009,436.3,170.1,61.7
2024-07-09 20:54:07,39.984436,-105.249016,1974.4,2.40000000000009,427.23,205.6,59.9
2024-07-09 20:54:11,39.983978,-105.248611,1974.4,2.40000000000009,432.49,191.6,55.9
2024-07-09 20:54:48,39.979355,-105.244492,1976.7,4.60000000000014,424.63,1581.8,55.9
2024-07-09 20:54:50,39.979053,-105.244232,2009.7,37.6000000000001,433.43,3857.6,52.6
2024-07-09 20:54:52,39.978828,-105.244034,1998.1,26,428.45,4467.2,52.4
2024-07-09 20:54:53,39.97868,-105.243896,1993.6,21.5,427.98,3772.1,52.9
2024-07-09 20:54:54,39.978539,-105.243767,1990.9,18.8000000000002,427.51,2992,63.5
2024-07-09 20:54:55,39.97839,-105.243637,1987.9,15.8000000000002,426.98,2176,69
2024-07-09 20:54:57,39.978249,-105.243507,1981.7,9.60000000000014,427.06,1622.7,64
2024-07-09 20:54:58,39.978111,-105.243393,1982.1,10,428.99,2085.4,57.4
2024-07-09 20:54:59,39.977901,-105.243202,1982.4,10.3000000000002,438.07,5060.2,57.4
2024-07-09 20:55:01,39.977692,-105.243011,2180.6,208.5,508.72,17475,60.9
2024-07-09 20:55:02,39.977558,-105.242889,2181.3,209.2,482.58,28038,66.5
2024-07-09 20:55:04,39.977364,-105.242706,1984.1,11.8999999999999,431.63,11437.2,59.7
2024-07-09 20:55:06,39.977169,-105.242531,1974.8,2.59999999999991,420.94,795.1,66
2024-07-09 20:55:27,39.974667,-105.240143,1976.7,4.40000000000009,418.78,125.9,57.4
2024-07-09 20:55:29,39.974461,-105.239952,1999.8,27.3999999999999,418.98,123.6,57.4
2024-07-09 20:55:30,39.974331,-105.239822,1998.7,26.2,418.96,121,57.4
2024-07-09 20:55:32,39.974136,-105.239632,1983.3,10.7,418.92,126.9,61.7
2024-07-09 20:55:34,39.973873,-105.239372,1979.1,6.5,418.89,121,56.9
2024-07-09 20:55:36,39.973606,-105.239128,1976.5,3.90000000000009,418.84,118.9,57.4
2024-07-09 20:55:38,39.973412,-105.23893,1979.5,6.90000000000009,418.81,118.9,67.5
2024-07-09 20:55:39,39.973282,-105.238792,1980.8,8.20000000000005,418.88,115.8,57.4
2024-07-09 20:55:41,39.973083,-105.238586,1983,10.4000000000001,419.81,552.6,57.2
2024-07-09 20:55:43,39.972881,-105.238388,1987.9,15.3000000000002,422,905.5,56.9
2024-07-09 20:55:44,39.97274,-105.238258,1996.8,24.2,422,1026,57.4
2024-07-09 20:55:45,39.972599,-105.238129,2006.1,33.5,422.1,4013.3,56.9
2024-07-09 20:55:46,39.972469,-105.237999,2008.9,36.3000000000002,426.22,7000.5,57.4
2024-07-09 20:55:47,39.97234,-105.237877,2006.6,34,430.33,6784.6,57.4
2024-07-09 20:55:48,39.972198,-105.237762,2003.6,31,430.46,4305.7,57.4
2024-07-09 20:55:50,39.972061,-105.23764,1993.4,20.8000000000002,426.56,2465.7,57.4
2024-07-09 20:55:51,39.97192,-105.237541,1991.2,18.6000000000001,426.44,2401.6,57.4
2024-07-09 20:55:52,39.971779,-105.237427,1989.2,16.6000000000001,426.41,2703.1,60.4
2024-07-09 20:55:53,39.97163,-105.237343,1992.2,19.6000000000001,427.42,3004.6,57.9
2024-07-09 20:55:55,39.97147,-105.237251,1999.4,26.8000000000002,427.64,3107.6,65
2024-07-09 20:55:56,39.97131,-105.237183,1995.3,22.7,426.28,2756.8,56.9
2024-07-09 20:55:57,39.971066,-105.237099,1991,18.4000000000001,424.41,1969.6,57.4
2024-07-09 20:55:59,39.970821,-105.237038,1976.8,4.20000000000005,420.09,766.1,56.9
2024-07-09 20:56:40,39.964211,-105.237877,1976.5,3.59999999999991,419.97,125.6,59.4
2024-07-09 20:56:41,39.964008,-105.237839,1981.2,8.29999999999995,420.02,123,59.4
2024-07-09 20:56:42,39.96381,-105.237793,1987.3,14.3999999999999,420.07,127.2,59.4
2024-07-09 20:56:43,39.963612,-105.23774,1989.7,16.8,420.24,133.3,59.4
2024-07-09 20:56:45,39.963306,-105.237648,1983.3,10.3999999999999,420.49,148.4,58.9
2024-07-09 20:56:47,39.962898,-105.237503,1976.8,3.89999999999986,420.14,149.8,61.2
2024-07-09 20:57:27,39.95739,-105.232063,1976.6,3.59999999999991,421.93,253.5,57.4
2024-07-09 20:57:29,39.957146,-105.231888,1982.8,9.79999999999995,425.49,356.2,59.4
2024-07-09 20:57:31,39.956806,-105.231682,1983,10,425.96,320.5,57.4
2024-07-09 20:57:33,39.956551,-105.23156,1977.8,4.79999999999995,421.23,244.1,58.4
2024-07-09 20:57:34,39.956371,-105.231499,1977.1,4,421.26,214.4,58.9
2024-07-09 20:57:35,39.9562,-105.231461,1977.4,4.30000000000018,421.29,196.5,56.9
2024-07-09 20:57:36,39.95602,-105.231422,1978.6,5.5,421.82,181.8,56.9
2024-07-09 20:57:38,39.95575,-105.231392,1983.9,10.8000000000002,423.04,232.5,59.9
2024-07-09 20:57:40,39.95549,-105.231392,1979.3,6.20000000000005,423.61,229.2,56.9
2024-07-09 20:57:41,39.955318,-105.2314,1977.4,4.30000000000018,421.97,196.2,57.4
2024-07-09 20:57:42,39.95517,-105.231422,1975.6,2.5,420.34,190.9,56.9
2024-07-09 20:57:54,39.954079,-105.23188,1975.4,2.30000000000018,420.21,167.1,57.4
2024-07-09 20:58:10,39.953838,-105.232033,1976.7,2.90000000000009,420.42,173.5,61.2
2024-07-09 20:58:47,39.953835,-105.232712,1976.3,2.5,421.45,146.8,58.4
2024-07-09 20:58:49,39.9538,-105.232742,1977.2,3.40000000000009,422.68,158,58.2
2024-07-09 20:58:51,39.953773,-105.232773,1976.6,2.79999999999995,422.43,155.2,58.2
2024-07-09 20:58:56,39.953716,-105.232819,1976.4,2.60000000000014,419.83,136.7,56.9
2024-07-09 20:59:38,39.95369,-105.232826,1976.2,2.29999999999995,420.52,168.8,62.7
2024-07-09 20:59:40,39.95369,-105.232826,1976.6,2.69999999999982,420.52,145.4,57.7
2024-07-09 20:59:42,39.95369,-105.232826,1977.1,3.19999999999982,420.15,139.4,57.4
2024-07-09 20:59:44,39.95369,-105.232826,1976.8,2.89999999999986,420.3,157.7,68
2024-07-09 20:59:45,39.95369,-105.232826,1977,3.09999999999991,421.33,172.3,56.9
2024-07-09 20:59:47,39.95369,-105.232826,1977.4,3.5,422.19,180.5,58.4
2024-07-09 20:59:49,39.95369,-105.232826,1977.1,3.19999999999982,421.57,186.5,56.9
2024-07-09 20:59:50,39.95369,-105.232826,1976.5,2.59999999999991,420.99,182.2,56.9
2024-07-09 21:00:07,39.95369,-105.232826,1977,2.40000000000009,419.81,153.7,56.4
2024-07-09 21:00:08,39.95369,-105.232826,1977.1,2.5,420.25,156,67.5
2024-07-09 21:00:09,39.95369,-105.232826,1977.2,2.60000000000014,420.54,150.9,62.5
2024-07-09 21:00:11,39.95369,-105.232826,1977.2,2.60000000000014,419.42,138.7,56.9
2024-07-09 21:00:27,39.95369,-105.232826,2506.3,531.7,437.06,7267.9,59.4
2024-07-09 21:00:28,39.95369,-105.232826,2557.5,582.9,431.87,8259.2,59.9
2024-07-09 21:00:30,39.95369,-105.232826,1995,20.4000000000001,419.37,3482.5,59.9
2024-07-09 21:00:32,39.95369,-105.232826,1983.5,8.90000000000009,419.24,396.3,59.4
2024-07-09 21:00:33,39.95369,-105.232826,1981.9,7.30000000000018,419.37,287,59.9
2024-07-09 21:00:35,39.95369,-105.232826,2115.2,140.6,429,9362.9,70.3
2024-07-09 21:00:37,39.95369,-105.232826,2566.9,592.3,439.12,6423.6,60.7
2024-07-09 21:00:39,39.95369,-105.232826,2044.9,70.3000000000002,423.85,2751.6,64
2024-07-09 21:00:40,39.95369,-105.232826,2011,36.4000000000001,424.92,1728.2,60.9
2024-07-09 21:00:41,39.95369,-105.232826,2000.6,26,426,1423.4,60.9
2024-07-09 21:00:42,39.95369,-105.232826,1994.9,20.3000000000002,428.84,1135.6,60.4
2024-07-09 21:00:44,39.95369,-105.232826,1989,14.4000000000001,433.05,709.4,59.7
2024-07-09 21:00:46,39.95369,-105.232826,1980.7,6.10000000000014,433.84,366.7,57.9
2024-07-09 21:00:49,39.95369,-105.232826,1980.4,5.80000000000018,430,211.3,57.9
2024-07-09 21:00:50,39.95369,-105.232826,1978.7,4.20000000000005,428.19,211.7,68
2024-07-09 21:00:51,39.95369,-105.232826,1977.4,3,427.27,212.6,57.9
2024-07-09 21:00:53,39.95369,-105.232826,1978,3.79999999999995,425.4,169.8,58.2
2024-07-09 21:00:55,39.95369,-105.232826,1976.9,2.70000000000005,418.31,132.3,51.6
2024-07-09 21:01:01,39.95369,-105.232826,1979,5.20000000000005,419.02,734.8,51.9
2024-07-09 21:01:02,39.95369,-105.232826,1982.2,8.40000000000009,422.52,5259.6,63
2024-07-09 21:01:03,39.95369,-105.232826,2042.4,68.6000000000001,441.14,9784.4,51.9
2024-07-09 21:01:04,39.95369,-105.232826,2118.6,144.8,459.75,7209.6,54.9
2024-07-09 21:01:05,39.95369,-105.232826,2116,142.2,445.13,3498.2,56.4
2024-07-09 21:01:07,39.95369,-105.232826,1981.8,8,419.9,890.1,54.9
2024-07-09 21:01:08,39.95369,-105.232826,1981.6,7.79999999999995,420.55,435.9,54.9
2024-07-09 21:01:09,39.95369,-105.232826,1981.4,7.60000000000014,422.98,513.9,57.7
2024-07-09 21:01:11,39.95369,-105.232826,1982.4,8.70000000000005,434.37,444.7,58.4
2024-07-09 21:01:14,39.95369,-105.232826,1976.9,3.20000000000005,425.8,186.2,59.2
2024-07-09 21:01:15,39.95369,-105.232826,1976.8,3.09999999999991,427.72,158.1,60.4
2024-07-09 21:01:17,39.95369,-105.232826,1976.3,2.59999999999991,423.81,142.8,57.9
2024-07-09 21:01:21,39.95369,-105.232826,1977.1,3.39999999999986,437.75,337.3,57.9
2024-07-09 21:01:23,39.95369,-105.232826,1979.9,6.20000000000005,450.29,407.1,63
2024-07-09 21:01:36,39.95369,-105.232826,1976.4,2.70000000000005,424.4,165.4,51.4
2024-07-09 21:01:37,39.95369,-105.232826,1976.8,3.09999999999991,428.54,195.5,52.6
2024-07-09 21:01:39,39.95369,-105.232826,1977.4,3.70000000000005,437.23,201.1,51.4
2024-07-09 21:01:40,39.95369,-105.232826,1977.4,3.70000000000005,438.39,188.6,51.9
2024-07-09 21:01:41,39.95369,-105.232826,1977.5,3.79999999999995,439.55,180.4,50.8
2024-07-09 21:01:42,39.95369,-105.232826,1977.2,3.5,432.55,172.2,50.8
2024-07-09 21:01:44,39.95369,-105.232826,1976.2,2.5,424.23,156.7,50.8
2024-07-09 21:01:45,39.95369,-105.232826,1976.3,2.59999999999991,425.7,163.4,59.9
2024-07-09 21:01:46,39.95369,-105.232826,1976.4,2.70000000000005,427.63,195,48.8
2024-07-09 21:01:47,39.95369,-105.232826,1976.7,3,430.25,226.7,48.8
2024-07-09 21:01:48,39.95369,-105.232826,1977,3.29999999999995,432.5,264.4,48.8
2024-07-09 21:01:49,39.95369,-105.232826,1977,3.29999999999995,430.24,302,48.3
2024-07-09 21:01:50,39.95369,-105.232826,1976.9,3.20000000000005,427.98,287.1,48.8
2024-07-09 21:01:51,39.95369,-105.232826,1976.7,3,425.59,254.7,48.8
2024-07-09 21:01:55,39.95369,-105.232826,1975.6,2.29999999999995,418.91,147.6,46.8
2024-07-09 21:01:56,39.95369,-105.232826,1975.6,2.59999999999991,418.92,147.9,46.8
2024-07-09 21:01:58,39.95369,-105.232826,1975.6,2.59999999999991,419.07,145.2,46.8
2024-07-09 21:02:00,39.95369,-105.232826,1975.5,2.59999999999991,419.81,154.4,47.1
2024-07-09 21:02:02,39.95369,-105.232826,1975.4,2.60000000000014,422.78,916.1,46.8
2024-07-09 21:02:03,39.95369,-105.232826,1978.5,6.09999999999991,428.53,1558,46.8
2024-07-09 21:02:04,39.95369,-105.232826,1982.5,10.2,434.29,3726.7,51.4
2024-07-09 21:02:05,39.95369,-105.232826,1987.5,15.4000000000001,446.4,6173.3,51.9
2024-07-09 21:02:07,39.95369,-105.232826,1997.4,25.8000000000002,456.19,6153.2,51.6
2024-07-09 21:02:09,39.95369,-105.232826,1977.5,5.90000000000009,426.18,2825.9,51.9
2024-07-09 21:02:10,39.95369,-105.232826,1975.2,3.60000000000014,423.61,595.1,51.9
2024-07-09 21:02:11,39.95369,-105.232826,1974.2,2.60000000000014,421.04,334.7,51.9
2024-07-09 21:02:13,39.95369,-105.232826,1973.7,2.70000000000005,421.23,272.4,51.9
2024-07-09 21:02:14,39.95369,-105.232826,1973.7,2.90000000000009,422.03,328.2,53.4
2024-07-09 21:02:16,39.95369,-105.232826,1973.8,3,423.88,330.7,55.9
2024-07-09 21:02:18,39.95369,-105.232826,1973.3,2.5,424.15,298.9,53.9
2024-07-09 21:02:19,39.95369,-105.232826,1973.6,2.79999999999995,436.9,295.2,63.5
2024-07-09 21:02:20,39.95369,-105.232826,1974.2,3.40000000000009,449.64,459.2,63.5
2024-07-09 21:02:21,39.95369,-105.232826,1974.5,3.79999999999995,451.37,674.4,53.9
2024-07-09 21:02:23,39.95369,-105.232826,1974.2,3.90000000000009,447.53,468.5,53.6
2024-07-09 21:02:25,39.95369,-105.232826,1973.7,3.40000000000009,440.54,1316.7,51.1
2024-07-09 21:02:27,39.95369,-105.232826,1975.5,5.20000000000005,452.09,2760.7,58.9
2024-07-09 21:02:28,39.95369,-105.232826,1975.9,5.90000000000009,447.97,3252.9,62.5
2024-07-09 21:02:30,39.95369,-105.232826,1975.5,5.59999999999991,442.67,4108.1,54.4
2024-07-09 21:02:31,39.95369,-105.232826,1977,7.09999999999991,445.64,4237.9,51.9
2024-07-09 21:02:32,39.95369,-105.232826,1978.4,8.5,447.09,3480.5,51.6
2024-07-09 21:02:34,39.95369,-105.232826,1975.6,5.69999999999982,441.68,1873.1,63.5
2024-07-09 21:02:35,39.95369,-105.232826,1974.2,4.29999999999995,439.37,1018,53.4
2024-07-09 21:02:36,39.95369,-105.232826,1972.9,3,437.06,798.4,53.9
2024-07-09 21:02:39,39.95369,-105.232826,1973,3.09999999999991,448.41,1346.2,53.4
2024-07-09 21:02:40,39.95369,-105.232826,1974.3,4.39999999999986,449.25,1703.7,53.4
2024-07-09 21:02:41,39.95369,-105.232826,1975.5,5.59999999999991,450.35,3885.3,62.5
2024-07-09 21:02:42,39.95369,-105.232826,1997.9,28,455.29,6067,53.9
2024-07-09 21:02:43,39.95369,-105.232826,2030.3,60.3999999999999,460.24,7539.8,65
2024-07-09 21:02:44,39.95369,-105.232826,2044.8,74.8999999999999,460.04,8783.8,56.9
2024-07-09 21:02:45,39.95369,-105.232826,2031.1,61.1999999999998,458.43,9122.9,57.4
2024-07-09 21:02:46,39.95369,-105.232826,2019.5,49.7,456.1,8457.9,64
2024-07-09 21:02:48,39.95369,-105.232826,2026.9,57.1000000000001,450.2,11133,56.4
2024-07-09 21:02:49,39.95369,-105.232826,2025.7,55.9000000000001,447.61,13767.1,56.9
2024-07-09 21:02:50,39.95369,-105.232826,2023.5,53.7,445.02,13702.3,58.4
2024-07-09 21:02:51,39.95369,-105.232826,2033.1,63.3,451.56,13300.4,56.9
2024-07-09 21:02:53,39.95369,-105.232826,2064.1,94.3,457.06,14709.5,57.9
2024-07-09 21:02:55,39.95369,-105.232826,2014.2,44.4000000000001,443.88,10479.7,58.7
2024-07-09 21:02:57,39.95369,-105.232826,2012.2,42.4000000000001,438.78,7413.2,70.5
2024-07-09 21:02:58,39.95369,-105.232826,2006,36.2,441.05,8370.8,58.9
2024-07-09 21:02:59,39.95369,-105.232826,1995.8,26,443.32,7977.4,58.9
2024-07-09 21:03:00,39.95369,-105.232826,1987.4,17.6000000000001,440.7,6942.5,59.4
2024-07-09 21:03:02,39.95369,-105.232841,1979.1,9.29999999999995,435.64,5649.4,58.7
2024-07-09 21:03:04,39.95369,-105.232841,2022,52.2,443.61,8098.3,57.9
2024-07-09 21:03:05,39.95369,-105.232841,2020.5,50.7,446.9,10611.5,57.4
2024-07-09 21:03:07,39.95369,-105.232841,2004.6,34.8,453.82,7554.7,59.9
2024-07-09 21:03:08,39.95369,-105.232841,1998.1,28.3,457.51,6341.8,57.4
2024-07-09 21:03:09,39.95369,-105.232841,1993,23.2,458.88,5676.5,61.2
2024-07-09 21:03:11,39.95369,-105.232841,1995.7,25.9000000000001,459.53,5642.2,57.9
2024-07-09 21:03:12,39.95369,-105.232841,1993.1,23.3,464.3,6026.4,57.4
2024-07-09 21:03:14,39.95369,-105.232841,1984.4,14.6000000000001,464.41,2278.5,59.9
2024-07-09 21:03:16,39.95369,-105.232841,1972.4,2.60000000000014,454.14,1220.4,51.6
2024-07-09 21:03:18,39.95369,-105.232841,1972.8,3,446.23,859,55.9
2024-07-09 21:03:21,39.95369,-105.232841,1973,3.20000000000005,458.63,1225.6,51.6
2024-07-09 21:03:22,39.95369,-105.232826,1972.3,2.5,467.44,981.2,51.9
2024-07-09 21:03:35,39.95369,-105.232826,1972.5,2.70000000000005,450.74,183.1,53.4
2024-07-09 21:03:36,39.95369,-105.232826,1974.2,4.40000000000009,452.46,242.2,53.4
2024-07-09 21:03:37,39.95369,-105.232826,1973.8,4,451.29,301.3,65.5
2024-07-09 21:03:38,39.95369,-105.232826,1972.2,2.40000000000009,450.13,264.8,53.9
2024-07-09 21:03:43,39.95369,-105.232826,1972.8,3,450.09,237.1,53.9
2024-07-09 21:03:44,39.95369,-105.232826,1973.3,3.5,442.65,319.2,55.9
2024-07-09 21:03:45,39.95369,-105.232826,1973.5,3.70000000000005,435.21,299.8,49.3
2024-07-09 21:03:46,39.95369,-105.232826,1973.1,3.29999999999995,429.69,260.6,49.3
2024-07-09 21:04:02,39.95369,-105.232826,1973.5,3.70000000000005,427.7,1261.4,50.8
2024-07-09 21:04:04,39.95369,-105.232826,1982.8,13,430.55,2594.8,53.1
2024-07-09 21:04:06,39.95369,-105.232826,1973.5,3.70000000000005,426.94,1737.3,55.4
2024-07-09 21:04:13,39.95369,-105.232826,1973.1,3.29999999999995,428.1,945.4,55.4
2024-07-09 21:04:30,39.95369,-105.232826,1992.6,22.8,420.2,128.3,57.4
2024-07-09 21:04:31,39.95369,-105.232826,2017.5,47.7,421.19,172.1,56.9
2024-07-09 21:04:32,39.95369,-105.232826,2014.2,44.5,421.13,217.5,57.4
2024-07-09 21:04:34,39.95369,-105.232826,1974.1,4.39999999999986,420.4,152.5,56.7
2024-07-09 21:04:59,39.95369,-105.232826,1974.1,4.5,418.35,124.8,59.9
2024-07-09 21:05:00,39.95369,-105.232826,1973.5,4,418.32,131.7,58.4
2024-07-09 21:05:01,39.95369,-105.232826,1973,3.5,418.28,126.7,58.9
2024-07-09 21:05:02,39.95369,-105.232826,1972.2,2.70000000000005,418.17,121.7,58.9
2024-07-09 21:05:24,39.953388,-105.232651,1971.5,2.40000000000009,418.89,119.2,60.4
2024-07-09 21:05:25,39.953388,-105.232597,1971.6,2.5,419.67,117.9,68.5
2024-07-09 21:05:26,39.953411,-105.232559,1971.7,2.60000000000014,420.45,120.8,59.4
2024-07-09 21:05:27,39.95343,-105.232529,1971.9,2.80000000000018,420.24,124.5,59.9
2024-07-09 21:05:29,39.953476,-105.232498,1972.5,3.40000000000009,419.53,129.9,71
2024-07-09 21:05:31,39.953522,-105.23246,1973.6,4.5,418.84,126.8,59.4
2024-07-09 21:05:32,39.953548,-105.23243,1972.7,3.60000000000014,418.78,123,69
2024-07-09 21:06:26,39.949024,-105.235077,1972.6,3.5,425.68,361.9,58.4
2024-07-09 21:06:29,39.948727,-105.235374,1971.5,2.40000000000009,425.17,716.1,63.2
2024-07-09 21:06:59,39.943901,-105.235992,1975.6,6.5,432.37,3165.1,58.2
2024-07-09 21:07:01,39.943501,-105.235878,1985.2,16.1000000000001,444.01,3805.8,57.7
2024-07-09 21:07:03,39.943089,-105.235794,1979.1,10,433.95,2894.8,60.4
2024-07-09 21:07:05,39.942791,-105.235748,1977.7,8.60000000000014,429.69,2309.7,57.9
2024-07-09 21:07:06,39.942581,-105.235733,1977.6,8.5,429.96,2545,57.9
2024-07-09 21:07:08,39.942276,-105.235718,1977.6,8.5,430.54,2841.7,66.8
2024-07-09 21:07:10,39.941872,-105.23571,1975,5.90000000000009,429.82,2433.6,62.5
2024-07-09 21:07:12,39.94157,-105.235733,1976.2,7.10000000000014,430.02,2007.2,57.9
2024-07-09 21:07:13,39.941368,-105.235748,1976,6.90000000000009,429.99,2003.6,57.9
2024-07-09 21:07:14,39.941181,-105.235771,1975.2,6.10000000000014,429.96,1896,66
2024-07-09 21:07:16,39.940979,-105.235802,1974.3,5.20000000000005,427.06,1652.2,59.4
2024-07-09 21:07:17,39.940685,-105.235863,1974,4.90000000000009,426.8,1662.2,59.4
2024-07-09 21:07:19,39.940399,-105.235924,1977.4,8.30000000000018,429.82,2182.1,58.9
2024-07-09 21:07:20,39.940201,-105.23597,1979.5,10.4000000000001,431.32,2657.8,59.4
2024-07-09 21:07:21,39.94001,-105.236008,1981.9,12.8000000000002,432.81,3065.7,58.9
2024-07-09 21:07:22,39.939812,-105.236053,1982,12.9000000000001,431.87,3456.4,68.5
2024-07-09 21:07:23,39.939621,-105.236099,1978.8,9.70000000000005,430.35,3155.2,70
2024-07-09 21:07:24,39.93943,-105.236137,1975.8,6.70000000000005,428.1,2136.5,58.9
2024-07-09 21:07:26,39.939232,-105.236183,1972.1,3,423.92,1244.9,59.9
2024-07-09 21:07:27,39.939041,-105.236229,1975.4,6.30000000000018,427.57,1162.3,59.9
2024-07-09 21:07:28,39.938839,-105.236267,1979.6,10.5,431.23,2871.6,59.4
2024-07-09 21:07:29,39.938648,-105.236313,1982.3,13.2,437.36,4701.4,60.4
2024-07-09 21:07:31,39.938358,-105.236382,1984.2,15.1000000000001,441.77,3698.7,59.4
2024-07-09 21:07:33,39.937969,-105.236465,1978.8,9.70000000000005,431.96,2828.1,58.9
2024-07-09 21:07:35,39.937679,-105.236526,1979.4,10.3000000000002,431.66,3981.2,60.4
2024-07-09 21:07:36,39.937481,-105.236572,1980.5,11.4000000000001,436.62,5166.1,60.9
2024-07-09 21:07:37,39.93729,-105.236618,1981.9,12.8000000000002,441.58,4307.3,63.5
2024-07-09 21:07:38,39.937099,-105.236649,1980.8,11.7,435.9,2990.8,66.5
2024-07-09 21:07:40,39.936798,-105.236702,1972.8,3.70000000000005,424.82,1480,60.2
2024-07-09 21:07:42,39.936508,-105.236748,1973.6,4.5,424.91,1179.9,60.4
2024-07-09 21:07:43,39.93631,-105.236763,1974.7,5.60000000000014,424.59,1288.6,69
2024-07-09 21:07:44,39.936008,-105.236778,1975.9,6.80000000000018,424.73,2781.8,60.9
2024-07-09 21:07:47,39.935604,-105.236778,1986.7,17.6000000000001,443.59,4620.2,60.7
2024-07-09 21:07:49,39.935299,-105.236763,1983.1,14,436.38,4117.3,59.9
2024-07-09 21:07:50,39.935089,-105.23674,1985.1,16,437.15,3833.9,59.9
2024-07-09 21:07:52,39.934776,-105.236702,1987,17.9000000000001,437.48,4876.3,60.4
2024-07-09 21:07:53,39.93446,-105.236641,1985.7,16.6000000000001,437.13,4903.8,64
2024-07-09 21:07:54,39.934238,-105.23658,1983.5,14.4000000000001,435.69,4783.9,71
2024-07-09 21:07:56,39.933914,-105.236481,1976.5,7.40000000000009,431.55,2357,63.7
2024-07-09 21:07:58,39.93359,-105.236366,1974.2,5.10000000000014,426.85,2130.7,59.9
2024-07-09 21:07:59,39.93338,-105.236298,1977.3,8.20000000000005,431.83,3105.1,59.9
2024-07-09 21:08:00,39.933159,-105.236229,1981.6,12.5,436.81,4431.9,59.9
2024-07-09 21:08:01,39.932949,-105.23616,1985.4,16.3000000000002,447.01,5828,59.4
2024-07-09 21:08:03,39.93264,-105.236069,1990.5,21.4000000000001,455.95,5034.2,59.9
2024-07-09 21:08:05,39.932339,-105.23597,1980,10.8,434.96,3246.4,59.4
2024-07-09 21:08:06,39.93214,-105.235909,1977.8,8.59999999999991,430.58,2361.6,59.4
2024-07-09 21:08:08,39.93185,-105.235817,1974.5,5.29999999999995,425.41,1316.6,65.2
2024-07-09 21:08:10,39.931465,-105.235687,1973.5,4.29999999999995,427.53,1546.1,59.7
2024-07-09 21:08:12,39.93108,-105.235573,1976.8,7.59999999999991,434.17,1937,61.7
2024-07-09 21:08:14,39.93079,-105.235474,1975.8,6.5,429.27,2536.2,58.9
2024-07-09 21:08:15,39.930592,-105.235413,1977.3,8,432.85,2950,69
2024-07-09 21:08:16,39.930401,-105.235352,1979.9,10.6000000000001,436.43,3382.2,58.4
2024-07-09 21:08:17,39.93021,-105.235298,1981.2,11.9000000000001,437.09,3821.5,62
2024-07-09 21:08:19,39.930019,-105.235237,1979,8.5,435.31,2841.2,58.9
2024-07-09 21:08:20,39.929852,-105.235184,1978.7,6.60000000000014,432.08,2051.2,58.9
2024-07-09 21:08:21,39.92968,-105.235107,1978.4,6.30000000000018,429.09,2334.8,58.9
2024-07-09 21:08:22,39.929531,-105.235062,1978.2,6.10000000000014,428.51,2618.5,58.9
2024-07-09 21:08:23,39.92939,-105.235008,1978.1,6,427.93,2533.9,66.5
2024-07-09 21:08:24,39.92926,-105.234962,1978.3,6.20000000000005,428.23,2345.5,62.5
2024-07-09 21:08:26,39.929073,-105.234901,1979.6,7.5,430.31,2189.5,64.2
2024-07-09 21:08:28,39.928921,-105.234848,1986.2,14.1000000000001,435.62,3914.8,58.9
2024-07-09 21:08:29,39.928829,-105.234818,1987.6,17.1999999999998,438.39,5401.8,59.4
2024-07-09 21:08:31,39.928719,-105.234787,1987.1,16.6999999999998,437.75,4254.5,62
2024-07-09 21:08:33,39.928623,-105.234756,1980.5,10.0999999999999,431.82,3126.7,65.7
2024-07-09 21:08:35,39.92857,-105.234734,1978.1,7.69999999999982,431.2,2491.7,59.7
2024-07-09 21:08:37,39.928551,-105.234734,1985.1,14.6999999999998,432.04,2958.3,59.4
2024-07-09 21:08:38,39.928539,-105.234718,1986.2,15.8,432.31,3611.8,61.4
2024-07-09 21:08:40,39.928524,-105.234718,1986.4,16,434.4,5857.8,59.2
2024-07-09 21:08:42,39.928516,-105.234718,1989.4,19,437.99,5701.5,58.9
2024-07-09 21:08:44,39.928509,-105.234718,1989.1,18.8,437.68,5061,58.9
2024-07-09 21:08:45,39.928509,-105.234718,1986.7,16.4000000000001,435.31,4991.2,58.9
2024-07-09 21:08:46,39.928509,-105.234718,1983.5,13.4000000000001,432.94,4627.2,58.9
2024-07-09 21:08:47,39.928509,-105.234718,1982.8,12.8,434.24,4203.8,59.9
2024-07-09 21:08:49,39.928509,-105.234718,1988.5,18.5,437.85,4669.2,58.9
2024-07-09 21:08:50,39.928509,-105.234718,1987.4,17.7,439.22,5067.9,68.5
2024-07-09 21:08:51,39.928509,-105.234711,1986.3,16.7,440.27,4507.4,59.9
2024-07-09 21:08:52,39.928501,-105.234711,1987,17.4000000000001,439.43,3947,67.5
2024-07-09 21:08:53,39.928478,-105.234711,1988.3,18.7,438.59,4123.2,58.9
2024-07-09 21:08:54,39.928452,-105.234688,1990,20.4000000000001,438.82,4433.5,58.4
2024-07-09 21:08:55,39.92841,-105.234673,1992.2,22.6000000000001,439.21,4699.9,60.4
2024-07-09 21:08:56,39.92836,-105.234627,1993,23.4000000000001,438.52,4933.6,59.4
2024-07-09 21:08:58,39.928322,-105.234573,1984.2,14.6000000000001,434.43,3624.2,59.4
2024-07-09 21:08:59,39.92828,-105.234489,1979.9,10.3000000000002,429.3,2526,60.9
2024-07-09 21:09:00,39.928261,-105.234383,1975.6,6,424.61,2217.9,58.4
2024-07-09 21:09:01,39.928261,-105.234261,1976,6.40000000000009,427.53,1909.8,58.9
2024-07-09 21:09:02,39.928268,-105.234131,1979.1,9.5,430.46,2211.5,67
2024-07-09 21:09:03,39.928268,-105.233994,1981.9,12.3000000000002,432.56,2773.3,64.5
2024-07-09 21:09:05,39.928268,-105.233841,1986.2,16.6000000000001,434.4,3434.7,58.4
2024-07-09 21:09:06,39.928268,-105.233681,1984.1,14.5,432.27,3648.3,69.5
2024-07-09 21:09:07,39.928268,-105.233521,1982.1,12.5,430.73,3626.5,58.4
2024-07-09 21:09:08,39.928261,-105.233337,1983.7,14.1000000000001,433.42,3604.7,58.9
2024-07-09 21:09:09,39.928249,-105.233162,1986.6,17,436.12,3348.1,58.9
2024-07-09 21:09:10,39.92823,-105.232971,1986.8,17.2,433.31,3040.6,59.9
2024-07-09 21:09:12,39.9282,-105.23278,1979.2,9.60000000000014,428.88,2756.2,58.4
2024-07-09 21:09:13,39.928169,-105.23259,1980.4,10.8000000000002,432.16,2618.7,58.9
2024-07-09 21:09:14,39.928131,-105.232391,1981.7,12.1000000000001,434.01,2007.4,57.9
2024-07-09 21:09:15,39.928082,-105.232201,1979.2,9.60000000000014,427.71,1396.1,58.4
2024-07-09 21:09:16,39.928009,-105.232002,1975.5,5.90000000000009,421.41,1504.8,58.4
2024-07-09 21:09:17,39.92794,-105.231812,1975.8,6.20000000000005,423.53,1775.8,58.4
2024-07-09 21:09:19,39.927814,-105.231514,1987.4,17.8000000000002,429.61,2933.9,64.7
2024-07-09 21:09:21,39.92767,-105.231239,1983.8,14.2,431.18,3572.7,57.9
2024-07-09 21:09:22,39.92757,-105.231056,1981.5,11.9000000000001,430.21,3625.5,58.9
2024-07-09 21:09:23,39.927448,-105.230881,1979,9.40000000000009,429.24,2864.9,57.9
2024-07-09 21:09:24,39.92733,-105.230721,1977.6,8,427.99,2008.8,63
2024-07-09 21:09:26,39.927135,-105.230476,1977.3,7.70000000000005,425.63,1338,58.9
2024-07-09 21:09:28,39.926929,-105.230247,1979.5,9.90000000000009,426.5,3218.6,58.4
2024-07-09 21:09:29,39.926781,-105.230087,1984.8,15.2,434.18,4767.1,66.5
2024-07-09 21:09:30,39.92664,-105.229942,1990.4,20.8000000000002,441.39,4816.6,66.5
2024-07-09 21:09:31,39.926491,-105.229782,1991,21.4000000000001,438.6,4866,59.9
2024-07-09 21:09:33,39.926331,-105.22963,1985.5,15.9000000000001,434.11,3413.2,59.4
2024-07-09 21:09:34,39.926182,-105.229469,1984.5,14.9000000000001,433.02,3072.8,59.4
2024-07-09 21:09:35,39.925941,-105.229225,1983.6,14,433.7,4001.5,59.2
2024-07-09 21:09:37,39.925701,-105.228973,1990.2,20.6000000000001,440.92,4838.7,59.4
2024-07-09 21:09:38,39.925529,-105.228798,1985.9,16.3000000000002,434.1,4783.5,59.4
2024-07-09 21:09:40,39.925285,-105.228546,1972.5,2.90000000000009,425.18,1530.5,59.2
2024-07-09 21:09:51,39.92371,-105.226913,1975.7,6.10000000000014,432.25,5035.9,58.9
2024-07-09 21:09:52,39.92355,-105.226738,1995.2,25.6000000000001,461.39,8799.9,58.9
2024-07-09 21:09:53,39.923382,-105.22657,2016.4,46.8000000000002,488.8,7233.6,71
2024-07-09 21:09:54,39.923222,-105.226402,2010.5,40.9000000000001,460.03,5618.9,58.9
2024-07-09 21:09:55,39.923061,-105.226227,1987.1,17.5,431.26,3681.8,58.9
2024-07-09 21:10:32,39.917919,-105.22084,1972.3,2.70000000000005,419.32,118.8,59.9
2024-07-09 21:10:33,39.917759,-105.220673,1972.2,2.60000000000014,419.02,120.9,59.4
2024-07-09 21:10:35,39.917519,-105.220413,1972.6,3,418.83,131.1,60.7
2024-07-09 21:10:37,39.917278,-105.220161,1975.6,6,419.08,131.2,71
2024-07-09 21:10:38,39.917122,-105.219994,1975.9,6.30000000000018,419.15,129.4,59.9
2024-07-09 21:10:39,39.916897,-105.219734,1976.2,6.60000000000014,419.15,126.6,62.2
2024-07-09 21:10:41,39.916672,-105.219482,1977.5,7.90000000000009,418.9,128,59.9
2024-07-09 21:10:42,39.916538,-105.219299,1979.3,9.70000000000005,419.02,131.9,59.4
2024-07-09 21:10:43,39.916409,-105.219116,1981.7,12.1000000000001,419.13,129.1,59.9
2024-07-09 21:10:44,39.916279,-105.218941,1982.9,13.3000000000002,419.21,124.5,69
2024-07-09 21:10:46,39.916161,-105.21875,1982.4,12.8000000000002,420.63,146.3,59.4
2024-07-09 21:10:47,39.91605,-105.218567,1983.6,14,423.12,156.9,60.4
2024-07-09 21:10:48,39.915932,-105.218384,1984.8,15.2,425.32,149.3,59.4
2024-07-09 21:10:49,39.915821,-105.218193,1984.6,15,426.72,141.7,66
2024-07-09 21:10:50,39.915699,-105.218002,1984.3,14.7,428.11,157.2,60.4
2024-07-09 21:10:51,39.915588,-105.217812,1984.3,14.7,429.75,173.9,59.4
2024-07-09 21:10:53,39.915409,-105.217522,1983.5,13.9000000000001,428.57,155,61.2
2024-07-09 21:10:55,39.915241,-105.217239,1976.7,7.10000000000014,420.87,136,63.5
2024-07-09 21:10:56,39.915131,-105.217049,1976.8,7.20000000000005,420.09,128.7,57.9
2024-07-09 21:10:58,39.914967,-105.216766,1977.5,7.90000000000009,419.12,127.7,57.9
2024-07-09 21:11:00,39.914761,-105.216377,1979,9.40000000000009,418.89,132.4,59.7
2024-07-09 21:11:02,39.914619,-105.216087,1979.8,10.2,418.99,135.3,59.4
2024-07-09 21:11:03,39.914532,-105.215889,1988.7,19.1000000000001,419.01,135.5,57.9
2024-07-09 21:11:04,39.914421,-105.215599,1997.6,28,418.98,130.2,62.2
2024-07-09 21:11:06,39.91431,-105.215309,2001.5,31.9000000000001,418.48,125.4,61.4
2024-07-09 21:11:07,39.914242,-105.215118,2001.7,32.1000000000001,418.67,127.2,56.9
2024-07-09 21:11:09,39.914181,-105.214928,1999.9,30.3000000000002,419,122.8,56.9
2024-07-09 21:11:10,39.914131,-105.214752,1998.2,28.6000000000001,418.83,120.4,56.9
2024-07-09 21:11:11,39.914082,-105.214561,1996.5,26.9000000000001,418.68,124.9,60.4
2024-07-09 21:11:12,39.914051,-105.214394,1994,24.4000000000001,418.65,129.5,56.9
2024-07-09 21:11:13,39.914021,-105.214218,1991.3,21.7,418.61,129.2,63.5
2024-07-09 21:11:15,39.913979,-105.214012,1986.6,17,419.74,136.8,58.2
2024-07-09 21:11:16,39.91396,-105.213837,1984.5,14.8,420.63,150.4,65.5
2024-07-09 21:11:18,39.913925,-105.213707,1980.4,10.7,421.74,145.9,58.7
2024-07-09 21:11:20,39.913891,-105.213593,1978,8.29999999999995,419.08,130.1,58.4
2024-07-09 21:11:21,39.91386,-105.213539,1977.6,7.89999999999986,418.93,123.9,57.9
2024-07-09 21:11:22,39.913818,-105.213516,1977.4,7.70000000000005,418.78,120.9,62
2024-07-09 21:11:23,39.913792,-105.213516,1977.2,7.5,418.81,118.8,57.9
2024-07-09 21:11:25,39.913746,-105.213547,1976.9,7.20000000000005,418.9,120,59.2
2024-07-09 21:11:28,39.913715,-105.213654,1978.5,8.79999999999995,418.97,119.5,62.5
2024-07-09 21:11:30,39.913712,-105.213768,1976.3,6.59999999999991,418.88,122.9,58.9
2024-07-09 21:11:31,39.913712,-105.21386,1976.4,6.70000000000005,418.68,123.8,58.9
2024-07-09 21:11:32,39.913719,-105.213913,1976.4,6.70000000000005,418.73,123.9,60.4
2024-07-09 21:11:34,39.913731,-105.213966,1976,6.29999999999995,418.96,121.7,58.9
2024-07-09 21:11:35,39.913738,-105.21402,1974.9,5.20000000000005,418.77,120,64.5
2024-07-09 21:11:37,39.913765,-105.214088,1973.3,3.5,418.59,115.7,59.2
2024-07-09 21:11:39,39.913784,-105.21418,1973.2,3.40000000000009,418.65,125.4,59.2
2024-07-09 21:11:41,39.913799,-105.214241,1972.3,2.5,418.71,127.4,58.9
2024-07-09 21:12:06,39.913849,-105.214828,1972.6,2.29999999999995,418.74,119,58.4
2024-07-09 21:12:07,39.913849,-105.214828,1972.8,2.5,418.69,124.4,58.4
2024-07-09 21:12:08,39.913849,-105.214828,1972.9,2.60000000000014,418.63,123.4,60.9
2024-07-09 21:12:09,39.913849,-105.214828,1973.1,2.79999999999995,418.53,122.3,58.4
2024-07-09 21:12:10,39.913849,-105.214828,1973.4,3.10000000000014,418.43,122.7,58.9
2024-07-09 21:12:11,39.913849,-105.214828,1973.6,3.29999999999995,418.65,123.8,70
2024-07-09 21:12:13,39.913849,-105.214828,1973.9,3.60000000000014,419.19,131.9,58.4
2024-07-09 21:12:14,39.913849,-105.214828,1974.3,4,419.27,136.8,58.4
2024-07-09 21:12:15,39.913849,-105.214828,1974.6,4.29999999999995,419.34,130.4,58.4
2024-07-09 21:12:16,39.913849,-105.214828,1974.4,4.10000000000014,419.22,124,58.4
2024-07-09 21:12:17,39.913849,-105.214828,1973.8,3.5,419.1,123.3,68.5
2024-07-09 21:12:18,39.913849,-105.214828,1973.3,3,419.22,125,61.4
2024-07-09 21:12:20,39.913849,-105.214828,1972.7,2.40000000000009,419.55,127,58.4
2024-07-09 21:13:54,39.913849,-105.214828,1972.4,2.30000000000018,435.54,143.2,58.7
2024-07-09 21:14:17,39.913849,-105.214828,1973.6,3.5,478.11,540.5,58.2
2024-07-09 21:14:19,39.913849,-105.214828,1973.3,3.20000000000005,474.28,592.6,60.4
2024-07-09 21:14:20,39.913849,-105.214828,1973.2,3.10000000000014,470.87,580,58.4
2024-07-09 21:14:21,39.913849,-105.214828,1973.1,3,467.62,558.6,59.4
2024-07-09 21:14:22,39.913849,-105.214828,1973.3,3.20000000000005,465.67,537.3,57.9
2024-07-09 21:14:24,39.913849,-105.214828,1974.7,4.60000000000014,465.31,424.1,55.6
2024-07-09 21:14:26,39.913849,-105.214828,1978.6,8.5,465.76,543.5,53.4
2024-07-09 21:14:27,39.913849,-105.214828,1980,9.90000000000009,461.27,581.3,53.9
2024-07-09 21:14:28,39.913849,-105.214828,1981.4,11.3000000000002,456.51,469.3,53.4
2024-07-09 21:14:29,39.913849,-105.214828,1978.3,8.20000000000005,451.15,357.2,52.9
2024-07-09 21:14:31,39.913849,-105.214828,1973.2,3.10000000000014,445.3,212.9,53.4
2024-07-09 21:14:33,39.913849,-105.214828,1973.3,3.20000000000005,445.05,187.5,53.1
2024-07-09 21:14:35,39.913849,-105.214828,1977.6,7.5,444.4,169.9,49.3
2024-07-09 21:14:36,39.913849,-105.214828,1975.8,5.70000000000005,438.46,156.8,50.3
2024-07-09 21:14:37,39.913849,-105.214828,1974,3.90000000000009,432.74,149.2,50.3
2024-07-09 21:14:38,39.913849,-105.214828,1972.7,2.60000000000014,428.69,141.7,51.9
2024-07-09 21:14:46,39.913849,-105.214828,1972.5,2.5,437.39,177.1,55.9
2024-07-09 21:14:47,39.913849,-105.214828,1972.4,2.5,433.41,164.9,54.9
2024-07-09 21:14:53,39.913849,-105.214828,1972.2,2.29999999999995,431.68,137,54.9
2024-07-09 21:14:54,39.913849,-105.214828,1972.2,2.29999999999995,426.49,138,56.4
2024-07-09 21:18:01,39.913261,-105.18573,1972.8,2.89999999999986,418.46,111,57.9
2024-07-09 21:18:02,39.913212,-105.185463,1972.3,2.39999999999986,418.4,320,56.9
2024-07-09 21:18:04,39.91309,-105.184929,1973.4,3.5,420.1,2773.7,68
2024-07-09 21:18:05,39.91301,-105.184669,1975.5,5.59999999999991,421.56,3394.3,57.9
2024-07-09 21:18:06,39.91293,-105.18441,1984.2,14.3,431.82,3921,68.5
2024-07-09 21:18:08,39.912788,-105.184021,2007.2,37.3,443.64,7149.8,57.4
2024-07-09 21:18:10,39.912628,-105.183632,1974.9,5,431.26,3791.3,57.4
2024-07-09 21:18:11,39.912521,-105.18338,1972.6,2.69999999999982,425.2,425.8,66.5
2024-07-09 21:18:15,39.912102,-105.182457,1973,3,431.05,167.1,58.4
2024-07-09 21:18:17,39.91193,-105.18206,1972.7,2.70000000000005,424.16,143.7,56.4
2024-07-09 21:18:33,39.910412,-105.178703,1975.5,5.5,433.41,388.5,57.9
2024-07-09 21:18:34,39.910309,-105.178482,1974.2,4.20000000000005,444.08,500.6,57.9
2024-07-09 21:18:35,39.91016,-105.178139,1972.8,2.79999999999995,449.51,332.4,58.2
2024-07-09 21:18:49,39.909088,-105.175446,1972.3,2.29999999999995,443.25,222.3,57.7
2024-07-09 21:18:58,39.908821,-105.173553,1973.3,3.20000000000005,455.05,179.1,63
2024-07-09 21:19:00,39.908821,-105.173203,1975.2,5.10000000000014,506.42,217.8,57.4
2024-07-09 21:19:01,39.908829,-105.172974,1974.7,4.60000000000014,493.43,235.1,57.4
2024-07-09 21:19:02,39.90884,-105.172737,1973.6,3.5,480.43,249.4,69
2024-07-09 21:19:03,39.908852,-105.172508,1972.6,2.39999999999986,469.34,262.7,56.9
2024-07-09 21:19:44,39.909954,-105.167999,1974.2,3.79999999999995,548.55,281.5,64
2024-07-09 21:19:47,39.910046,-105.167679,1975.1,4.69999999999982,431.87,450.1,63
2024-07-09 21:19:48,39.91011,-105.16745,1976.3,5.89999999999986,427.24,496.9,59.4
2024-07-09 21:19:49,39.910149,-105.167297,1977.2,6.79999999999995,427.75,532.5,65.5
2024-07-09 21:19:51,39.91021,-105.167076,1983.7,13.3,451.43,1718.5,59.2
2024-07-09 21:19:53,39.910275,-105.166786,2048.9,78.5,536.23,25220.5,63.5
2024-07-09 21:19:55,39.910343,-105.166542,2143,172.5,670.4,39828.9,60.2
2024-07-09 21:19:57,39.910389,-105.166382,2063.7,93.1999999999998,524.25,30419.4,59.9
2024-07-09 21:19:58,39.910412,-105.16629,2016.8,46.3,495.13,22836.2,59.9
2024-07-09 21:20:00,39.910431,-105.166199,2020.3,49.8,480,11322.2,59.9
2024-07-09 21:20:01,39.91045,-105.166122,2007.3,36.8,460.82,6739,59.4
2024-07-09 21:20:02,39.910461,-105.166054,1994.1,23.5999999999999,443.5,5499.9,60.4
2024-07-09 21:20:03,39.91045,-105.16597,1989.4,18.9000000000001,441.64,4260.8,59.9
2024-07-09 21:20:05,39.910412,-105.165871,1989.3,18.8,439.71,4375.4,59.9
2024-07-09 21:20:07,39.910294,-105.165771,2001.2,30.7,463.82,12044.5,59.9
2024-07-09 21:20:09,39.910172,-105.165741,2028.6,58.0999999999999,561.59,10757.4,59.9
2024-07-09 21:20:10,39.91008,-105.165741,2015.1,44.5999999999999,500.34,4702,71
2024-07-09 21:20:11,39.909981,-105.165741,1990.1,19.5999999999999,439.08,2567.6,59.9
2024-07-09 21:20:12,39.909859,-105.165733,1974.7,4.20000000000005,426.1,1494.4,59.9
2024-07-09 21:20:14,39.90974,-105.165733,1980.4,9.90000000000009,431.06,590,59.4
2024-07-09 21:20:15,39.909611,-105.165733,2078.6,108.1,448.07,2861.2,58.9
2024-07-09 21:20:16,39.90947,-105.165733,2176.8,206.3,464.41,19024.6,58.9
2024-07-09 21:20:17,39.909328,-105.165733,2173.6,203.1,477.97,35188,58.9
2024-07-09 21:20:18,39.909168,-105.165733,2147,176.5,491.53,29711.3,59.9
2024-07-09 21:20:19,39.909019,-105.165718,2117.8,147.3,484.14,21450.2,59.4
2024-07-09 21:20:21,39.908775,-105.165718,2053.6,83.0999999999999,458.78,10866.6,63.5
2024-07-09 21:20:23,39.90852,-105.165718,1979.9,9.40000000000009,425.79,3711.1,62.5
2024-07-09 21:20:24,39.908352,-105.165718,1976.1,5.59999999999991,423.44,812.8,57.9
2024-07-09 21:20:25,39.908081,-105.16571,1973.2,2.70000000000005,421.27,600.9,61.7
2024-07-09 21:21:00,39.901756,-105.165672,1987.7,17.2,450.09,162.6,58.9
2024-07-09 21:21:02,39.901421,-105.165672,2093.5,122.8,453.39,4758.2,58.9
2024-07-09 21:21:03,39.901192,-105.165672,2043.1,72.3999999999999,438.03,7916.9,59.9
2024-07-09 21:21:04,39.90097,-105.165672,1991.1,20.3999999999999,423.56,4563.2,57.4
2024-07-09 21:21:05,39.900742,-105.165657,1973.6,2.89999999999986,422.92,1209.6,60.9
2024-07-09 21:21:13,39.899212,-105.165657,1979.8,8.79999999999995,433.54,735.4,57.9
2024-07-09 21:21:14,39.898998,-105.165657,1980,9,428.77,523.1,69
2024-07-09 21:21:15,39.898781,-105.165657,1975.4,4.40000000000009,422.43,393.9,57.9
2024-07-09 21:21:19,39.898151,-105.165657,2060.3,89.3000000000002,483.43,2132.9,58.4
2024-07-09 21:21:20,39.897942,-105.165649,2170.9,199.9,534.2,10419.3,64.5
2024-07-09 21:21:21,39.897732,-105.165649,2177.1,206.1,503.15,20307.5,57.9
2024-07-09 21:21:23,39.8974,-105.165642,1986,15,437.74,8981.5,58.2
2024-07-09 21:21:25,39.897072,-105.165642,1974.9,3.90000000000009,425.77,750.8,59.4
2024-07-09 21:21:26,39.896851,-105.165642,1973.4,2.40000000000009,423.12,414.3,58.9
2024-07-09 21:22:00,39.890526,-105.165588,1977.9,6.80000000000018,445.23,1003.2,58.9
2024-07-09 21:22:02,39.890106,-105.165588,1996.7,25.5,465.56,2655.3,59.2
2024-07-09 21:22:04,39.88979,-105.165581,1997.5,26.3,493.88,2258.9,60.9
2024-07-09 21:22:05,39.88958,-105.165581,1990.1,18.8,496.18,1480.4,69
2024-07-09 21:22:06,39.889359,-105.165581,1982.4,11.1000000000001,496.68,984.5,58.9
2024-07-09 21:22:07,39.889149,-105.165581,1978.7,7.29999999999995,478.39,488.6,59.4
2024-07-09 21:22:09,39.888836,-105.165581,1975.2,3.79999999999995,456.7,247.7,59.4
2024-07-09 21:22:11,39.888416,-105.165581,1973.9,2.5,451.46,183.6,59.4
2024-07-09 21:22:14,39.88789,-105.165573,1973.9,2.30000000000018,436.44,156.8,59.4
2024-07-09 21:22:16,39.887573,-105.165573,1976,4.40000000000009,438.44,321.5,56.1
2024-07-09 21:22:18,39.88715,-105.165573,1980.1,8.39999999999986,440.87,4005.3,55.9
2024-07-09 21:22:19,39.886829,-105.165573,1983.5,11.8,445.45,5657,63.5
2024-07-09 21:22:20,39.88662,-105.165558,1986.8,15.0999999999999,446.89,3539.9,57.9
2024-07-09 21:22:22,39.886421,-105.165558,1977.3,5.59999999999991,422.86,1025.8,55.9
2024-07-09 21:22:23,39.886211,-105.165558,1974.8,3.09999999999991,422.77,951.5,56.4
2024-07-09 21:22:24,39.886009,-105.165558,1975.7,4,424.32,1621.2,54.9
2024-07-09 21:22:25,39.885811,-105.165558,1980.7,9,435.09,2845.3,60.4
2024-07-09 21:22:28,39.885502,-105.165558,2005.4,33.7,441.28,4451.8,55.6
2024-07-09 21:22:29,39.885094,-105.165558,1983.9,12.2,424.48,2753.4,60.7
2024-07-09 21:22:48,39.881626,-105.165535,1977.5,5.59999999999991,468.96,854.5,55.1
2024-07-09 21:22:50,39.881161,-105.165527,2006.5,34.5999999999999,478.38,6353.2,61.4
2024-07-09 21:22:52,39.88081,-105.165527,2056.2,84.2999999999997,506.95,11645.3,54.9
2024-07-09 21:22:53,39.880569,-105.165527,2054.2,82.2999999999997,499.01,12492.7,55.9
2024-07-09 21:22:55,39.880219,-105.165527,2010.5,38.5999999999999,479.92,6772.6,61.4
2024-07-09 21:22:57,39.879742,-105.16552,1981.8,9.89999999999986,456.67,2256.8,59.7
2024-07-09 21:23:01,39.879028,-105.16552,1974.9,3,437.68,674,55.9
2024-07-09 21:23:02,39.878681,-105.16552,1976.3,4.29999999999995,437.77,808.1,56.9
2024-07-09 21:23:04,39.87833,-105.16552,1977.4,5.40000000000009,437.08,922.4,56.9
2024-07-09 21:23:06,39.877979,-105.165512,1976,3.90000000000009,442.55,879.6,56.4
2024-07-09 21:23:07,39.877739,-105.165512,1976,3.90000000000009,447.26,826.1,67.5
2024-07-09 21:23:09,39.877392,-105.165512,1976.7,4.60000000000014,452.84,795.8,56.7
2024-07-09 21:23:11,39.876926,-105.165497,1975.7,3.60000000000014,453.16,726,56.9
2024-07-09 21:23:13,39.876579,-105.165497,1974.4,2.30000000000018,456.6,575.1,56.9
2024-07-09 21:23:34,39.872681,-105.16552,1975.2,2.40000000000009,462.31,356.5,59.4
2024-07-09 21:23:38,39.871899,-105.16552,1976.2,3.29999999999995,432.91,1285,49.8
2024-07-09 21:23:39,39.871712,-105.16552,2011.1,38.1999999999998,460.57,2261.6,49.8
2024-07-09 21:23:41,39.871422,-105.165512,2077.9,105,483.04,11822.9,49.3
2024-07-09 21:23:43,39.871132,-105.165512,2039.6,66.6999999999998,468.05,18849.4,55.4
2024-07-09 21:23:44,39.870941,-105.165512,2068.8,95.9000000000001,477.48,20734.1,49.3
2024-07-09 21:23:45,39.870739,-105.165512,2097.9,125.1,482.26,18756.9,54.9
2024-07-09 21:23:46,39.870548,-105.165497,2078.7,106,470.89,16779.7,53.9
2024-07-09 21:23:47,39.870361,-105.165497,2046.7,74.2,459.52,13082.3,54.9
2024-07-09 21:23:48,39.870159,-105.165489,2024.6,52.3999999999999,451.45,9025,53.9
2024-07-09 21:23:50,39.869877,-105.165489,2003.5,31.4000000000001,440.74,6502.3,54.6
2024-07-09 21:23:52,39.869591,-105.165489,1998.2,26.5,439.75,3958.9,54.4
2024-07-09 21:23:53,39.8694,-105.165497,1992.2,20.9000000000001,436.76,2220.6,54.9
2024-07-09 21:23:55,39.869122,-105.165504,1981.3,10.2,438.33,1613.1,55.6
2024-07-09 21:23:57,39.868759,-105.165512,1975.2,4.40000000000009,440.27,832.6,59.9
2024-07-09 21:23:59,39.868401,-105.165497,1973.4,2.90000000000009,433.99,660.2,54.9
2024-07-09 21:24:01,39.868118,-105.165497,1991.2,21.9000000000001,445.93,1502.3,54.9
2024-07-09 21:24:02,39.867939,-105.165489,1989.8,20.5,443.52,2237,54.4
2024-07-09 21:24:03,39.867748,-105.165489,1984.3,15,441.11,3336.6,54.4
2024-07-09 21:24:04,39.867561,-105.165489,1988.8,19.5,462.14,4535.7,62
2024-07-09 21:24:06,39.867275,-105.165489,2029.5,60.2,499.41,10296.1,56.4
2024-07-09 21:24:09,39.866905,-105.165482,2013.7,44.4000000000001,490.99,10934,52.1
2024-07-09 21:24:11,39.866535,-105.165482,2017,47.7,499.56,9061.2,57.4
2024-07-09 21:24:13,39.866165,-105.165474,2011.9,42.6000000000001,497.02,7609.4,56.1
2024-07-09 21:24:15,39.865891,-105.165466,1992.1,22.8,473.72,6718.5,45.8
2024-07-09 21:24:16,39.865711,-105.165459,1996.4,27.1000000000001,480.23,6416.3,46.3
2024-07-09 21:24:17,39.86552,-105.165459,2002.8,33.5,486.73,6203.8,45.3
2024-07-09 21:24:18,39.865341,-105.165451,2001,31.7,473.96,5995.5,46.8
2024-07-09 21:24:20,39.865059,-105.165451,1989.1,19.8,460.4,5349.7,46.3
2024-07-09 21:24:22,39.864792,-105.165451,1995.7,26.4000000000001,468.98,5380,45.8
2024-07-09 21:24:23,39.864609,-105.165443,1995.1,25.8,468.5,5617.4,45.8
2024-07-09 21:24:24,39.864429,-105.165443,1994.6,25.3,469.13,6577.1,41.3
2024-07-09 21:24:25,39.86425,-105.165443,2003.5,34.2,479.93,7536.8,41.3
2024-07-09 21:24:27,39.863983,-105.165443,2018.8,49.5,483.09,8479.1,41.3
2024-07-09 21:24:29,39.863674,-105.165436,1995.6,26.3,460.52,5498.5,51.9
2024-07-09 21:24:31,39.8634,-105.165428,1980,10.7,438.19,2269.6,41.5
2024-07-09 21:24:34,39.863178,-105.165428,1975.9,6.60000000000014,436.72,1457.8,47.8
2024-07-09 21:24:36,39.863014,-105.165428,1976.7,7.40000000000009,441.66,1313.8,46.8
2024-07-09 21:24:38,39.862896,-105.165428,1979.5,10.2,440.16,1249,42
2024-07-09 21:24:41,39.862816,-105.165428,2001.2,31.9000000000001,440.47,2548.5,41.5
2024-07-09 21:24:42,39.86277,-105.165428,2028.5,59.2,446.6,13898.3,41.3
2024-07-09 21:24:43,39.862751,-105.165428,2039.7,70.4000000000001,467.33,26688,51.9
2024-07-09 21:24:45,39.862724,-105.165428,2029.4,60.1000000000001,486.72,15894.5,48.1
2024-07-09 21:24:47,39.862671,-105.165428,1997,27.7,455.96,6813.6,47.3
2024-07-09 21:24:48,39.862621,-105.165428,2000.6,31.3,476.92,5638.2,47.3
2024-07-09 21:24:49,39.862549,-105.165428,2006.3,37,497.91,4461.4,49.3
2024-07-09 21:24:50,39.862469,-105.165428,2005.7,36.4000000000001,519.74,3284.7,58.9
2024-07-09 21:24:52,39.86232,-105.165428,1996.9,27.6000000000001,533.53,1799.9,47.8
2024-07-09 21:24:54,39.862171,-105.165428,1991.7,22.4000000000001,494.92,1147.8,47.8
2024-07-09 21:24:55,39.862061,-105.165428,1986.8,17.5,484.43,976.5,51.4
2024-07-09 21:24:56,39.861938,-105.165428,1981.8,12.5,474.89,865.5,50.3
2024-07-09 21:24:57,39.861832,-105.165428,1981.3,12,475.68,754.5,60.9
2024-07-09 21:24:59,39.861721,-105.165428,1985.8,16.5,479.58,2316.5,50.3
2024-07-09 21:25:00,39.861546,-105.165428,1990.9,21.6000000000001,483.2,2765.1,50.8
2024-07-09 21:25:01,39.861359,-105.165443,1997.1,27.8,481.82,2805.2,49.8
2024-07-09 21:25:03,39.861229,-105.165443,2019.9,50.6000000000001,481.36,8614.6,50.3
2024-07-09 21:25:04,39.861111,-105.165451,2040.1,70.8,506.47,13130.7,48.8
2024-07-09 21:25:05,39.860981,-105.165451,2061.1,91.8,530.44,11672.4,48.3
2024-07-09 21:25:06,39.860851,-105.165459,2054.6,85.3,526.59,10214.2,48.3
2024-07-09 21:25:07,39.860722,-105.165459,2029.9,60.6000000000001,522.73,8081.7,48.8
2024-07-09 21:25:08,39.8606,-105.165466,2009.2,39.9000000000001,506.54,5568.2,48.3
2024-07-09 21:25:09,39.86047,-105.165466,1997.9,28.6000000000001,484.77,3709.3,48.8
2024-07-09 21:25:10,39.860352,-105.165466,1986.7,17.4000000000001,470.42,2896.3,48.8
2024-07-09 21:25:12,39.860229,-105.165482,1980.5,11.2,462.11,1656,48.3
2024-07-09 21:25:13,39.860111,-105.165482,1977.9,8.60000000000014,458.34,1224.8,48.3
2024-07-09 21:25:15,39.860001,-105.165482,1973.7,4.40000000000009,447.6,646.2,50.8
2024-07-09 21:25:16,39.859879,-105.165466,1972.2,2.90000000000009,438.47,454.7,50.3
2024-07-09 21:25:35,39.857601,-105.16539,1972.2,2.90000000000009,432.1,172.2,58.9
2024-07-09 21:25:36,39.857471,-105.165382,1971.7,2.40000000000009,428.27,175.3,71
2024-07-09 21:25:40,39.857006,-105.165367,1972,2.70000000000005,444.44,321.3,61.4
2024-07-09 21:25:44,39.856602,-105.165367,1974.5,5.20000000000005,431.8,412,58.9
2024-07-09 21:25:45,39.85648,-105.165367,1974.5,5.20000000000005,436.35,609.8,58.9
2024-07-09 21:25:47,39.856297,-105.165367,1971.6,2.29999999999995,437.61,369.3,58.7
2024-07-09 21:26:07,39.853561,-105.165321,1973,3.70000000000005,451.64,381.7,61.4
2024-07-09 21:26:08,39.853401,-105.165321,1974.2,4.90000000000009,466.86,460.8,66
2024-07-09 21:26:09,39.853249,-105.165321,1975.4,6.10000000000014,482.07,910.9,53.9
2024-07-09 21:26:10,39.853088,-105.165321,1976.4,7.10000000000014,479.24,1516.1,54.9
2024-07-09 21:26:12,39.85294,-105.165321,1977.7,8.40000000000009,466.5,1453.1,54.9
2024-07-09 21:26:13,39.852791,-105.165321,1977.8,8.5,471.26,1149.7,54.9
2024-07-09 21:26:14,39.85265,-105.165329,1977.9,8.60000000000014,476.85,922,41.3
2024-07-09 21:26:15,39.852501,-105.165329,1979.4,10.1000000000001,491.04,694.3,41.3
2024-07-09 21:26:16,39.85236,-105.165337,1981.7,12.4000000000001,505.22,902.2,46.3
2024-07-09 21:26:17,39.852219,-105.165337,1981.8,12.5,494.12,1241.7,44.8
2024-07-09 21:26:19,39.852032,-105.165352,1975.4,6.10000000000014,459.69,801.4,45.3
2024-07-09 21:26:21,39.85181,-105.165352,1973.2,3.90000000000009,431.25,355.3,42
2024-07-09 21:26:23,39.851681,-105.165352,1973.6,4.29999999999995,446.27,221,42.8
2024-07-09 21:26:24,39.851608,-105.165352,1973.6,4.29999999999995,444.61,188.7,41.8
2024-07-09 21:26:26,39.851528,-105.165352,1972.8,3.5,441.08,207.7,46.6
2024-07-09 21:26:28,39.851452,-105.165352,1973.7,4.40000000000009,449.53,220.8,41.3
2024-07-09 21:26:29,39.851391,-105.165352,1974.2,4.90000000000009,447.31,212.1,41.8
2024-07-09 21:26:30,39.851318,-105.165352,1974.9,5.60000000000014,445.09,242.5,41.8
2024-07-09 21:26:31,39.851238,-105.165352,1975.6,6.29999999999995,447.8,281.3,41.3
2024-07-09 21:26:33,39.851109,-105.165352,1976.9,7.60000000000014,448.88,268.4,42.3
2024-07-09 21:26:35,39.85091,-105.165352,1973.9,4.60000000000014,435.74,312,62.2
2024-07-09 21:26:37,39.850685,-105.165359,1975.1,5.79999999999995,447.8,317,51.1
2024-07-09 21:26:40,39.850441,-105.165359,1992.1,22.8,439.92,513.8,50.6
2024-07-09 21:26:42,39.850239,-105.165359,1988.2,18.9000000000001,444.53,433.7,50.8
2024-07-09 21:26:44,39.850159,-105.165359,1987.6,18.3,497.5,314.6,52.4
2024-07-09 21:26:45,39.850121,-105.165359,1986.2,16.9000000000001,486.12,317,52.4
2024-07-09 21:26:47,39.850052,-105.165359,1983.3,14,473.65,322,52.4
2024-07-09 21:26:49,39.849991,-105.165359,1982.6,13.3,474.11,318,52.9
2024-07-09 21:26:50,39.849949,-105.165359,1982.1,12.8,474.32,311.3,52.4
2024-07-09 21:26:51,39.849911,-105.165359,1981.7,12.4000000000001,472.59,291.9,52.4
2024-07-09 21:26:52,39.849861,-105.165359,1982.1,12.8,465.36,272.6,52.4
2024-07-09 21:26:53,39.849812,-105.165359,1982.7,13.4000000000001,458.13,335.8,52.4
2024-07-09 21:26:54,39.849758,-105.165352,1982.8,13.5,462,403.4,52.4
2024-07-09 21:26:56,39.849686,-105.165352,1983.4,13.7,469.53,794.8,57.4
2024-07-09 21:26:58,39.849609,-105.165352,1988.3,18.3999999999999,471.4,571.6,51.9
2024-07-09 21:26:59,39.84956,-105.165352,1988.3,18.3999999999999,463.52,339.4,53.9
2024-07-09 21:27:00,39.84951,-105.165352,1988.2,18.3,454.6,254.8,52.4
2024-07-09 21:27:01,39.849461,-105.165352,1987,17.0999999999999,440.39,170.2,54.4
2024-07-09 21:27:03,39.849403,-105.165352,1984.5,14.5,423.65,131.4,59.4
2024-07-09 21:27:05,39.84935,-105.165352,1984.2,14.1000000000001,422.46,129.9,56.7
2024-07-09 21:27:07,39.849312,-105.165352,1982.5,12.4000000000001,425.91,137.1,51.4
2024-07-09 21:27:09,39.849281,-105.165352,1984.8,14.7,453.2,135.1,58.9
2024-07-09 21:27:10,39.849258,-105.165352,1985,14.9000000000001,446.83,129.1,50.8
2024-07-09 21:27:12,39.849232,-105.165352,1984.4,14.3000000000002,435.61,139.7,51.4
2024-07-09 21:27:14,39.849186,-105.165352,1983.9,13.8000000000002,429.55,135.6,51.6
2024-07-09 21:27:16,39.84914,-105.165352,1984.4,14,432.11,129.4,52.9
2024-07-09 21:27:17,39.84911,-105.165352,1985.2,14.8,431.43,128.9,64
2024-07-09 21:27:18,39.849079,-105.165352,1986.2,15.8,430.76,168.8,57.4
2024-07-09 21:27:19,39.849049,-105.165352,1986.7,16.3,428.65,222,52.4
2024-07-09 21:27:21,39.848991,-105.165352,1986.4,15.6000000000001,425.15,220.1,58.2
2024-07-09 21:27:23,39.848911,-105.165352,1987,16.0999999999999,425.98,174.4,57.2
2024-07-09 21:27:25,39.848839,-105.165352,1984.8,13.7,428.8,185.5,56.4
2024-07-09 21:27:26,39.848782,-105.165352,1985,13.9000000000001,439.88,222.3,57.4
2024-07-09 21:27:27,39.848721,-105.165352,1986,14.5999999999999,450.95,235.9,65.5
2024-07-09 21:27:28,39.84866,-105.165337,1986.8,14,448.42,235.3,59.4
2024-07-09 21:27:30,39.848598,-105.165337,1987.3,14.3,433.35,207.7,54.9
2024-07-09 21:27:31,39.848541,-105.165337,1987.4,14.2,439.11,187.1,54.4
2024-07-09 21:27:32,39.848454,-105.165337,1987.5,13.9000000000001,444.1,188.3,60.2
2024-07-09 21:27:35,39.848373,-105.165337,1988.9,15.3000000000002,426.8,144.4,53.6
2024-07-09 21:27:37,39.848335,-105.165337,1988.3,14.5999999999999,420.19,160.1,53.4
2024-07-09 21:27:39,39.848316,-105.165329,1986.9,13,421.84,150.3,54.9
2024-07-09 21:27:41,39.848309,-105.165329,1985.7,11.5,420.27,120.1,53.4
2024-07-09 21:27:42,39.848309,-105.165329,1984.8,10.5999999999999,420.03,115.5,56.9
2024-07-09 21:27:44,39.848309,-105.165329,1982.6,8.39999999999986,420,119.6,55.4
2024-07-09 21:27:45,39.848309,-105.165329,1983,8.79999999999995,420.34,122.9,54.9
2024-07-09 21:27:46,39.848309,-105.165329,1983.4,9.20000000000005,420.6,125.1,58.4
2024-07-09 21:27:47,39.848309,-105.165329,1983.1,8.89999999999986,420.64,127.2,66.5
2024-07-09 21:27:48,39.848309,-105.165329,1982.8,8.59999999999991,420.68,128.5,54.9
2024-07-09 21:27:49,39.848309,-105.165329,1982.7,8.5,421.23,129.7,54.9
2024-07-09 21:27:51,39.848309,-105.165329,1982.5,8.29999999999995,421.13,125.7,60.4
2024-07-09 21:27:53,39.848305,-105.165329,1981.5,7.29999999999995,420.7,133.8,60.4
2024-07-09 21:27:55,39.848289,-105.165329,1980.8,6.59999999999991,426.56,133.9,60.2
2024-07-09 21:27:57,39.848289,-105.165329,1981.2,6.29999999999995,430.58,131.9,57.9
2024-07-09 21:27:58,39.848289,-105.165329,1981,5.90000000000009,428.71,137.4,58.4
2024-07-09 21:28:00,39.848289,-105.165329,1979,3.90000000000009,423.73,129,60.2
2024-07-09 21:28:02,39.848289,-105.165329,1979.4,4.30000000000018,419.44,121.5,60.9
2024-07-09 21:28:03,39.848289,-105.165329,1979.6,4.5,419.29,120.4,69
2024-07-09 21:28:05,39.848289,-105.165329,1979.4,4.30000000000018,419.54,114.8,64
2024-07-09 21:28:07,39.848289,-105.165329,1977.7,2.5,420.25,115.9,58.9
2024-07-09 21:28:09,39.848289,-105.165329,1978,2.79999999999995,420.32,113.1,58.2
2024-07-09 21:28:23,39.848068,-105.165321,1977.5,2.29999999999995,437,136.8,58.9
2024-07-09 21:28:25,39.847988,-105.165321,1977.4,2.30000000000018,436.56,138.8,62.2
2024-07-09 21:28:30,39.8479,-105.165321,1977.3,2.5,432.4,137.9,58.9
2024-07-09 21:28:32,39.847889,-105.165321,1977.4,2.60000000000014,427.9,142.5,71
2024-07-09 21:28:33,39.847889,-105.165321,1977.7,2.90000000000009,430.7,149.8,58.9
2024-07-09 21:28:34,39.847889,-105.165321,1978,3.29999999999995,433.5,146.2,65
2024-07-09 21:28:35,39.847889,-105.165321,1978,3.29999999999995,432.86,140.8,58.9
2024-07-09 21:28:37,39.847889,-105.165321,1977.2,2.5,428.25,124.8,58.7
2024-07-09 21:28:39,39.847889,-105.165321,1977.5,2.79999999999995,419.69,119.9,63.5
2024-07-09 21:28:41,39.847889,-105.165321,1977.8,3.09999999999991,419.1,116.4,58.4
2024-07-09 21:28:42,39.847889,-105.165321,1978.2,3.5,419.25,112.2,58.4
2024-07-09 21:28:43,39.847889,-105.165321,1978.6,3.89999999999986,419.41,111.7,68
2024-07-09 21:28:44,39.847889,-105.165321,1979.1,4.39999999999986,419.3,112.4,58.4
2024-07-09 21:28:46,39.847889,-105.165321,1980.2,5.5,419.75,115.7,57.4
2024-07-09 21:28:48,39.847889,-105.165321,1979.8,5.09999999999991,422.76,120.2,63
2024-07-09 21:28:50,39.847889,-105.165321,1979.9,5.20000000000005,426.62,128.6,57.4
2024-07-09 21:28:51,39.847889,-105.165321,1979.4,4.70000000000005,424.52,135.3,56.9
2024-07-09 21:28:53,39.847889,-105.165321,1977.4,2.70000000000005,420.55,126.3,62.7
2024-07-09 21:28:55,39.847889,-105.165321,1977.3,2.59999999999991,419.69,120.5,60.2
2024-07-09 21:28:57,39.847889,-105.165321,1977.2,2.5,418.71,116.4,59.4
2024-07-09 21:28:58,39.847889,-105.165321,1977.2,2.5,418.7,112.4,64
2024-07-09 21:29:00,39.847889,-105.165321,1977.2,2.5,418.79,113.8,59.9
2024-07-09 21:29:04,39.847889,-105.165321,1977,2.29999999999995,418.77,114.8,59.4
2024-07-09 21:29:05,39.847889,-105.165321,1979.2,4.5,419.68,116.5,62
2024-07-09 21:29:07,39.847889,-105.165321,1985,10.3,420.54,123.6,62
2024-07-09 21:29:08,39.847889,-105.165321,1985.5,10.8,420.09,126.9,59.2
2024-07-09 21:29:09,39.847889,-105.165321,1985.9,11.2,420.04,129.7,58.9
2024-07-09 21:29:11,39.847889,-105.165321,1990.2,15.5,421.02,127.2,58.9
2024-07-09 21:29:12,39.847889,-105.165321,1988,13.3,423.04,122.3,58.4
2024-07-09 21:29:14,39.847889,-105.165321,1983.2,8.5,424.35,140.4,58.2
2024-07-09 21:29:16,39.847889,-105.165321,1992.1,17.3999999999999,421.97,137.9,60.4
2024-07-09 21:29:18,39.847889,-105.165321,1990,15.3,420.53,137.7,63.7
2024-07-09 21:29:21,39.847885,-105.165321,1983.9,9.30000000000018,426.01,132.6,58.2
2024-07-09 21:29:23,39.847881,-105.165321,1981,6.40000000000009,429.96,193.7,59.2
2024-07-09 21:29:29,39.847881,-105.165321,1976.5,2.5,419.47,128,66
2024-07-09 21:29:30,39.847881,-105.165321,1977,3,422.4,135.5,57.4
2024-07-09 21:29:32,39.847858,-105.165321,1977.8,3.89999999999986,425.52,137.9,57.4
2024-07-09 21:29:43,39.847679,-105.165321,1976.6,2.79999999999995,418.59,116,56.9
2024-07-09 21:29:44,39.847672,-105.165321,1976.3,2.5,418.83,118.9,58.4
2024-07-09 21:30:09,39.847607,-105.165321,1977.8,4.09999999999991,426.89,1133.4,57.9
2024-07-09 21:30:11,39.847561,-105.165321,1988.7,15,434.56,1549.7,59.4
2024-07-09 21:30:13,39.84753,-105.165321,1979.9,6.20000000000005,424.85,1189,57.9
2024-07-09 21:30:14,39.8475,-105.165321,1977.8,4.09999999999991,422.42,833.3,69.5
2024-07-09 21:30:20,39.847328,-105.165321,1978.8,5.09999999999991,424.55,753,58.9
2024-07-09 21:30:21,39.847279,-105.165321,1977.9,4.20000000000005,425.04,935.9,57.9
2024-07-09 21:30:22,39.84724,-105.165314,1977,3.29999999999995,425.16,657.7,57.4
2024-07-09 21:30:23,39.847198,-105.165321,1976.3,2.59999999999991,423.1,379.4,69
2024-07-09 21:30:25,39.847141,-105.165321,1982.8,9.09999999999991,446.17,1004.9,56.1
2024-07-09 21:30:27,39.84708,-105.165321,2008.9,35.2,500.19,10077.7,68
2024-07-09 21:30:28,39.847038,-105.165321,2009.5,35.8,524.78,13251.1,55.9
2024-07-09 21:30:29,39.847012,-105.165321,2010.2,36.5,532.71,7813,56.4
2024-07-09 21:30:30,39.84697,-105.165321,2001,27.3,489.85,2375,56.4
2024-07-09 21:30:32,39.846905,-105.165314,1981.7,8,463.57,1054.9,56.4
2024-07-09 21:30:34,39.846809,-105.165314,1982.7,9,498.13,576.6,77.4
2024-07-09 21:30:36,39.846741,-105.165314,1983,9.29999999999995,455.86,897.2,69.5
2024-07-09 21:30:37,39.846691,-105.165314,1987.7,14,504.74,1367.3,69
2024-07-09 21:30:38,39.84663,-105.165314,1993.1,19.5,553.61,1293.2,68.5
2024-07-09 21:30:39,39.846581,-105.165314,1990.6,17.0999999999999,507.83,1192.9,68
2024-07-09 21:30:41,39.846489,-105.165314,1978.4,4.90000000000009,467.27,867.3,70.5
2024-07-09 21:30:43,39.846371,-105.165314,1985,11.5,508.89,891.1,68.5
2024-07-09 21:30:45,39.846279,-105.165314,1987.8,14.3,496.23,1149.1,66
2024-07-09 21:30:46,39.84623,-105.165314,1984.6,11.0999999999999,476.25,1306.7,66.5
2024-07-09 21:30:48,39.846142,-105.165314,1976.8,3.29999999999995,446.82,400,67.3
2024-07-09 21:31:11,39.845539,-105.165329,1976.4,2.90000000000009,423.27,131.3,57.4
2024-07-09 21:31:13,39.845539,-105.165329,1976.9,3.40000000000009,425.36,128.4,57.2
2024-07-09 21:31:20,39.845539,-105.165329,1976.4,2.90000000000009,420,128.2,59.4
2024-07-09 21:31:27,39.845539,-105.165329,1979,5.5,431.51,114.2,68.3
2024-07-09 21:31:29,39.845524,-105.165329,1989.7,16.2,431.25,130.7,62.5
2024-07-09 21:31:31,39.845509,-105.165329,1976.7,3.20000000000005,418.68,126.3,57.4
2024-07-09 21:31:32,39.84549,-105.165329,1975.6,2.29999999999995,418.41,117.2,68.5
2024-07-09 21:31:39,39.845268,-105.165329,1981.8,8.89999999999986,452.06,862.9,57.4
2024-07-09 21:31:41,39.8452,-105.165329,1989.8,16.8999999999999,453.84,5769.7,59.9
2024-07-09 21:31:43,39.845089,-105.165329,1986.7,13.8,446.81,6412.8,57.4
2024-07-09 21:31:45,39.844978,-105.165329,1976.9,4,441.49,2460.7,59.9
2024-07-09 21:31:50,39.844761,-105.165321,1977.7,4.79999999999995,433.96,594,54.6
2024-07-09 21:31:54,39.84457,-105.165321,1975.3,2.5,444.63,180.2,54.4
2024-07-09 21:31:56,39.844521,-105.165321,1975.9,3.20000000000005,437.93,184.9,52.9
2024-07-09 21:31:57,39.84449,-105.165321,1975.5,2.90000000000009,435.52,197,53.9
2024-07-09 21:31:58,39.84446,-105.165321,1974.9,2.30000000000018,433.11,210.8,60.4
2024-07-09 21:32:03,39.84441,-105.165321,1974.9,2.40000000000009,428.52,147.9,59.4
2024-07-09 21:32:05,39.844398,-105.165321,1975.9,3.40000000000009,430.98,150.4,58.4
2024-07-09 21:32:07,39.844398,-105.165321,1976.7,4.20000000000005,439.64,149.8,56.4
2024-07-09 21:32:08,39.844398,-105.165321,1976.2,3.70000000000005,436.36,147.6,65
2024-07-09 21:32:17,39.844398,-105.165321,1974.8,2.5,450.92,280.9,58.4
2024-07-09 21:32:19,39.844398,-105.165321,1977.4,5.10000000000014,461.76,485.5,65
2024-07-09 21:32:20,39.844398,-105.165321,1976.8,4.5,454.89,585.5,56.4
2024-07-09 21:32:21,39.844398,-105.165321,1976.3,4,449.28,535.1,68
2024-07-09 21:32:22,39.844379,-105.165321,1976.2,3.90000000000009,453.37,484.7,56.4
2024-07-09 21:32:24,39.844341,-105.165321,1976.8,4.5,451.96,268.8,58.2
2024-07-09 21:32:26,39.844238,-105.165321,1979.8,7.5,438.08,166.9,52.4
2024-07-09 21:32:28,39.844139,-105.165321,1981.7,9.40000000000009,428.92,212.3,52.4
2024-07-09 21:32:29,39.84407,-105.165321,1980.4,8.10000000000014,436.4,270.2,60.9
2024-07-09 21:32:30,39.844009,-105.165321,1978.4,6.10000000000014,443.87,300,52.4
2024-07-09 21:32:31,39.84396,-105.165321,1977,4.70000000000005,441.8,324,51.9
2024-07-09 21:32:33,39.843884,-105.165314,1975.8,3.5,434.85,259.8,52.6
2024-07-09 21:32:35,39.843811,-105.165314,1976.1,3.79999999999995,430.26,216.7,51.9
2024-07-09 21:32:36,39.843761,-105.165314,1976.2,3.90000000000009,433.36,210.8,51.9
2024-07-09 21:32:37,39.843712,-105.165314,1976.3,4,436.23,184.8,52.4
2024-07-09 21:32:38,39.843681,-105.165314,1975.9,3.60000000000014,432.67,158.8,51.9
2024-07-09 21:32:40,39.843643,-105.165314,1974.8,2.5,433.02,164.6,53.4
2024-07-09 21:32:42,39.843624,-105.165314,1977.9,5.60000000000014,446.14,276.1,57.4
2024-07-09 21:32:44,39.84362,-105.165314,2002.1,29.8,445.46,331.3,55.9
2024-07-09 21:32:45,39.84362,-105.165314,2003.2,30.9000000000001,444.46,304.1,55.9
2024-07-09 21:32:47,39.84362,-105.165314,1991.4,19.1000000000001,441.08,320,61.2
2024-07-09 21:32:49,39.84362,-105.165314,1979.2,6.90000000000009,438.31,273,55.9
2024-07-09 21:32:52,39.84362,-105.165314,1976.9,4.60000000000014,443.73,191.8,60.4
2024-07-09 21:32:54,39.84362,-105.165314,1976.2,3.90000000000009,439.08,199,55.6
2024-07-09 21:32:56,39.84362,-105.165314,1975.2,2.90000000000009,436.19,194.8,57.4
2024-07-09 21:32:57,39.84362,-105.165314,1975.2,2.90000000000009,434.88,189.3,55.9
2024-07-09 21:32:58,39.84362,-105.165314,1975.1,2.79999999999995,434.01,182.6,58.9
2024-07-09 21:33:19,39.84362,-105.165314,1976,3.70000000000005,441.23,264.9,60.4
2024-07-09 21:33:21,39.84362,-105.165314,1976,3.70000000000005,435.06,297.6,68
2024-07-09 21:33:22,39.84362,-105.165314,1974.8,2.5,432.22,291.6,60.4
2024-07-09 21:33:51,39.843151,-105.165298,1976.2,3.90000000000009,430.86,186,62.5
2024-07-09 21:33:52,39.84309,-105.165291,1979.9,7.60000000000014,437.07,214.5,57.9
2024-07-09 21:33:53,39.842995,-105.165291,1983.7,11.4000000000001,441.6,218.9,62
2024-07-09 21:33:55,39.84288,-105.165291,1980.1,7.79999999999995,438.15,194.2,57.9
2024-07-09 21:33:56,39.8428,-105.165291,1978.1,5.79999999999995,432.43,161.4,57.4
2024-07-09 21:33:58,39.842674,-105.165298,1975.5,3.20000000000005,426.14,142.9,58.2
2024-07-09 21:34:00,39.842541,-105.165291,1978.1,5.79999999999995,428.81,123.9,57.9
2024-07-09 21:34:01,39.842442,-105.165291,1977.7,5.40000000000009,423.55,111.7,58.4
2024-07-09 21:34:02,39.84235,-105.165291,1977.2,4.90000000000009,418.53,108.8,58.9
2024-07-09 21:34:03,39.842251,-105.165291,1978.7,6.40000000000009,418.69,105.9,57.9
2024-07-09 21:34:05,39.842094,-105.165291,1982,9.70000000000005,420.51,125.4,60.7
2024-07-09 21:34:07,39.841873,-105.165291,1977.8,5.5,424.62,163.6,55.9
2024-07-09 21:34:09,39.84169,-105.165291,1977.3,5,427.48,153.8,66
2024-07-09 21:34:10,39.841572,-105.165291,1977.2,4.90000000000009,425.85,130.8,55.9
2024-07-09 21:34:11,39.841438,-105.165291,1977.1,4.79999999999995,424.22,133.7,56.4
2024-07-09 21:34:12,39.841301,-105.165291,1976.4,4.10000000000014,422.82,143.3,55.9
2024-07-09 21:34:16,39.84087,-105.165291,1975.6,3.29999999999995,422.03,136.7,56.9
2024-07-09 21:34:17,39.84071,-105.165291,1975.9,3.60000000000014,424.05,144.5,56.9
2024-07-09 21:34:18,39.840561,-105.165291,1976.2,3.90000000000009,426.09,140.9,58.9
2024-07-09 21:34:19,39.840401,-105.165283,1975.6,3.29999999999995,430.31,137,56.9
2024-07-09 21:34:25,39.839516,-105.165268,1974.8,2.5,430.03,151.8,56.7
2024-07-09 21:34:42,39.837238,-105.16523,1975.9,3.40000000000009,440.91,171.1,57.9
2024-07-09 21:34:44,39.837029,-105.16523,1980.2,7.70000000000005,445.85,173.5,63.2
2024-07-09 21:34:46,39.836819,-105.16523,1977.6,5.09999999999991,446.9,188.9,58.4
2024-07-09 21:34:47,39.836689,-105.16523,1976.5,4,447.88,194.6,57.9
2024-07-09 21:34:48,39.836552,-105.16523,1975.3,2.79999999999995,446.62,184.5,69
2024-07-09 21:34:49,39.836411,-105.16523,1974.8,2.29999999999995,437.99,174.4,58.4
2024-07-09 21:34:53,39.835926,-105.16523,1976,3.5,438.01,186.4,63.5
2024-07-09 21:34:55,39.835701,-105.16523,1976.7,4.20000000000005,438.99,179.4,60.9
2024-07-09 21:34:56,39.835541,-105.165222,1977,4.5,438.82,184.3,61.4
2024-07-09 21:34:57,39.835381,-105.165222,1977.3,4.70000000000005,439.19,180.7,58.4
2024-07-09 21:34:58,39.835209,-105.165222,1977.2,4.60000000000014,449.15,177.1,58.4
2024-07-09 21:34:59,39.835049,-105.165222,1977,4.20000000000005,459.11,281.6,58.9
2024-07-09 21:35:00,39.834881,-105.165222,1979.6,6.79999999999995,468.15,418.3,57.9
2024-07-09 21:35:02,39.834625,-105.165222,1992.3,19.3999999999999,473.21,1612,58.2
2024-07-09 21:35:04,39.83437,-105.165222,1980.9,7.90000000000009,443.02,1563.8,64.5
2024-07-09 21:35:05,39.83419,-105.165222,1979,5.79999999999995,444.04,991.5,53.9
2024-07-09 21:35:06,39.834019,-105.165222,1977.9,4.60000000000014,445.05,694.3,53.9
2024-07-09 21:35:07,39.833839,-105.16523,1976.7,3.40000000000009,445.02,434.4,53.9
2024-07-09 21:35:11,39.833195,-105.165237,1976.1,2.59999999999991,443.39,296,54.4
2024-07-09 21:35:14,39.832722,-105.165253,1976.1,2.5,438.28,331.7,54.9
2024-07-09 21:35:15,39.832531,-105.165253,1977.9,4.20000000000005,440.95,327.2,55.9
2024-07-09 21:35:16,39.832329,-105.16526,1978.3,4.59999999999991,436.93,311.8,60.4
2024-07-09 21:35:20,39.831749,-105.16526,1977.6,3.89999999999986,428.22,224.4,52.9
2024-07-09 21:35:21,39.831551,-105.16526,1978.9,5.20000000000005,429.13,170.9,53.4
2024-07-09 21:35:22,39.831348,-105.16526,1980.4,6.70000000000005,430.04,173.8,52.9
2024-07-09 21:35:23,39.83115,-105.16526,1980.7,7,429.95,187.1,52.9
2024-07-09 21:35:25,39.83086,-105.16526,1979.4,5.70000000000005,429.8,153.3,55.4
2024-07-09 21:35:27,39.830475,-105.165253,1977.8,4.09999999999991,429.11,137.1,56.7
2024-07-09 21:35:30,39.830093,-105.165237,1978.7,5,423.16,127.9,55.6
2024-07-09 21:35:32,39.8298,-105.16523,1979.5,5.79999999999995,423.87,124.4,55.4
2024-07-09 21:35:33,39.829609,-105.165222,1979.3,5.59999999999991,424,124.5,55.4
2024-07-09 21:35:34,39.82933,-105.165192,1979.2,5.5,423.54,126.2,55.4
2024-07-09 21:35:36,39.828972,-105.165176,1979.4,5.70000000000005,421.58,125.2,55.4
2024-07-09 21:35:38,39.828701,-105.165169,1979.4,5.70000000000005,420.8,139.2,55.4
2024-07-09 21:35:39,39.828522,-105.165169,1980.1,6.39999999999986,425.09,156.5,55.9
2024-07-09 21:35:41,39.828239,-105.165169,1982.2,8.5,430.72,192.4,55.4
2024-07-09 21:35:43,39.827866,-105.165161,1981.6,7.89999999999986,428.6,161.2,55.1
2024-07-09 21:35:45,39.827579,-105.165161,1980.5,6.79999999999995,420,126.5,64.5
2024-07-09 21:35:46,39.827389,-105.165161,1979.4,5.70000000000005,419.94,121.2,56.9
2024-07-09 21:35:48,39.827095,-105.165161,1978.3,4.59999999999991,422.9,120.8,56.1
2024-07-09 21:35:50,39.82671,-105.165161,1982,8.29999999999995,427.42,129.1,56.7
2024-07-09 21:35:52,39.826324,-105.165169,1979.9,6.20000000000005,424.47,125.9,56.7
2024-07-09 21:35:54,39.826031,-105.165169,1980.8,7.09999999999991,427.7,125.4,56.4
2024-07-09 21:35:55,39.82584,-105.165192,1981.5,7.90000000000009,429.37,131.1,56.9
2024-07-09 21:35:56,39.825661,-105.165207,1982.3,8.70000000000005,431.04,134.1,68
2024-07-09 21:35:57,39.82547,-105.16523,1983,9.5,429.93,135.9,57.4
2024-07-09 21:35:59,39.825184,-105.16526,1983.4,10,426.55,134.8,60.4
2024-07-09 21:36:01,39.824902,-105.165268,1979.5,6.09999999999991,426.8,131.4,58.4
2024-07-09 21:36:02,39.824711,-105.165283,1977.9,4.60000000000014,425.06,129.5,56.9
2024-07-09 21:36:04,39.824409,-105.165283,1975.6,2.29999999999995,423.74,125.6,59.9
2024-07-09 21:36:06,39.824017,-105.165283,1976.8,3.70000000000005,425.03,112.7,57.9
2024-07-09 21:36:08,39.823608,-105.165283,1976.2,3.20000000000005,425.76,114.3,60.4
2024-07-09 21:36:11,39.8232,-105.165291,1976.9,4.20000000000005,431.57,126.2,59.9
2024-07-09 21:36:13,39.822899,-105.165298,1976.1,3.39999999999986,429.48,128.5,68.5
2024-07-09 21:36:14,39.822689,-105.165314,1976.2,3.5,427.65,129.2,57.9
2024-07-09 21:36:15,39.822384,-105.165314,1976.3,3.59999999999991,427.25,129.2,66.5
2024-07-09 21:36:17,39.822079,-105.165314,1976.3,3.59999999999991,433.83,127.1,63
2024-07-09 21:36:18,39.82188,-105.165314,1976.2,3.5,434.19,124.9,60.4
2024-07-09 21:36:20,39.821579,-105.165321,1975.9,3.20000000000005,434.29,120.6,60.2
2024-07-09 21:36:22,39.821186,-105.165306,1975.6,2.89999999999986,432.57,128.4,59.7
2024-07-09 21:36:36,39.818905,-105.165291,1978.1,5.59999999999991,440.94,2520.2,57.9
2024-07-09 21:36:38,39.818535,-105.165283,1995.9,23.4000000000001,446.46,3004.8,59.9
2024-07-09 21:36:40,39.81826,-105.165283,1981.6,9.09999999999991,434.63,1799.8,57.4
2024-07-09 21:36:41,39.818069,-105.165283,1978.8,6.29999999999995,431.58,921.2,60.9
2024-07-09 21:36:42,39.817879,-105.165268,1977.2,4.70000000000005,428.54,621.9,57.9
2024-07-09 21:36:43,39.817699,-105.165268,1976.2,3.70000000000005,427.72,424.9,57.4
2024-07-09 21:36:45,39.81752,-105.16526,1975.7,3.20000000000005,429.85,334,57.9
2024-07-09 21:36:46,39.817341,-105.16526,1975.5,3.09999999999991,434.44,319.7,57.4
2024-07-09 21:36:47,39.81707,-105.165253,1975.3,2.89999999999986,435.72,285.2,61.2
2024-07-09 21:36:49,39.816799,-105.165253,1975.7,3.29999999999995,425.8,257.9,57.4
2024-07-09 21:36:50,39.81662,-105.165253,1975.8,3.39999999999986,427.69,264.1,57.4
2024-07-09 21:36:51,39.816448,-105.165253,1975.8,3.5,429.59,244.4,57.9
2024-07-09 21:36:52,39.816269,-105.165253,1975.7,3.40000000000009,429.74,217.1,57.9
2024-07-09 21:36:54,39.816101,-105.165253,1975,2.70000000000005,428.42,192.6,57.4
2024-07-09 21:36:55,39.815929,-105.165253,1975.4,3.10000000000014,426.51,201.6,70
2024-07-09 21:36:56,39.81567,-105.165237,1975.7,3.40000000000009,425.68,273.7,64.2
2024-07-09 21:36:58,39.815411,-105.165237,1977,4.70000000000005,430.52,394.1,58.9
2024-07-09 21:36:59,39.815239,-105.165253,1977.3,5,438.35,438.9,68
2024-07-09 21:37:00,39.815079,-105.165253,1977.2,4.90000000000009,446.79,418.9,60.4
2024-07-09 21:37:01,39.814911,-105.165253,1977.1,4.79999999999995,452.9,352.3,58.9
2024-07-09 21:37:03,39.814739,-105.165253,1976.8,4.5,460.17,350.9,62
2024-07-09 21:37:04,39.814579,-105.16526,1990.6,18.3,458.39,398.8,58.9
2024-07-09 21:37:05,39.814411,-105.16526,2005.7,33.4000000000001,457.15,3729.3,58.4
2024-07-09 21:37:06,39.814259,-105.165268,2018.7,46.4000000000001,466.35,7059.7,58.9
2024-07-09 21:37:07,39.814098,-105.165268,2030.5,58.3,475.56,11141.2,59.4
2024-07-09 21:37:08,39.81395,-105.165283,2037.3,65.0999999999999,479.16,15569.7,61.4
2024-07-09 21:37:10,39.81374,-105.165298,2030.7,58.5,478.67,11188.8,64.5
2024-07-09 21:37:12,39.81353,-105.165314,2024,51.9000000000001,466.02,6794.3,58.9
2024-07-09 21:37:13,39.8134,-105.165321,2017.1,45.0999999999999,458.23,7191.6,58.9
2024-07-09 21:37:14,39.813278,-105.165321,2008.4,36.4000000000001,450.44,5878.8,58.4
2024-07-09 21:37:15,39.81316,-105.165321,1999.8,27.8,446.59,4008,58.4
2024-07-09 21:37:17,39.813015,-105.165321,1983.5,11.5,438.03,1395.3,65.2
2024-07-09 21:37:19,39.812881,-105.165337,1976,4,424.23,367.4,58.9
2024-07-09 21:37:20,39.812801,-105.165367,1975.5,3.5,428.02,225.8,58.4
2024-07-09 21:37:22,39.812698,-105.165459,1975.6,3.59999999999991,429.02,158.8,64.2
2024-07-09 21:37:23,39.81263,-105.165573,1974.4,2.40000000000009,424.81,143.4,58.4
2024-07-09 21:37:40,39.812531,-105.167503,1974.3,2.29999999999995,418.37,120.1,71
2024-07-09 21:37:42,39.812538,-105.167641,1974.8,2.79999999999995,418.05,117.6,60.4
2024-07-09 21:37:43,39.812538,-105.16777,1974.4,2.40000000000009,417.83,115.6,60.4
2024-07-09 21:38:51,39.812531,-105.169273,1974.8,3.09999999999991,419.82,120,57.2
2024-07-09 21:38:56,39.812531,-105.169304,1974.4,2.70000000000005,422.87,126.3,58.2
2024-07-09 21:38:58,39.812534,-105.169403,1974.5,2.79999999999995,421.17,124.1,62
2024-07-09 21:39:02,39.812538,-105.169632,1974,2.29999999999995,421.85,117.1,67.5
2024-07-09 21:39:03,39.812538,-105.169701,1975.9,4.20000000000005,422.13,116.2,57.9
2024-07-09 21:39:05,39.812515,-105.169807,1981.9,10.2,422.64,125.8,64.2
2024-07-09 21:39:07,39.812462,-105.169899,1988.4,16.7,423.55,126.7,67
2024-07-09 21:39:08,39.812408,-105.169937,1991.2,19.5,425.61,123.7,57.4
2024-07-09 21:39:09,39.81234,-105.169968,1993.9,22.2,427.67,123.4,58.4
2024-07-09 21:39:10,39.81226,-105.169968,1995.7,24,425.95,123.1,57.9
2024-07-09 21:39:12,39.812134,-105.169983,1996.4,24.7,425.36,127.9,60.4
2024-07-09 21:39:14,39.811951,-105.169983,1989,17.3,428.47,138.7,57.9
2024-07-09 21:39:16,39.811733,-105.170006,1985,13.3,427.2,133.7,57.7
2024-07-09 21:39:18,39.811569,-105.170036,1988.1,16.3999999999999,422.49,120.9,57.9
2024-07-09 21:39:19,39.811451,-105.170067,1989.1,17.3999999999999,421.64,117.3,57.9
2024-07-09 21:39:21,39.811329,-105.170113,1988.7,17,421.14,121.1,57.9
2024-07-09 21:39:22,39.811211,-105.170158,1986.6,14.8999999999999,421.96,122.9,57.4
2024-07-09 21:39:23,39.811031,-105.170258,1984.5,12.8,422.84,120.6,57.7
2024-07-09 21:39:25,39.810806,-105.170403,1987.9,16.2,424.8,118.7,59.4
2024-07-09 21:39:27,39.810638,-105.17054,1993.5,21.8,422.55,116.9,58.4
2024-07-09 21:39:28,39.810539,-105.170647,1995.2,23.5,422.29,113.6,68.5
2024-07-09 21:39:30,39.810379,-105.170822,1994.2,22.5,423.03,116.1,62.2
2024-07-09 21:39:32,39.810184,-105.171089,2006.2,34.5,425.76,115.5,63
2024-07-09 21:39:34,39.81004,-105.171318,2001,29.3,427.13,116.1,59.9
2024-07-09 21:39:35,39.809952,-105.171494,1997.9,26.2,424.49,121.2,60.4
2024-07-09 21:39:36,39.80986,-105.171669,1995.3,23.5999999999999,421.33,121.1,68
2024-07-09 21:39:37,39.809769,-105.171837,1993,21.3,420.32,117.2,71
2024-07-09 21:39:39,39.809681,-105.17202,1990.9,19.2,420.91,113.6,64
2024-07-09 21:39:40,39.809589,-105.172188,1991,19.3,421.04,113.1,59.9
2024-07-09 21:39:42,39.80946,-105.172447,1989.7,18,422.08,119.6,65.5
2024-07-09 21:39:44,39.809292,-105.172775,2000,28.3,422.61,120.7,61.4
2024-07-09 21:39:47,39.809116,-105.173119,2144.3,172.6,420.52,164,60.7
2024-07-09 21:39:49,39.808933,-105.173424,2150.2,178.5,424.3,169.5,60.4
2024-07-09 21:39:51,39.808723,-105.173714,2222.2,250.5,428.95,241.5,60.2
2024-07-09 21:39:53,39.808495,-105.173973,2085.5,113.8,428.99,231,60.4
2024-07-09 21:39:55,39.808311,-105.174141,2061.8,90.1000000000001,428,185.8,51.9
2024-07-09 21:39:56,39.808182,-105.17424,2046.4,74.7,425.88,165.3,52.9
2024-07-09 21:39:57,39.808041,-105.174339,2029.8,58.0999999999999,423.76,155.4,58.9
2024-07-09 21:39:58,39.807899,-105.174423,2016.3,44.5999999999999,423.86,147.9,51.4
2024-07-09 21:40:00,39.807758,-105.174492,1998.2,26.5,425.54,131.2,59.9
2024-07-09 21:40:01,39.807621,-105.174553,1996.6,24.8999999999999,427.35,125.3,51.4
2024-07-09 21:40:02,39.807411,-105.174622,1994.9,23.2,428.23,129.1,56.9
2024-07-09 21:40:04,39.807201,-105.174667,1982.4,10.7,424.67,129.3,43.3
2024-07-09 21:40:05,39.80706,-105.17469,1978.2,6.5,423.03,125.2,42.8
2024-07-09 21:40:06,39.806911,-105.174713,1975.6,3.89999999999986,421.4,123.4,43.3
2024-07-09 21:40:32,39.803604,-105.174767,1975.7,2.79999999999995,422.98,114.2,60.7
2024-07-09 21:40:35,39.803307,-105.174767,1978,5.09999999999991,427.34,123.3,59.9
2024-07-09 21:40:37,39.80299,-105.174767,1978.7,5.79999999999995,426.91,118.1,61.4
2024-07-09 21:40:39,39.802654,-105.174774,1982.6,9.69999999999982,420.5,112.2,65.5
2024-07-09 21:40:41,39.802399,-105.174782,1980.2,7.29999999999995,420.19,107.2,59.9
2024-07-09 21:40:42,39.802231,-105.174782,1980.8,7.89999999999986,420.46,105,59.9
2024-07-09 21:40:44,39.801964,-105.174782,1982.5,9.59999999999991,420.85,113.4,62
2024-07-09 21:40:45,39.801701,-105.174789,1982.7,9.79999999999995,420.97,114.4,66
2024-07-09 21:40:46,39.801529,-105.174789,1983,10.0999999999999,421.06,113.2,73.6
2024-07-09 21:40:48,39.801266,-105.174789,1983.8,10.8999999999999,421.74,115.9,62.5
2024-07-09 21:40:50,39.800919,-105.174797,1983.2,10.3,424.34,115.8,67.5
2024-07-09 21:40:52,39.800659,-105.174797,1982.5,9.59999999999991,424.79,116.2,62
2024-07-09 21:40:53,39.800491,-105.174789,1982.3,9.39999999999986,424.02,120.2,62
2024-07-09 21:40:54,39.80032,-105.174789,1982.2,9.29999999999995,423,121.5,63
2024-07-09 21:40:55,39.800152,-105.174789,1982.1,9.19999999999982,423.74,119.8,64
2024-07-09 21:40:57,39.79998,-105.174789,1981.5,8.59999999999991,427.96,117.1,62.5
2024-07-09 21:40:58,39.799809,-105.174789,1981.1,8.19999999999982,427.93,116,63
2024-07-09 21:41:00,39.799557,-105.174789,1979.8,6.89999999999986,427.71,119,62.7
2024-07-09 21:41:02,39.799221,-105.174782,1977,4.09999999999991,427.77,121.4,62.7
2024-07-09 21:41:04,39.798969,-105.174767,1976,3.09999999999991,430.56,118.2,61.4
2024-07-09 21:41:05,39.798801,-105.174759,1977.5,4.59999999999991,436.29,114.9,72.1
2024-07-09 21:41:07,39.798561,-105.174744,1979.4,6.5,441.42,113.9,60.4
2024-07-09 21:41:09,39.798237,-105.174728,1977.4,4.5,444.57,119.4,66.2
2024-07-09 21:41:11,39.798012,-105.174713,1980.7,7.79999999999995,456.1,118.9,60.9
2024-07-09 21:41:12,39.797852,-105.174698,1980.9,8,457.65,116.5,61.4
2024-07-09 21:41:13,39.797699,-105.17469,1980.9,8,463.26,107.1,60.9
2024-07-09 21:41:14,39.79755,-105.174683,1984.8,11.8999999999999,537.25,97.8,57.9
2024-07-09 21:41:16,39.797337,-105.174667,1993.7,20.8,617.56,138.5,57.9
2024-07-09 21:41:18,39.797024,-105.174652,1992.2,19.3,593.73,114.5,63
2024-07-09 21:41:21,39.796719,-105.174652,1996.5,23.5999999999999,533.2,150.1,57.9
2024-07-09 21:41:22,39.79649,-105.174652,1996.3,23.3999999999999,502.94,140.5,57.4
2024-07-09 21:41:23,39.796341,-105.174652,1995,22.0999999999999,489.38,129.2,57.4
2024-07-09 21:41:24,39.796181,-105.174652,1992.7,19.8,475.97,123.8,53.4
2024-07-09 21:41:25,39.796021,-105.174652,1990.7,17.8,464.21,121.9,54.4
2024-07-09 21:41:27,39.79578,-105.174652,1987.9,15,448.35,116.9,54.4
2024-07-09 21:41:30,39.795464,-105.174644,1978.9,6,442.12,127,53.6
2024-07-09 21:41:31,39.795231,-105.174637,1976.8,3.89999999999986,430.85,123,53.9
2024-07-09 21:41:32,39.795078,-105.174637,1975.5,2.59999999999991,427.98,116.5,64.5
2024-07-09 21:41:34,39.794846,-105.174637,1975.3,2.39999999999986,426.51,110,55.4
2024-07-09 21:41:36,39.794609,-105.174637,1976.6,3.69999999999982,427.93,115.9,63
2024-07-09 21:41:37,39.794449,-105.174637,1976.6,3.69999999999982,428.12,122.1,63.5
2024-07-09 21:41:38,39.7943,-105.174652,1976.6,3.69999999999982,428.3,122.5,55.4
2024-07-09 21:41:39,39.79414,-105.174652,1976.6,3.69999999999982,427.47,122.6,58.9
2024-07-09 21:41:40,39.793991,-105.17466,1976.6,3.69999999999982,426.63,121.7,55.4
2024-07-09 21:41:42,39.793839,-105.17466,1976.8,3.89999999999986,426.61,118,55.4
2024-07-09 21:41:43,39.793621,-105.17466,1976.9,4,427.06,115.3,60.2
2024-07-09 21:41:45,39.793324,-105.17466,1977.7,4.79999999999995,428.83,114.5,64.5
2024-07-09 21:41:47,39.793098,-105.174652,1978.4,5.5,430.51,185.5,67
2024-07-09 21:41:48,39.79295,-105.174637,1978.8,5.89999999999986,430.95,275.3,59.9
2024-07-09 21:41:49,39.792801,-105.174637,1979.3,5.70000000000005,431.31,1419.7,60.4
2024-07-09 21:41:50,39.792641,-105.174629,1983.2,9.20000000000005,435.74,3606.2,59.9
2024-07-09 21:41:52,39.792416,-105.174629,2029.1,55.0999999999999,449.06,6557.5,60.2
2024-07-09 21:41:54,39.792191,-105.174629,2037,62.5999999999999,448.55,6442.6,60.4
2024-07-09 21:41:55,39.792042,-105.174629,2025,50.5999999999999,442.1,5299.5,60.9
2024-07-09 21:41:57,39.791821,-105.174629,1983.2,7.90000000000009,432.41,1782.9,60.7
2024-07-09 21:41:59,39.791527,-105.174644,1980,4.5,430.65,324.6,61.2
2024-07-09 21:42:02,39.79121,-105.174652,1980.9,5.20000000000005,432.68,302.4,60.7
2024-07-09 21:42:03,39.79097,-105.174667,1980.5,4.5,432.25,432.9,60.9
2024-07-09 21:42:04,39.79081,-105.174667,1980.4,3.80000000000018,432.98,594.9,60.4
2024-07-09 21:42:06,39.790569,-105.174667,1980.7,4.10000000000014,434.31,426.5,60.2
2024-07-09 21:42:08,39.790329,-105.174667,1980.9,4.30000000000018,434.44,725.1,60.4
2024-07-09 21:42:09,39.790169,-105.174667,1984,7.40000000000009,437.93,1106.2,60.9
2024-07-09 21:42:11,39.789936,-105.174667,1988.4,11.8000000000002,439.47,1037.8,60.7
2024-07-09 21:42:13,39.789646,-105.174667,1984.4,7.80000000000018,440.18,1044.7,66.2
2024-07-09 21:42:15,39.789364,-105.174667,1996.7,20.1000000000001,451.84,1656.9,59.9
2024-07-09 21:42:18,39.789097,-105.174667,1985.8,9.20000000000005,445.06,945,62.2
2024-07-09 21:42:20,39.788834,-105.174652,1985,8.40000000000009,454.05,453.1,59.9
2024-07-09 21:42:22,39.788639,-105.174637,1984.9,8.30000000000018,478.58,414.4,59.4
2024-07-09 21:42:23,39.788509,-105.174629,1984.5,7.90000000000009,465.22,458.9,59.9
2024-07-09 21:42:24,39.78838,-105.174629,1984,7.40000000000009,452.24,458.4,58.4
2024-07-09 21:42:25,39.78825,-105.174622,1984.7,8.10000000000014,452.22,457.8,58.9
2024-07-09 21:42:26,39.78812,-105.174622,1986,9.40000000000009,452.2,467.8,58.4
2024-07-09 21:42:27,39.787991,-105.174622,1986,10,446.5,482.8,68.5
2024-07-09 21:42:29,39.787849,-105.174622,1981.5,6,434.46,326.7,58.4
2024-07-09 21:42:30,39.787708,-105.174622,1981.5,6.20000000000005,434.96,758.5,69.5
2024-07-09 21:42:31,39.787495,-105.174622,1981.5,6.20000000000005,437.76,4023.1,58.4
2024-07-09 21:42:33,39.787281,-105.174629,2061.8,86.5000000000002,462.19,9571.8,58.4
2024-07-09 21:42:34,39.787128,-105.174637,2082.8,107.5,463.68,11708.1,57.9
2024-07-09 21:42:35,39.786968,-105.174652,2081.6,106.3,464.17,11976.8,60.4
2024-07-09 21:42:36,39.786812,-105.17466,2074.8,100,458.79,10995.3,57.9
2024-07-09 21:42:38,39.786572,-105.174683,2024.4,50,448.82,14328.2,57.7
2024-07-09 21:42:40,39.78632,-105.174698,2037.2,62.8,474.9,11669.4,65.5
2024-07-09 21:42:41,39.786152,-105.174721,2039.1,64.8999999999999,461.59,6226.3,58.4
2024-07-09 21:42:42,39.78598,-105.174744,2038.6,64.3999999999999,448.29,7215.7,57.4
2024-07-09 21:42:43,39.785801,-105.174751,2031.4,57.2,445.11,10303.7,69.5
2024-07-09 21:42:44,39.785622,-105.174767,2013.6,39.3999999999999,444.96,9933.1,60.9
2024-07-09 21:42:45,39.78545,-105.174789,1999.8,25.5999999999999,443.23,5662.1,57.9
2024-07-09 21:42:47,39.785179,-105.174812,2032.2,58,437.15,6057.8,58.7
2024-07-09 21:42:49,39.784908,-105.174828,2004.3,30.0999999999999,434.45,6030,58.4
2024-07-09 21:42:50,39.784729,-105.17485,1996.5,22.4000000000001,430.86,2480.5,58.4
2024-07-09 21:42:52,39.78455,-105.174858,1998.3,24.3,429.39,3215.6,58.9
2024-07-09 21:42:53,39.78429,-105.174873,2013.7,39.7,434.23,4054.6,60.4
2024-07-09 21:42:54,39.784031,-105.174881,2028.4,54.4000000000001,436.35,4364.8,62.5
2024-07-09 21:42:56,39.783859,-105.174881,2019.2,45.2,433.14,5083.5,58.9
2024-07-09 21:42:57,39.783699,-105.174881,2011.6,37.5999999999999,431.3,5480.5,68.5
2024-07-09 21:42:58,39.783531,-105.174873,2003.2,29.2,429.46,5725.5,58.4
2024-07-09 21:42:59,39.783371,-105.174873,2002.3,28.3,433.93,5947.8,63
2024-07-09 21:43:01,39.783131,-105.174866,2021.3,47.3,447.45,7096.8,59.2
2024-07-09 21:43:03,39.78289,-105.174858,2103.1,129.1,462.38,9422.3,58.9
2024-07-09 21:43:04,39.78273,-105.174858,2071.7,97.8999999999999,450.61,10900.9,71
2024-07-09 21:43:06,39.78249,-105.174858,2001.8,28.2,436.26,2792.4,58.4
2024-07-09 21:43:08,39.782162,-105.174858,1990.7,17.3,437.95,661.1,63
2024-07-09 21:43:10,39.78191,-105.174873,1993.6,20.3999999999999,449.24,364.2,58.9
2024-07-09 21:43:11,39.78175,-105.174873,1992.9,19.9000000000001,449.56,290.2,58.4
2024-07-09 21:43:12,39.781582,-105.174873,1992,19.3,449.89,252.5,58.9
2024-07-09 21:43:13,39.781422,-105.174873,1991.2,18.5,450.45,214.8,58.4
2024-07-09 21:43:14,39.781261,-105.174873,1990.3,17.5999999999999,451.01,185.3,55.4
2024-07-09 21:43:15,39.781101,-105.174873,1989.2,16.5,450.02,158.9,61.4
2024-07-09 21:43:17,39.780849,-105.174873,1987.8,15.0999999999999,448.71,756.2,55.4
2024-07-09 21:43:19,39.780609,-105.174873,2013.7,41,451.88,5158.8,55.4
2024-07-09 21:43:20,39.780449,-105.174873,2014.4,41.7,452.61,8591.4,54.9
2024-07-09 21:43:22,39.780201,-105.174873,2006.9,34.2,456.98,2763.6,55.4
2024-07-09 21:43:24,39.779884,-105.174873,1992.5,19.8,465.53,1001.1,52.4
2024-07-09 21:43:26,39.779652,-105.174873,1991.7,19,467.32,455.9,52.9
2024-07-09 21:43:27,39.779491,-105.174873,1987.2,14.5,453.66,244,52.4
2024-07-09 21:43:28,39.779339,-105.174881,1982.7,10,441.64,198.7,52.4
2024-07-09 21:43:29,39.77919,-105.174881,1981.6,8.89999999999986,438.71,153.4,52.4
2024-07-09 21:43:31,39.778961,-105.174881,1981.3,8.59999999999991,436.21,141.2,55.9
2024-07-09 21:43:33,39.778728,-105.174881,1980,7.29999999999995,445.38,142.4,52.9
2024-07-09 21:43:34,39.778591,-105.174873,1979.8,7.09999999999991,459.04,143.2,63.5
2024-07-09 21:43:36,39.77837,-105.174873,1978.8,6.09999999999991,454.4,140,52.9
2024-07-09 21:43:38,39.77808,-105.174858,1977.6,4.89999999999986,446.48,149.6,52.9
2024-07-09 21:43:40,39.77779,-105.174858,1977.7,5,451.44,161.7,52.9
2024-07-09 21:43:42,39.777504,-105.174873,1978.9,6.20000000000005,463.92,150.6,58.4
2024-07-09 21:43:44,39.777222,-105.174873,1984.6,11.8999999999999,509.58,162.4,55.9
2024-07-09 21:43:46,39.77702,-105.174873,1986.5,13.8,519.06,177,50.8
2024-07-09 21:43:47,39.776878,-105.174873,1985.3,12.5999999999999,486.99,171.1,50.8
2024-07-09 21:43:49,39.776676,-105.174873,1979.8,7.09999999999991,444.84,152.6,50.6
2024-07-09 21:43:51,39.776417,-105.174873,1978.2,5.5,467.22,142.3,50.1
2024-07-09 21:44:00,39.775478,-105.174873,1976.1,3.39999999999986,444.66,134.3,48.3
2024-07-09 21:44:01,39.77536,-105.174873,1978.5,5.79999999999995,442.53,142,47.8
2024-07-09 21:44:02,39.77523,-105.174873,1981.2,8.5,440.4,141.9,58.4
2024-07-09 21:44:03,39.775101,-105.174858,1980.9,8.20000000000005,438.34,140.2,47.8
2024-07-09 21:44:14,39.773899,-105.174828,1975.1,2.39999999999986,443.56,146.3,58.4
2024-07-09 21:44:28,39.772243,-105.174858,1977.3,4.59999999999991,471.19,116.7,70.5
2024-07-09 21:44:30,39.771984,-105.174873,1977.4,4.70000000000005,464.02,184.4,59.9
2024-07-09 21:44:33,39.771725,-105.174873,1976.8,4.09999999999991,510.83,145.4,64.7
2024-07-09 21:44:34,39.77153,-105.174873,1975.4,2.70000000000005,465.11,133.9,59.4
2024-07-09 21:44:49,39.769779,-105.174843,1975.4,2.70000000000005,436.86,124.6,67.3
2024-07-09 21:44:53,39.769196,-105.174858,1975.3,2.59999999999991,431.06,122.5,61.4
2024-07-09 21:44:55,39.768894,-105.174858,1976.3,3.59999999999991,426.25,128.9,61.7
2024-07-09 21:44:58,39.768597,-105.174858,1976.8,4.09999999999991,438.77,128.4,62.7
2024-07-09 21:45:00,39.768307,-105.174866,1977.3,4.59999999999991,434.21,137,62
2024-07-09 21:45:02,39.768082,-105.174873,1977.3,4.59999999999991,423.93,173.9,61.4
2024-07-09 21:45:03,39.767929,-105.174873,1976.8,4.09999999999991,422.94,199.8,61.4
2024-07-09 21:45:05,39.7677,-105.174873,1975.8,3.09999999999991,423.36,162.2,59.4
2024-07-09 21:45:07,39.767395,-105.174873,1975.4,2.70000000000005,426.28,143.1,65.2
2024-07-09 21:45:16,39.766129,-105.174858,1977.1,4.39999999999986,427.6,119.8,57.7
2024-07-09 21:45:18,39.765888,-105.174858,1975.5,2.79999999999995,435.64,127,57.9
2024-07-09 21:45:19,39.76572,-105.174858,1975.2,2.5,430.09,131.6,57.4
2024-07-09 21:45:20,39.76556,-105.174858,1975,2.29999999999995,424.55,131.6,58.4
2024-07-09 21:45:28,39.76437,-105.17485,1975.5,2.79999999999995,422.62,134.3,59.9
2024-07-09 21:45:30,39.764107,-105.17485,1976.6,3.89999999999986,425.27,145.1,59.4
2024-07-09 21:45:44,39.762218,-105.174858,1975.1,2.39999999999986,423.43,122.2,68.3
2024-07-09 21:45:46,39.762001,-105.174858,1978.3,5.59999999999991,425.58,120.3,62.7
2024-07-09 21:46:08,39.761501,-105.174873,1973.5,2.40000000000009,431.2,127.9,73.1
2024-07-09 21:46:09,39.761501,-105.174873,1973.7,2.60000000000014,427.99,126.5,61.4
2024-07-09 21:46:10,39.761501,-105.174873,1973.6,2.5,422.53,125.2,67
2024-07-09 21:46:12,39.761501,-105.174873,1973.5,2.40000000000009,425.7,123.2,60.9
2024-07-09 21:46:13,39.761501,-105.174873,1973.4,2.30000000000018,428.35,124.9,61.4
2024-07-09 21:46:14,39.761501,-105.174873,1973.7,2.60000000000014,425.29,126.5,60.4
2024-07-09 21:46:16,39.761494,-105.174873,1974,2.90000000000009,428.65,115.6,60.4
2024-07-09 21:46:20,39.761471,-105.174873,1973.4,2.5,421.96,121,62
2024-07-09 21:46:21,39.761471,-105.174873,1973.4,2.5,420.92,117.9,71.5
2024-07-09 21:46:23,39.761463,-105.174873,1973.5,2.59999999999991,428.57,127.5,63
2024-07-09 21:46:24,39.761459,-105.174873,1973.7,2.79999999999995,436.29,126.3,60.9
2024-07-09 21:46:25,39.761459,-105.174873,1973.8,3,433.06,123.7,60.4
2024-07-09 21:46:27,39.761459,-105.174873,1974.1,3.29999999999995,425.24,125.7,60.9
2024-07-09 21:46:28,39.761452,-105.174873,1974.2,3.40000000000009,425.49,128,60.9
2024-07-09 21:46:29,39.761444,-105.174873,1974.3,3.5,425.71,130,65.2
2024-07-09 21:46:31,39.761429,-105.174881,1973.7,2.90000000000009,425.88,129.8,64
2024-07-09 21:46:32,39.761421,-105.174881,1973.6,2.89999999999986,425.81,126.9,69.5
2024-07-09 21:46:33,39.761398,-105.174881,1973.7,3,425.73,125,70
2024-07-09 21:46:34,39.761372,-105.174889,1975.1,4.39999999999986,426.96,123.7,60.4
2024-07-09 21:46:36,39.761356,-105.174889,1984.8,14.0999999999999,428.74,219.3,63.2
2024-07-09 21:46:38,39.761341,-105.174896,1975.6,4.89999999999986,421.29,215.3,60.4
2024-07-09 21:46:39,39.76133,-105.174896,1974.4,3.70000000000005,421.23,144.9,60.9
2024-07-09 21:46:41,39.761292,-105.174942,1975,4.29999999999995,422.32,142,63
2024-07-09 21:46:42,39.761261,-105.175011,1975.3,4.59999999999991,423.73,141,68.5
2024-07-09 21:46:43,39.761261,-105.175102,1975.5,4.79999999999995,423.27,129.2,67.5
2024-07-09 21:46:45,39.761265,-105.175262,1975,4.29999999999995,418.63,116.4,62
2024-07-09 21:46:47,39.761292,-105.175453,1973.8,3.09999999999991,418.98,117.2,67
2024-07-09 21:46:48,39.761299,-105.175591,1973.4,2.70000000000005,419.06,121.9,61.4
2024-07-09 21:46:50,39.761314,-105.175827,1973.3,2.59999999999991,419.17,115.6,60.9
2024-07-09 21:46:52,39.761345,-105.176147,1973.3,2.59999999999991,419.2,108.8,66.5
2024-07-09 21:46:55,39.761375,-105.176476,1974.2,3.5,418.74,110.8,60.7
2024-07-09 21:46:57,39.761398,-105.176819,1974.7,4,418.81,116.9,60.7
2024-07-09 21:46:59,39.761421,-105.177094,1976.1,5.39999999999986,419.34,121.8,60.9
2024-07-09 21:47:00,39.76144,-105.177277,1980,9.29999999999995,419.8,123.6,60.9
2024-07-09 21:47:01,39.761452,-105.17746,1984.5,13.8,420.27,122.9,60.4
2024-07-09 21:47:02,39.761471,-105.17765,1983.6,12.8999999999999,420.15,122,65.5
2024-07-09 21:47:04,39.76149,-105.177933,1974.3,3.59999999999991,419.69,120.5,60.7
2024-07-09 21:47:07,39.761536,-105.178299,1973,2.29999999999995,419.05,129,61.7
2024-07-09 21:47:13,39.761776,-105.179283,1973.3,2.59999999999991,419.1,121.9,60.7
2024-07-09 21:47:22,39.761929,-105.180511,1973.5,2.79999999999995,419.37,145.2,59.9
2024-07-09 21:48:17,39.766785,-105.185165,1972.9,2.80000000000018,418.74,115.9,65.2
2024-07-09 21:48:52,39.766106,-105.19165,1972.8,2.70000000000005,418.93,116.8,60.7
2024-07-09 21:50:03,39.763409,-105.205681,2064,93.9000000000001,459.37,50.9,59.9
2024-07-09 21:50:04,39.76339,-105.205917,2213.4,243.3,499.15,25723.8,63.5
2024-07-09 21:50:05,39.763371,-105.206161,2271.9,301.8,511.93,61696.8,60.4
2024-07-09 21:50:07,39.763351,-105.206398,2041.7,71.6000000000001,499.78,35548.9,71
2024-07-09 21:50:08,39.763329,-105.206642,2014.5,44.4000000000001,459.58,3955.4,60.4
2024-07-09 21:50:09,39.763309,-105.206871,1987.3,17.2,422.82,3423.4,59.9
2024-07-09 21:50:10,39.76329,-105.2071,1978.3,8.20000000000005,422.2,2891.4,60.4
2024-07-09 21:50:12,39.76326,-105.207443,1975.1,5,420.53,1076.9,60.4
2024-07-09 21:51:00,39.759762,-105.212868,1973,2.5,417.86,116.3,60.4
2024-07-09 21:55:21,39.732491,-105.176132,1975.6,4.5,430.33,260.4,58.4
2024-07-09 21:55:24,39.732349,-105.176132,1975.1,3.89999999999986,432.81,261.6,59.9
2024-07-09 21:55:25,39.732269,-105.176132,1973.8,2.59999999999991,430.1,229.9,60.9
2024-07-09 21:55:30,39.731926,-105.176117,1976.6,5.39999999999986,432.7,156.4,59.7
2024-07-09 21:55:32,39.731693,-105.176102,1977.5,6.29999999999995,430.83,141.4,61.4
2024-07-09 21:55:34,39.731461,-105.176102,1974.6,3.39999999999986,430.81,138.1,60.7
2024-07-09 21:55:36,39.73122,-105.176102,1973.8,2.59999999999991,432.77,135.3,57.9
2024-07-09 21:55:43,39.730598,-105.176109,1974.5,3.29999999999995,425.15,124.8,60.9
2024-07-09 21:55:44,39.730499,-105.176117,1974.4,3.20000000000005,423.92,122,57.4
2024-07-09 21:55:45,39.730354,-105.176132,1974.2,2.90000000000009,423.43,129.4,54.4
2024-07-09 21:56:00,39.729691,-105.17614,1979.1,7.79999999999995,428.47,2882.3,55.4
2024-07-09 21:56:01,39.72966,-105.17614,1985,13.7,432.5,3601,55.6
2024-07-09 21:56:03,39.729633,-105.17614,1994.5,23.2,439.31,9969.5,56.1
2024-07-09 21:56:05,39.72961,-105.17614,2102,130.7,503.7,16021.9,59.9
2024-07-09 21:56:06,39.72958,-105.17614,2117.4,146.1,483.44,14358.6,58.9
2024-07-09 21:56:07,39.729549,-105.176163,2046.8,75.5,445.5,11112.4,57.9
2024-07-09 21:56:08,39.729511,-105.176201,1977.2,5.90000000000009,423.56,5742.1,58.4
2024-07-09 21:56:10,39.729481,-105.176247,1974.4,3.10000000000014,421.32,562.1,67.5
2024-07-09 21:56:11,39.729462,-105.176308,1974,2.70000000000005,420.86,374.1,58.4
2024-07-09 21:56:12,39.729431,-105.176392,1974,2.70000000000005,420.41,290.5,58.4
2024-07-09 21:56:13,39.729401,-105.176483,1974.2,2.90000000000009,420.18,231,62
2024-07-09 21:56:15,39.729351,-105.176636,1974.6,3.29999999999995,419.86,168.5,62.5
2024-07-09 21:56:18,39.729259,-105.176964,1973.6,2.29999999999995,420.26,165.5,57.9
2024-07-09 21:56:19,39.72921,-105.177109,1973.8,2.5,420.74,148.6,57.9
2024-07-09 21:56:20,39.729172,-105.177261,1974,2.59999999999991,420.7,129.2,57.4
2024-07-09 21:56:21,39.72913,-105.177406,1974.2,2.79999999999995,420.63,127.8,60.4
2024-07-09 21:56:22,39.729092,-105.177582,1974.1,2.69999999999982,420.55,136.4,57.9
2024-07-09 21:56:36,39.72842,-105.180008,1974,2.40000000000009,433.77,253.4,57.9
2024-07-09 21:56:38,39.728352,-105.180252,1977.5,5.90000000000009,438.25,186.6,59.9
2024-07-09 21:56:39,39.728291,-105.180481,1978.4,5.90000000000009,432.22,146.1,56.9
2024-07-09 21:56:40,39.728222,-105.180717,1979.3,6.79999999999995,426.89,144.5,57.9
2024-07-09 21:56:41,39.728161,-105.180962,1978.9,6.20000000000005,423.71,142.9,58.4
2024-07-09 21:56:42,39.728088,-105.181213,1978.3,5.5,420.54,154.2,57.4
2024-07-09 21:56:43,39.728031,-105.18145,1977.6,4.79999999999995,424.43,166.6,57.9
2024-07-09 21:56:44,39.727959,-105.181702,1976.9,4.10000000000014,428.62,166.6,59.9
2024-07-09 21:56:45,39.727901,-105.181961,1976.1,3.19999999999982,428.58,160.1,56.9
2024-07-09 21:57:01,39.72694,-105.18528,1978.2,5.29999999999995,439.62,517.9,60.4
2024-07-09 21:57:03,39.726776,-105.18573,1976.5,3.59999999999991,441.55,576.6,57.7
2024-07-09 21:57:05,39.72665,-105.18605,1975.4,2.5,447.11,404.1,61.4
2024-07-09 21:57:12,39.726189,-105.187149,1976.2,3.29999999999995,419.04,127.6,51.9
2024-07-09 21:57:13,39.726131,-105.187302,1976.3,3.39999999999986,419.44,123.8,55.4
2024-07-09 21:57:14,39.72607,-105.187439,1976.1,3.19999999999982,419.83,142.1,57.4
2024-07-09 21:57:15,39.726021,-105.187569,1976.3,3.39999999999986,421.37,167.5,49.3
2024-07-09 21:57:17,39.725945,-105.187744,1978.1,5.19999999999982,426.61,4640,53.9
2024-07-09 21:57:19,39.725864,-105.187927,1982.5,9.5,433.48,3540.2,49.3
2024-07-09 21:57:21,39.725819,-105.188026,1978.4,5.40000000000009,420.56,1693.5,49.3
2024-07-09 21:57:22,39.7258,-105.188087,1980.4,7.40000000000009,422.67,2798.7,49.3
2024-07-09 21:57:23,39.72578,-105.188141,1985.3,12.3,424.77,3132.9,50.3
2024-07-09 21:57:24,39.725761,-105.188187,1988.8,15.8999999999999,426.17,3026.1,55.4
2024-07-09 21:57:26,39.725739,-105.188217,1987.1,14.1999999999998,428.09,3368.7,55.9
2024-07-09 21:57:27,39.725731,-105.188248,1989.9,17,428.77,3773.1,67.5
2024-07-09 21:57:28,39.725731,-105.188263,1992.7,19.8,429.5,5488.6,58.9
2024-07-09 21:57:29,39.725719,-105.188278,1994.1,21.3,430.66,7204.2,55.9
2024-07-09 21:57:31,39.725716,-105.188286,1998.1,25.3,433.49,5886.6,55.9
2024-07-09 21:57:33,39.725712,-105.188293,2007.6,34.8999999999999,437.76,8232.2,57.2
2024-07-09 21:57:35,39.725712,-105.188293,1994.8,22.0999999999999,442.68,6897.3,59.7
2024-07-09 21:57:37,39.725712,-105.188293,1999.7,27,441.91,5547.1,59.4
2024-07-09 21:57:38,39.725712,-105.188293,2002.2,29.5,442.26,6227.8,59.4
2024-07-09 21:57:39,39.725712,-105.188301,2004.7,32,442.61,7149.1,59.4
2024-07-09 21:57:40,39.725712,-105.188301,2006.1,33.5999999999999,442.53,8186.3,59.4
2024-07-09 21:57:42,39.725712,-105.188301,2003.8,31.3,445.32,9706.1,62
2024-07-09 21:57:44,39.725712,-105.188301,2018.2,45.7,460.98,11851.5,58.9
2024-07-09 21:57:45,39.725712,-105.188301,2023,50.5,462.96,13295.4,59.4
2024-07-09 21:57:46,39.725712,-105.188301,2026.9,54.4000000000001,464.94,15204.8,59.9
2024-07-09 21:57:47,39.725712,-105.188301,2036.2,63.7,471.71,17231.3,59.9
2024-07-09 21:57:49,39.725712,-105.188309,2067,94.7,478.01,19853.8,64
2024-07-09 21:57:51,39.7257,-105.188309,2018,45.7,454.83,11501.3,59.9
2024-07-09 21:57:52,39.7257,-105.188309,2002.1,29.8,440.44,3597.9,59.4
2024-07-09 21:57:53,39.7257,-105.188309,1988.6,16.3999999999999,426.05,4842.2,59.4
2024-07-09 21:57:54,39.7257,-105.188309,1993.8,21.5999999999999,437.68,8053.8,59.9
2024-07-09 21:57:56,39.7257,-105.188316,2060.1,87.8999999999999,468.95,18260,59.7
2024-07-09 21:57:58,39.7257,-105.188324,2209.6,237.4,489.7,38006.5,63.7
2024-07-09 21:58:01,39.725689,-105.188332,2026,53.8,453.96,20093.8,59.2
2024-07-09 21:58:03,39.725689,-105.188332,1988.5,16.3,432.24,4841.6,59.4
2024-07-09 21:58:05,39.725689,-105.188332,1977.3,5.09999999999991,420.76,1083.3,60.9
2024-07-09 21:58:06,39.725689,-105.188332,1975.5,3.29999999999995,420.93,599.8,60.4
2024-07-09 21:58:07,39.725689,-105.188339,1974.8,2.70000000000005,421.1,429.6,60.9
2024-07-09 21:58:08,39.725681,-105.188339,1974.3,2.39999999999986,421.24,303.7,59.9
2024-07-09 21:58:10,39.725681,-105.188339,1974.1,2.29999999999995,422.56,251.2,61.4
2024-07-09 21:58:12,39.725681,-105.188339,1977.3,5.5,427.23,707.4,61.2
2024-07-09 21:58:14,39.725681,-105.188347,1986.1,14.3999999999999,438.67,1173.9,59.4
2024-07-09 21:58:15,39.725681,-105.188347,1984.1,12.5,433.4,1264.3,62.5
2024-07-09 21:58:17,39.725681,-105.188347,1973.9,2.70000000000005,425.88,479.3,62
2024-07-09 21:58:19,39.725681,-105.188347,1973.7,2.5,427.45,176.9,58.9
2024-07-09 21:58:20,39.725681,-105.188339,1974.8,3.59999999999991,434.81,163.7,59.4
2024-07-09 21:58:21,39.725681,-105.188339,1975.9,4.70000000000005,440.97,182.3,59.4
2024-07-09 21:58:22,39.725681,-105.188339,1975.4,4.20000000000005,435.4,200.9,61.4
2024-07-09 21:58:23,39.725681,-105.188339,1974.1,2.89999999999986,429.83,183.9,58.9
2024-07-09 21:58:24,39.725681,-105.188339,1973.5,2.29999999999995,426.44,158.2,56.9
2024-07-09 21:58:25,39.725681,-105.188339,1973.7,2.5,423.45,149.5,56.9
2024-07-09 21:58:26,39.725681,-105.188339,1973.7,2.5,421.54,156,57.9
2024-07-09 21:58:30,39.725681,-105.188339,1974.8,3.59999999999991,423.53,2609.2,56.9
2024-07-09 21:58:31,39.725681,-105.188339,2008.1,36.8999999999999,451.01,5074.4,56.9
2024-07-09 21:58:33,39.725681,-105.188339,2101.3,130.1,475.79,32721.3,57.4
2024-07-09 21:58:35,39.725681,-105.188339,2004.1,32.8999999999999,441.89,22718,56.4
2024-07-09 21:58:36,39.725681,-105.188339,1989.4,18.2,433.69,3630,56.4
2024-07-09 21:58:38,39.725681,-105.188339,1977.6,6.39999999999986,447.94,854.1,60.7
2024-07-09 21:58:40,39.725681,-105.188339,1978.6,7.39999999999986,480.69,455.8,60.9
2024-07-09 21:58:42,39.725681,-105.188332,1977.8,6.59999999999991,494.78,440.9,55.9
2024-07-09 21:58:43,39.725681,-105.188332,1979.1,7.89999999999986,530.42,482.7,55.9
2024-07-09 21:58:44,39.725681,-105.188332,1980.4,9.20000000000005,561.78,448.7,56.4
2024-07-09 21:58:45,39.725681,-105.188332,1979.1,7.89999999999986,552.8,414.7,57.9
2024-07-09 21:58:46,39.725681,-105.188332,1976.6,5.39999999999986,543.82,322.9,56.4
2024-07-09 21:58:47,39.725689,-105.188332,1974.6,3.39999999999986,499.29,215,56.9
2024-07-09 21:58:58,39.725674,-105.188347,1973.6,2.39999999999986,421.43,130.2,62.7
2024-07-09 21:59:06,39.725498,-105.188751,1975,3.79999999999995,436.92,161.3,59.4
2024-07-09 21:59:07,39.725433,-105.188904,1977.3,6.09999999999991,433.36,156.7,59.2
2024-07-09 21:59:09,39.725368,-105.189072,1975.2,4,426.53,146,58.9
2024-07-09 21:59:10,39.725319,-105.189194,1973.9,2.70000000000005,426.61,139.5,60.4
2024-07-09 21:59:21,39.724716,-105.190559,1973.8,2.59999999999991,427.93,151,57.9
2024-07-09 21:59:33,39.723915,-105.192299,1973.9,2.70000000000005,435.11,169.1,60.7
2024-07-09 21:59:38,39.723564,-105.193047,1973.9,2.70000000000005,430.75,232.8,56.4
2024-07-09 22:00:32,39.720348,-105.19986,1973.7,2.5,436.23,377.7,58.4
2024-07-09 22:00:33,39.720291,-105.199821,1973.7,2.5,434.58,473.3,58.9
2024-07-09 22:01:00,39.717464,-105.198639,1977.2,6,441.02,1366.6,56.9
2024-07-09 22:01:02,39.717113,-105.198601,1977.2,6,440.65,1436.2,56.7
2024-07-09 22:01:05,39.716759,-105.198563,1976.6,5.39999999999986,436.24,1121.8,56.9
2024-07-09 22:01:07,39.716499,-105.198547,1976.5,5.29999999999995,436.98,1473.6,57.4
2024-07-09 22:01:08,39.71632,-105.19854,1977.7,6.5,438.47,1610,57.4
2024-07-09 22:01:09,39.716141,-105.198517,1978.9,7.70000000000005,439.17,1383.4,56.9
2024-07-09 22:01:10,39.715961,-105.198502,1977.6,6.39999999999986,436.76,1156.8,56.9
2024-07-09 22:01:12,39.715691,-105.198471,1974.8,3.59999999999991,432.71,620,60.2
2024-07-09 22:01:14,39.715321,-105.198402,1974.3,3.09999999999991,430.3,475.3,56.1
2024-07-09 22:01:16,39.71497,-105.198288,1973.7,2.5,428.9,401.6,55.9
2024-07-09 22:01:24,39.713799,-105.197807,1973.5,2.29999999999995,436.02,499.9,67.5
2024-07-09 22:01:25,39.713631,-105.197723,1973.9,2.70000000000005,437.52,414.9,53.9
2024-07-09 22:02:33,39.706879,-105.197067,1974.5,3.90000000000009,420.5,156.4,58.9
2024-07-09 22:02:34,39.706699,-105.197113,1975.7,5.10000000000014,420.48,156.7,61.4
2024-07-09 22:02:35,39.706509,-105.197128,1976.6,6,420.5,155.9,70
2024-07-09 22:02:36,39.706322,-105.197151,1977,6.40000000000009,420.49,154.3,71
2024-07-09 22:02:38,39.706036,-105.197151,1974.6,4,420.55,155.9,59.7
2024-07-09 22:02:40,39.705742,-105.197121,1974.3,3.70000000000005,421.16,157.6,67
2024-07-09 22:02:41,39.705528,-105.197083,1973.7,3.10000000000014,420.75,157.3,59.4
2024-07-09 22:04:09,39.69038,-105.193916,1972.9,2.30000000000018,430.83,507.9,64.5
2024-07-09 22:04:10,39.690189,-105.193901,1973.1,2.5,430.72,472.4,55.4
2024-07-09 22:05:08,39.688,-105.18998,1974.3,4,432.84,1401.4,67
2024-07-09 22:05:09,39.687954,-105.189743,1976.6,6.39999999999986,442.64,1771.9,63.5
2024-07-09 22:05:11,39.687901,-105.189491,1978,7.79999999999995,436.21,2052.8,60.4
2024-07-09 22:05:12,39.687859,-105.189339,1978.7,8.5,437.3,1753.5,68.5
2024-07-09 22:05:14,39.687801,-105.189178,1981.7,11.5,437.57,1119.5,58.9
2024-07-09 22:05:15,39.68774,-105.189041,1977.5,7.29999999999995,428.7,798.3,58.9
2024-07-09 22:05:16,39.687672,-105.188904,1973.3,3.09999999999991,420.87,507.9,68.5
2024-07-09 22:06:00,39.684391,-105.182411,1972.5,2.29999999999995,431.94,359.4,60.9
2024-07-09 22:06:41,39.682289,-105.175331,1977.9,7.70000000000005,424.37,1251.8,65.5
2024-07-09 22:06:46,39.68206,-105.174637,1975.1,4.89999999999986,427.03,1866.5,59.2
2024-07-09 22:06:48,39.681938,-105.174294,1990.8,20.5999999999999,437.33,4889.5,58.9
2024-07-09 22:06:51,39.681824,-105.17395,1975.4,5.20000000000005,426.85,1447.7,64.5
2024-07-09 22:06:52,39.68174,-105.173698,1972.5,2.29999999999995,421.52,708.9,58.4
2024-07-09 22:06:57,39.681541,-105.172928,1979.3,9.09999999999991,433.75,3933.6,61.7
2024-07-09 22:06:59,39.68148,-105.172661,1999.9,29.7,462.73,10307.1,60.4
2024-07-09 22:07:00,39.681438,-105.17247,2009.4,39.2,483.44,13832.9,59.4
2024-07-09 22:07:02,39.681381,-105.172188,2019.5,49.3,490.75,7314.6,59.4
2024-07-09 22:07:04,39.681305,-105.171799,1974.7,4.5,429.32,1801.6,64.7
2024-07-09 22:07:06,39.681252,-105.171501,1983.8,13.5999999999999,450.05,357,59.4
2024-07-09 22:07:07,39.68121,-105.171288,1982.6,12.3999999999999,438.25,279.7,58.9
2024-07-09 22:07:08,39.681171,-105.171089,1976.4,6.20000000000005,426.44,226,59.4
2024-07-09 22:07:16,39.680908,-105.169746,1974.3,4.09999999999991,449.33,210.8,62.2
2024-07-09 22:07:18,39.68084,-105.16935,1977,6.79999999999995,466.58,210.4,62.2
2024-07-09 22:07:20,39.680771,-105.168945,1972.5,2.29999999999995,457.93,175.9,56.9
2024-07-09 22:07:48,39.680691,-105.163857,1972.9,2.70000000000005,427.44,154.9,61.4
2024-07-09 22:07:49,39.680771,-105.163673,1973,2.79999999999995,426.3,157.7,60.4
2024-07-09 22:07:50,39.680859,-105.16349,1973.1,2.89999999999986,425.04,149.9,60.9
2024-07-09 22:07:51,39.680939,-105.163307,1973,2.79999999999995,423.5,142.1,72.1
2024-07-09 22:07:52,39.68103,-105.163132,1972.8,2.59999999999991,421.97,135.5,60.4
2024-07-09 22:07:53,39.68111,-105.162949,1972.8,2.59999999999991,421.09,129,60.4
2024-07-09 22:07:55,39.681198,-105.162682,1972.7,2.5,419.87,116.5,59.9
2024-07-09 22:08:01,39.681351,-105.161911,1972.6,2.39999999999986,419.42,123,59.4
2024-07-09 22:08:02,39.681351,-105.161819,1972.9,2.70000000000005,419.36,123.1,59.9
2024-07-09 22:08:18,39.681351,-105.16143,1972.9,2.30000000000018,423.76,133.6,69
2024-07-09 22:09:13,39.679855,-105.160675,1974.3,3.79999999999995,421.73,1517.5,65.2
2024-07-09 22:09:15,39.679661,-105.160538,1982.3,11.8,426.76,2802.7,60.9
2024-07-09 22:09:16,39.679531,-105.160431,1986,15.5999999999999,426.18,3217.6,66
2024-07-09 22:09:17,39.679409,-105.160301,1989.6,19.1999999999998,425.6,3766,60.9
2024-07-09 22:09:18,39.679291,-105.160156,1989.9,19.5,425.45,4328.9,60.9
2024-07-09 22:09:20,39.679119,-105.15992,1984.3,13.8999999999999,423.99,2670,66.5
2024-07-09 22:09:22,39.678959,-105.159683,1975.2,4.79999999999995,420.8,1287.9,60.9
2024-07-09 22:09:23,39.678848,-105.159508,1973.9,3.5,420.47,807.1,62.5
2024-07-09 22:09:48,39.67638,-105.155853,1989.9,19.5,434.44,244.8,58.4
2024-07-09 22:09:49,39.676189,-105.155693,2012.7,42.3,439.77,3892.3,58.9
2024-07-09 22:09:52,39.675911,-105.155533,1975.9,5.5,425.54,3229,58.2
2024-07-09 22:09:54,39.67561,-105.155434,1975.5,5.09999999999991,424.12,506,57.7
2024-07-09 22:09:56,39.675381,-105.15538,1972.9,2.5,424.01,305.7,57.4
2024-07-09 22:09:57,39.67522,-105.15538,1972.8,2.39999999999986,430.32,281.3,57.4
2024-07-09 22:09:58,39.675049,-105.155373,1973.2,2.90000000000009,436.62,276,57.9
2024-07-09 22:09:59,39.674889,-105.155373,1973.4,3.10000000000014,434.24,276.5,64
2024-07-09 22:10:01,39.674637,-105.155373,1972.7,2.40000000000009,427.76,2095.9,57.7
2024-07-09 22:10:03,39.674294,-105.15538,1974.2,3.90000000000009,429.41,1705.2,64.5
2024-07-09 22:10:05,39.674042,-105.15538,1972.7,2.40000000000009,429.81,341.3,58.4
2024-07-09 22:10:08,39.673599,-105.155373,1972.8,2.5,433.17,352.9,63.7
2024-07-09 22:10:10,39.673241,-105.155373,1973.1,2.79999999999995,433.36,311.5,57.7
2024-07-09 22:10:12,39.67289,-105.155365,1972.9,2.60000000000014,434.06,244.9,57.9
2024-07-09 22:10:14,39.672619,-105.15535,1973,2.70000000000005,442.1,218.6,65.5
2024-07-09 22:10:15,39.672451,-105.155319,1972.8,2.5,438.07,214.7,54.9
2024-07-09 22:10:19,39.671844,-105.155151,1973,2.70000000000005,432.3,188.1,60.4
2024-07-09 22:11:14,39.665787,-105.150627,1972.9,2.70000000000005,429.42,181.1,66
2024-07-09 22:11:16,39.665779,-105.15062,1972.6,2.39999999999986,433.67,227.7,61.4
2024-07-09 22:11:17,39.665779,-105.15062,1972.8,2.59999999999991,432.42,220.7,60.4
2024-07-09 22:11:19,39.665779,-105.15062,1973.5,3.29999999999995,429.41,192.9,60.4
2024-07-09 22:11:44,39.665779,-105.15062,1972.7,2.5,421.27,118.8,61.7
2024-07-09 22:11:46,39.665779,-105.15062,1972.8,2.59999999999991,419.81,119.3,63.5
2024-07-09 22:11:47,39.665779,-105.15062,1972.7,2.5,422.17,121.7,60.4
2024-07-09 22:11:48,39.665779,-105.15062,1972.5,2.29999999999995,424.53,123.5,60.4
2024-07-09 22:11:49,39.665779,-105.15062,1972.7,2.5,425.82,125,63
2024-07-09 22:11:51,39.665779,-105.15062,1973.9,3.70000000000005,426.22,126.2,60.7
2024-07-09 22:11:56,39.665779,-105.15062,1972.7,2.5,423.39,147.6,63.5
2024-07-09 22:11:58,39.665779,-105.15062,1973.4,3.20000000000005,424.33,175.4,58.9
2024-07-09 22:12:00,39.665779,-105.15062,1973.2,3,426.12,250.1,59.4
2024-07-09 22:12:02,39.665779,-105.15062,1973,2.79999999999995,426.23,279.6,58.9
2024-07-09 22:12:04,39.665779,-105.15062,1974.2,4,433.11,272.2,58.9
2024-07-09 22:12:05,39.665779,-105.15062,1973.7,3.5,429.98,272.7,59.9
2024-07-09 22:12:34,39.665779,-105.150627,1972.7,2.40000000000009,419.52,122.7,58.4
2024-07-09 22:12:35,39.665779,-105.150627,1973,2.70000000000005,419.59,118.6,58.9
2024-07-09 22:12:37,39.665779,-105.150627,1972.7,2.40000000000009,420.04,125.1,62.2
2024-07-09 22:12:41,39.665779,-105.150627,1972.6,2.29999999999995,423.57,139.6,58.9
2024-07-09 22:12:42,39.665779,-105.150627,1973,2.70000000000005,427.65,151.6,58.9
2024-07-09 22:12:43,39.665779,-105.150627,1973.7,3.40000000000009,431.72,161.5,70
2024-07-09 22:12:44,39.665779,-105.150627,1974.4,4.10000000000014,438.26,170.3,59.9
2024-07-09 22:12:46,39.665779,-105.150627,1976.2,5.90000000000009,451.4,162.9,65
2024-07-09 22:12:48,39.665779,-105.150627,1979.8,9.5,455.16,155.7,58.9
2024-07-09 22:12:49,39.665779,-105.150627,1978.9,8.60000000000014,444.67,155.7,58.9
2024-07-09 22:12:50,39.665779,-105.150627,1977.4,7.10000000000014,434.18,156.3,63
2024-07-09 22:12:51,39.665779,-105.150627,1975.9,5.60000000000014,433.9,156.9,68.5
2024-07-09 22:12:53,39.665764,-105.150612,1973,2.70000000000005,435.72,151.7,59.7
2024-07-09 22:12:56,39.665699,-105.150551,1972.8,2.5,435.11,137.4,59.9
2024-07-09 22:12:57,39.665661,-105.15049,1973.4,3.10000000000014,432.68,148.7,59.9
2024-07-09 22:12:58,39.66563,-105.150414,1973.2,2.90000000000009,429.95,160,59.9
2024-07-09 22:12:59,39.665619,-105.150322,1972.6,2.29999999999995,427.22,159.4,67.5
2024-07-09 22:13:37,39.667461,-105.143677,1973.2,2.60000000000014,448.83,369.4,58.9
2024-07-09 22:13:39,39.667503,-105.143288,1976.3,5.70000000000005,461.13,447.6,58.7
2024-07-09 22:13:41,39.667561,-105.142769,1974.5,3.90000000000009,457.15,437.8,64.5
2024-07-09 22:13:48,39.667629,-105.141052,1973.3,2.70000000000005,442.78,303.9,58.4
2024-07-09 22:13:50,39.667629,-105.140778,1974.6,4,444.83,412.2,58.4
2024-07-09 22:13:51,39.667629,-105.140503,1974.3,3.70000000000005,447.28,479.1,69.5
2024-07-09 22:13:52,39.667629,-105.140221,1973.8,3.09999999999991,449.74,377.1,58.9
2024-07-09 22:13:53,39.667622,-105.139931,1973.1,2.39999999999986,441.44,253.1,64.5
2024-07-09 22:14:00,39.66748,-105.13826,1973,2.29999999999995,437.36,199.3,60.9
2024-07-09 22:14:01,39.66745,-105.137978,1973.5,2.79999999999995,440.27,209.7,55.9
2024-07-09 22:14:02,39.667419,-105.137711,1973.8,3.09999999999991,448.36,220.9,56.4
2024-07-09 22:14:03,39.66737,-105.137428,1973.6,2.89999999999986,457.59,261,56.9
2024-07-09 22:14:04,39.667332,-105.137161,1973.4,2.70000000000005,464.86,341,55.9
2024-07-09 22:14:06,39.667255,-105.136757,1973.7,3,474,381.3,58.4
2024-07-09 22:14:11,39.667027,-105.135674,1973,2.40000000000009,472.9,332.3,55.9
2024-07-09 22:14:13,39.666931,-105.135269,1973.4,2.80000000000018,489.05,291.1,55.4
2024-07-09 22:14:14,39.666859,-105.135002,1973.1,2.5,487.44,270.1,57.4
2024-07-09 22:14:47,39.66367,-105.127548,1973.3,2.70000000000005,432.87,519.7,56.9
2024-07-09 22:14:48,39.663589,-105.127258,1973.3,2.70000000000005,433.65,610,56.9
2024-07-09 22:16:08,39.666931,-105.113632,1973,2.29999999999995,445.15,216.1,60.4
2024-07-09 22:16:13,39.66647,-105.113487,1973,2.29999999999995,435.56,165.7,60.9
2024-07-09 22:16:14,39.666328,-105.113449,1973.8,3.09999999999991,447.24,194.6,60.9
2024-07-09 22:16:15,39.666168,-105.113411,1974.6,3.89999999999986,460.25,246.9,65.5
2024-07-09 22:16:16,39.666012,-105.113373,1975.5,4.79999999999995,475.09,290.6,59.9
2024-07-09 22:16:17,39.665829,-105.113319,1976.3,5.59999999999991,485.33,274.3,59.4
2024-07-09 22:16:18,39.665661,-105.113289,1976.1,5.39999999999986,471.75,257.9,59.4
2024-07-09 22:16:19,39.66547,-105.113258,1975.5,4.79999999999995,458.16,238.5,59.4
2024-07-09 22:16:20,39.665291,-105.113228,1975,4.29999999999995,459.56,218.6,59.9
2024-07-09 22:16:22,39.6651,-105.113197,1974.2,3.5,460.29,184.6,59.9
2024-07-09 22:16:23,39.664909,-105.113167,1974.2,3.5,454.08,170.5,61.4
2024-07-09 22:16:24,39.664719,-105.113136,1974.2,3.5,448.57,163.6,60.4
2024-07-09 22:16:25,39.66452,-105.113113,1974.5,3.79999999999995,445.09,156.6,54.4
2024-07-09 22:16:26,39.66433,-105.113091,1974.7,4,441.6,156.8,54.9
2024-07-09 22:16:27,39.664139,-105.11306,1974.5,3.79999999999995,442.92,158.3,60.4
2024-07-09 22:16:29,39.663845,-105.113014,1973.2,2.5,446.42,163.7,54.9
2024-07-09 22:16:33,39.663181,-105.112923,1974,3.29999999999995,443.18,168.9,55.4
2024-07-09 22:16:34,39.662991,-105.112892,1974.3,3.59999999999991,447.52,174.7,53.9
2024-07-09 22:16:36,39.662708,-105.112854,1976.1,5.39999999999986,448.37,162.7,53.9
2024-07-09 22:16:38,39.66235,-105.112801,1988.1,17.3999999999999,440.39,337,53.9
2024-07-09 22:16:40,39.662079,-105.112762,1990.3,19.5999999999999,456.52,396.2,53.4
2024-07-09 22:16:41,39.6619,-105.112732,1990.1,19.3999999999999,445.34,330.4,53.4
2024-07-09 22:16:42,39.661709,-105.112709,1989.2,18.5,434.15,289.3,57.4
2024-07-09 22:16:43,39.66153,-105.112679,1991.3,20.5999999999999,441.94,256.7,53.9
2024-07-09 22:16:44,39.66135,-105.112648,1997.9,27.2,455.12,318.6,57.9
2024-07-09 22:16:45,39.661171,-105.112633,2003.7,33,469.25,485.5,55.9
2024-07-09 22:16:47,39.6609,-105.112587,2003.7,33,492.87,680.7,56.7
2024-07-09 22:16:49,39.660629,-105.112549,1984.2,13.5,458.51,543.7,56.4
2024-07-09 22:16:50,39.660461,-105.112518,1978.9,8.20000000000005,460.27,328.9,59.9
2024-07-09 22:16:52,39.660191,-105.112488,1977.7,7,459.76,208.4,56.4
2024-07-09 22:16:54,39.65992,-105.11245,1975.2,4.5,444.01,185.2,54.9
2024-07-09 22:16:55,39.65974,-105.112419,1974.4,3.70000000000005,438.22,180.8,53.9
2024-07-09 22:16:57,39.659454,-105.112381,1973.2,2.5,440.42,185.6,53.9
2024-07-09 22:16:59,39.659077,-105.112328,1973,2.29999999999995,451.09,181.7,55.6
2024-07-09 22:17:33,39.65432,-105.109741,1973.8,2.59999999999991,428.03,367,57.4
2024-07-09 22:17:35,39.654099,-105.109718,1975.9,4.70000000000005,426.12,890.7,57.4
2024-07-09 22:17:36,39.65395,-105.109718,1975.9,4.70000000000005,425.4,1429.6,63
2024-07-09 22:17:37,39.653912,-105.109711,1974.9,3.70000000000005,424.7,2095.4,57.9
2024-07-09 22:17:38,39.653912,-105.109711,1975,3.79999999999995,427.65,2834.1,56.9
2024-07-09 22:17:40,39.653912,-105.109711,1982.9,11.7,434.8,2205.6,63
2024-07-09 22:17:42,39.653912,-105.109711,1975.2,4,425.87,3475.4,67
2024-07-09 22:17:43,39.652988,-105.109673,1995.3,24.0999999999999,457.75,5779.8,57.4
2024-07-09 22:17:45,39.652721,-105.109657,2049.5,78.3,511.24,6224.7,64.2
2024-07-09 22:17:47,39.652359,-105.109673,1986,14.8,540.3,3302,58.4
2024-07-09 22:17:49,39.6521,-105.10968,1974.8,3.59999999999991,550.24,912,58.9
2024-07-09 22:19:31,39.635761,-105.110001,1977.6,6.39999999999986,430,896.3,57.4
2024-07-09 22:19:33,39.635464,-105.110001,2023.7,52.5,461.83,7328.6,57.2
2024-07-09 22:19:35,39.63517,-105.110001,2204.8,233.6,509.75,15122.3,56.9
2024-07-09 22:19:36,39.634979,-105.110008,2111.7,140.5,469.37,17977.1,56.9
2024-07-09 22:19:37,39.634789,-105.110008,2018.6,47.3999999999999,433.01,10571,66.5
2024-07-09 22:19:38,39.634602,-105.110008,1988.6,17.3999999999999,428.57,3164.9,57.9
2024-07-09 22:19:39,39.634411,-105.110008,1983.1,11.8999999999999,424.13,1380,56.4
2024-07-09 22:19:40,39.634232,-105.110008,1979.4,8.20000000000005,423.21,983,56.9
2024-07-09 22:19:42,39.633945,-105.110016,1977.5,6.29999999999995,424,729.7,56.9
2024-07-09 22:19:44,39.633564,-105.110023,1974.9,3.70000000000005,428.29,624.6,57.4
2024-07-09 22:20:02,39.630489,-105.110031,1974.3,2.89999999999986,436.55,391.4,57.9
2024-07-09 22:20:03,39.630291,-105.110031,1977.2,5.79999999999995,484.9,579.7,67
2024-07-09 22:20:04,39.630081,-105.110031,1981.3,9.89999999999986,537.24,643.6,64
2024-07-09 22:20:05,39.629871,-105.110031,1983.8,12.3999999999999,550.75,620.7,57.4
2024-07-09 22:20:07,39.629555,-105.110039,1976.9,5.5,517.57,526.4,58.7
2024-07-09 22:20:09,39.629135,-105.110039,1974.6,3.19999999999982,443.44,422.5,57.7
2024-07-09 22:20:12,39.628819,-105.110039,1974.2,2.79999999999995,479.67,419.1,57.9
2024-07-09 22:20:16,39.627949,-105.110046,1977.4,5.80000000000018,518.61,12254.4,55.9
2024-07-09 22:20:18,39.627689,-105.110046,2020.1,48.5,602.06,15834,55.9
2024-07-09 22:20:19,39.627522,-105.110046,2017.9,46.3000000000002,550.68,8862.3,55.9
2024-07-09 22:20:21,39.627296,-105.110046,1984.6,13,485.72,3633.7,61.2
2024-07-09 22:20:23,39.627014,-105.110046,1983.9,12.3000000000002,493.54,1854.2,55.9
2024-07-09 22:20:25,39.62682,-105.110046,1980.2,8.60000000000014,469.01,1277.7,55.9
2024-07-09 22:20:26,39.626701,-105.110046,1979.1,7.5,463.73,1176.5,65.5
2024-07-09 22:20:27,39.626598,-105.110062,1978.4,6.80000000000018,458.44,1079.5,57.9
2024-07-09 22:20:28,39.626511,-105.110062,1977.7,6.10000000000014,453.79,984.9,55.9
2024-07-09 22:20:30,39.626415,-105.110062,1975.6,4,447.61,823.2,55.6
2024-07-09 22:20:32,39.626331,-105.110062,1975.9,4.30000000000018,451.33,711.5,55.9
2024-07-09 22:20:33,39.626282,-105.110062,1975.1,3.5,444.81,672.2,55.9
2024-07-09 22:20:43,39.625889,-105.110077,1974.2,2.60000000000014,441.8,520.1,55.4
2024-07-09 22:20:44,39.625858,-105.110077,1974.2,2.60000000000014,438.72,506.9,56.4
2024-07-09 22:20:50,39.62582,-105.110077,1974.5,2.79999999999995,461.98,558.4,52.4
2024-07-09 22:20:51,39.62582,-105.110077,1976,4.29999999999995,471.67,715.4,57.4
2024-07-09 22:20:53,39.62582,-105.110077,1979.6,7.89999999999986,476.88,1089.8,52.9
2024-07-09 22:20:55,39.62582,-105.110077,1976.3,4.59999999999991,448.74,918.5,48.6
2024-07-09 22:20:58,39.625809,-105.110077,1990.3,18.5999999999999,444.7,11810.7,48.8
2024-07-09 22:21:00,39.625736,-105.110092,1981.8,10.0999999999999,444.78,5673.4,48.8
2024-07-09 22:21:02,39.625614,-105.110092,1974.7,3.10000000000014,431.46,687.7,49.3
2024-07-09 22:21:09,39.625076,-105.110123,1975.3,4,454.29,477.2,50.1
2024-07-09 22:21:11,39.624908,-105.11013,1973.6,2.29999999999995,441.56,363.2,49.8
2024-07-09 22:21:16,39.624374,-105.110138,1974.2,3,462.12,677,55.1
2024-07-09 22:21:25,39.623322,-105.110153,1973.7,2.5,424.03,226,57.4
2024-07-09 22:21:31,39.622452,-105.110161,1973.9,2.70000000000005,423.38,1657.1,57.4
2024-07-09 22:21:32,39.622299,-105.110161,1977.5,6.29999999999995,436.67,4818.6,68.5
2024-07-09 22:21:34,39.622162,-105.110161,2015.9,44.7,476.97,4749.7,60.4
2024-07-09 22:21:35,39.622009,-105.110161,2002.4,31.2,452.65,2589,65
2024-07-09 22:21:36,39.621861,-105.110161,1982.9,11.7,428.33,1585,63
2024-07-09 22:21:37,39.621712,-105.110161,1974.3,3.09999999999991,425.4,693.9,59.4
2024-07-09 22:21:39,39.621471,-105.110161,1974.6,3.39999999999986,427.83,305.5,65
2024-07-09 22:21:41,39.621231,-105.110161,1974.5,3.29999999999995,446.23,390.7,59.9
2024-07-09 22:21:42,39.621059,-105.110161,1975.6,4.39999999999986,469.66,477.9,71
2024-07-09 22:21:43,39.620892,-105.110168,1976.9,5.70000000000005,493.09,471.5,59.4
2024-07-09 22:21:44,39.62072,-105.110168,1976.4,5.20000000000005,475.65,458.4,60.9
2024-07-09 22:21:53,39.619499,-105.110168,1973.9,2.70000000000005,441.26,258.1,56.9
2024-07-09 22:21:54,39.61932,-105.110168,1973.9,2.70000000000005,435,275.4,56.9
2024-07-09 22:21:55,39.619141,-105.110168,1973.8,2.59999999999991,433.06,284.7,53.9
2024-07-09 22:22:50,39.611706,-105.110123,1980.8,9.59999999999991,428.33,2575,65.2
2024-07-09 22:22:52,39.611629,-105.110123,1979.1,7.89999999999986,429.39,2081.2,71.5
2024-07-09 22:22:53,39.611591,-105.110123,1977,5.79999999999995,426.88,925.9,60.9
2024-07-09 22:22:54,39.611549,-105.110123,1974.8,3.59999999999991,424.51,722.7,58.9
2024-07-09 22:22:55,39.611519,-105.110123,1973.5,2.29999999999995,426.61,526.2,58.9
2024-07-09 22:22:57,39.61145,-105.110123,1974.8,3.59999999999991,432.41,2942.6,58.9
2024-07-09 22:22:59,39.611404,-105.110123,1988.3,17.0999999999999,436.21,2961.7,61.2
2024-07-09 22:23:01,39.611382,-105.110123,1975.2,4,424.5,1615.9,59.4
2024-07-09 22:23:08,39.611359,-105.110123,1979.1,7.89999999999986,423.91,915.2,60.4
2024-07-09 22:23:09,39.611359,-105.110123,1976.6,5.39999999999986,423.05,1447.6,60.4
2024-07-09 22:23:19,39.611359,-105.110123,2009.8,38.5999999999999,463.03,9712.6,59.2
2024-07-09 22:23:22,39.611359,-105.110123,1993.6,22.3999999999999,482.76,9492.4,63.2
2024-07-09 22:23:29,39.611355,-105.110123,1974.5,3.29999999999995,425.86,871.3,61.7
2024-07-09 22:23:34,39.611271,-105.110123,1978.3,7.09999999999991,450.49,1290.3,70
2024-07-09 22:23:35,39.611179,-105.110123,1987.3,16.0999999999999,452.76,1976.7,61.2
2024-07-09 22:23:38,39.611046,-105.110123,1975.1,3.89999999999986,449.42,4368.4,61.2
2024-07-09 22:23:40,39.610931,-105.110123,1990.6,19.3999999999999,483.42,3761.2,60.9
2024-07-09 22:23:41,39.610851,-105.110123,1988.1,16.8999999999999,491.97,2669.7,72.6
2024-07-09 22:23:42,39.610771,-105.110123,1983.1,11.8999999999999,500.52,1822.4,63
2024-07-09 22:23:43,39.610691,-105.110107,1979.8,8.59999999999991,513.71,1030.2,61.4
2024-07-09 22:23:44,39.6106,-105.110107,1978.9,7.70000000000005,527.8,597.8,59.4
2024-07-09 22:23:45,39.610512,-105.110107,1978.7,7.5,548.79,542.9,60.4
2024-07-09 22:23:47,39.610359,-105.110107,1986.9,15.7,585.48,465.1,59.2
2024-07-09 22:23:50,39.610165,-105.1101,1976.2,5,488.93,338,59.4
2024-07-09 22:23:51,39.610069,-105.110092,1976.3,5.09999999999991,487.47,330.5,58.9
2024-07-09 22:23:52,39.610031,-105.110092,1976.1,4.89999999999986,485.53,348.9,58.9
2024-07-09 22:23:54,39.610001,-105.110092,1974.3,3.09999999999991,484.28,337.1,54.9
2024-07-09 22:23:56,39.60997,-105.110092,1974.8,3.59999999999991,491.71,259.1,53.9
2024-07-09 22:23:57,39.60997,-105.110092,1973.9,2.70000000000005,464.25,201.8,53.4
2024-07-09 22:24:53,39.60997,-105.1101,2032.8,61.8,516.5,5163.8,59.4
2024-07-09 22:24:54,39.60997,-105.1101,2040.4,69.4000000000001,526.2,7071.4,59.9
2024-07-09 22:24:56,39.60997,-105.1101,2017.3,46.3,514.7,5897.5,60.2
2024-07-09 22:24:58,39.60997,-105.1101,1978.5,7.5,462.67,2517.1,60.2
2024-07-09 22:25:00,39.60997,-105.1101,1975.8,4.79999999999995,454.92,577.1,59.9
2024-07-09 22:25:02,39.60997,-105.1101,1977.1,6.09999999999991,475.01,299.6,59.9
2024-07-09 22:25:03,39.60997,-105.1101,1977.4,6.40000000000009,469.52,237.4,60.4
2024-07-09 22:25:04,39.60997,-105.1101,1976.9,5.90000000000009,462.7,203.4,59.4
2024-07-09 22:25:06,39.60997,-105.1101,1975.8,4.79999999999995,459.62,176.5,59.4
2024-07-09 22:25:07,39.60997,-105.1101,1975,4,457.27,183.7,64.2
2024-07-09 22:25:09,39.60997,-105.1101,1973.7,2.70000000000005,441.87,181.4,59.9
2024-07-09 22:25:29,39.609089,-105.110107,1973.7,2.70000000000005,426.21,166.4,58.9
2024-07-09 22:25:30,39.608952,-105.110107,1974.2,3.20000000000005,427.56,158.6,59.4
2024-07-09 22:25:32,39.608822,-105.110123,1973.8,2.79999999999995,428.65,155.6,59.4
2024-07-09 22:25:53,39.605968,-105.110153,1975.8,4.79999999999995,429.15,235.7,66
2024-07-09 22:25:54,39.605801,-105.110161,1974.7,3.70000000000005,426.53,169.5,59.4
2024-07-09 22:25:55,39.60564,-105.110161,1973.4,2.40000000000009,424.01,157.9,59.9
2024-07-09 22:26:14,39.602539,-105.110168,1975,4.20000000000005,422.51,120.3,61.4
2024-07-09 22:26:15,39.602249,-105.110153,1974.9,4.10000000000014,421.89,121.4,61.4
2024-07-09 22:26:16,39.602051,-105.110153,1974.9,4.10000000000014,421.64,118.9,60.9
2024-07-09 22:26:18,39.601749,-105.110138,1974.6,3.79999999999995,422.31,116.1,64.2
2024-07-09 22:26:21,39.60136,-105.110146,1974,3.20000000000005,421.05,133.3,67
2024-07-09 22:26:34,39.599442,-105.110199,1973.1,2.29999999999995,441.34,522.9,60.4
2024-07-09 22:26:35,39.599289,-105.110199,1973.2,2.40000000000009,456.77,632.6,59.4
2024-07-09 22:26:41,39.598721,-105.110191,1973.4,2.60000000000014,497.93,388.1,71
2024-07-09 22:26:42,39.59864,-105.110191,1976.1,5.29999999999995,483.7,548,58.9
2024-07-09 22:26:44,39.598541,-105.110191,1983.5,12.7,460.34,3056.4,66
2024-07-09 22:26:46,39.598434,-105.110199,1981.5,10.7,454.09,2867.8,59.9
2024-07-09 22:26:48,39.598381,-105.110199,1980.3,9.5,460.37,1564.8,59.4
2024-07-09 22:26:49,39.598351,-105.110199,1978.6,7.79999999999995,458.83,1182.1,62
2024-07-09 22:26:50,39.598331,-105.110199,1976.4,5.60000000000014,457.3,834.1,59.4
2024-07-09 22:26:51,39.598309,-105.110199,1974.6,3.79999999999995,450.08,496.5,68.5
2024-07-09 22:26:57,39.59827,-105.110199,1976.9,6.10000000000014,478.22,1028.4,60.4
2024-07-09 22:26:58,39.59827,-105.110199,1978,7.20000000000005,471.04,1575.4,62
2024-07-09 22:27:00,39.59827,-105.110199,1976.8,6,448.29,1186.2,58.9
2024-07-09 22:27:01,39.59827,-105.110199,1974.5,3.70000000000005,440.7,759.6,69.5
2024-07-09 22:27:04,39.59827,-105.110199,1974.8,4,496.61,402.2,57.4
2024-07-09 22:27:05,39.59827,-105.110199,1977,6.20000000000005,493.72,307.2,57.4
2024-07-09 22:27:06,39.59827,-105.110199,1979.4,8.60000000000014,488.64,329.5,57.4
2024-07-09 22:27:07,39.59827,-105.110199,1980.6,9.79999999999995,488.66,417.2,57.9
2024-07-09 22:27:09,39.59827,-105.110199,1977.6,6.79999999999995,485.2,357.1,57.4
2024-07-09 22:27:11,39.59827,-105.110199,1976.7,5.79999999999995,450.4,303.8,57.9
2024-07-09 22:27:12,39.598259,-105.110199,1975.9,5,454.4,327.6,67
2024-07-09 22:27:13,39.598251,-105.110207,1975.1,4.19999999999982,458.39,288.5,57.9
2024-07-09 22:27:14,39.598221,-105.110207,1974.5,3.59999999999991,453.78,232.9,51.9
2024-07-09 22:27:15,39.59819,-105.110207,1974.3,3.39999999999986,447.27,197.8,52.4
2024-07-09 22:27:16,39.598141,-105.110207,1974.2,3.29999999999995,440.73,190.9,52.4
2024-07-09 22:27:23,39.597965,-105.110207,1975.3,4.39999999999986,464.5,232.7,57.4
2024-07-09 22:27:25,39.59795,-105.110207,1975.2,4.29999999999995,464.3,292.1,50.8
2024-07-09 22:27:26,39.597939,-105.110207,1974.2,3.29999999999995,467.94,315.9,55.4
2024-07-09 22:27:29,39.597939,-105.110207,1973.3,2.39999999999986,449.62,335.7,50.3
2024-07-09 22:27:30,39.597939,-105.110207,1974.3,3.39999999999986,444.96,301.9,50.8
2024-07-09 22:27:32,39.597939,-105.110207,1974,2.90000000000009,454.46,247.2,50.3
2024-07-09 22:28:00,39.597939,-105.110207,1973.5,2.40000000000009,430.93,165.7,60.4
2024-07-09 22:28:01,39.597939,-105.110207,1974.3,3.20000000000005,434.75,173.1,56.9
2024-07-09 22:28:02,39.597939,-105.110207,1975,4.09999999999991,437.86,201.2,61.4
2024-07-09 22:28:04,39.597939,-105.110207,1975.6,4.69999999999982,440.48,244.6,56.9
2024-07-09 22:28:07,39.597939,-105.110207,1974.1,3.29999999999995,434.85,284.1,56.7
2024-07-09 22:28:08,39.597939,-105.110207,1974,3.20000000000005,435.7,299.6,56.9
2024-07-09 22:28:09,39.597939,-105.110207,1973.8,3,437.8,322.3,56.4
2024-07-09 22:28:11,39.597939,-105.110207,1974.9,4.20000000000005,445.4,312.3,57.4
2024-07-09 22:28:12,39.597939,-105.110207,1975,4.29999999999995,441.88,282.9,56.4
2024-07-09 22:28:14,39.597939,-105.110207,1974.5,3.90000000000009,440.23,858.3,55.1
2024-07-09 22:28:16,39.597939,-105.110207,1973.1,2.5,441.08,533.8,59.4
2024-07-09 22:28:23,39.597939,-105.110207,1972.6,2.29999999999995,424.85,161.2,54.9
2024-07-09 22:28:24,39.597939,-105.110207,1972.6,2.29999999999995,425.87,178.4,53.4
2024-07-09 22:28:34,39.597939,-105.110207,1972.7,2.40000000000009,425.61,195.5,57.4
2024-07-09 22:28:36,39.597939,-105.110207,1973.5,3.20000000000005,430.94,264.5,57.9
2024-07-09 22:28:37,39.597939,-105.110207,1973.7,3.40000000000009,432.29,292.4,58.9
2024-07-09 22:28:39,39.597939,-105.110207,1974.2,3.90000000000009,434.32,351.4,62.5
2024-07-09 22:28:41,39.597939,-105.110207,1975.8,5.5,436.33,412,58.9
2024-07-09 22:28:44,39.597939,-105.110207,1978.9,8.60000000000014,442.37,1408.7,57.7
2024-07-09 22:28:45,39.597939,-105.110207,1986.2,15.9000000000001,447.91,2288.2,56.9
2024-07-09 22:28:46,39.597939,-105.110207,1989.5,19.2,451.4,3376.7,61.4
2024-07-09 22:28:48,39.597939,-105.110207,1977.4,7.10000000000014,454.1,2316.8,57.4
2024-07-09 22:28:50,39.597939,-105.110207,1976.8,6.5,448.84,1614.5,62.7
2024-07-09 22:28:53,39.597939,-105.110207,2002.5,32.2,465.78,5535.3,62.2
2024-07-09 22:28:55,39.597939,-105.110207,1977.3,7,472.56,2860.5,55.9
2024-07-09 22:28:56,39.597939,-105.110207,1976.3,6,486.45,830.6,56.4
2024-07-09 22:28:57,39.597939,-105.110207,1975.2,4.90000000000009,498.46,649.9,56.1
2024-07-09 22:28:59,39.597939,-105.110207,1975.1,4.79999999999995,510.11,384,55.9
2024-07-09 22:29:00,39.597939,-105.110207,1975,4.70000000000005,493.57,314.5,56.9
2024-07-09 22:29:02,39.597939,-105.110207,1974.5,4.20000000000005,465.76,234.9,62
2024-07-09 22:29:04,39.597939,-105.110207,1973.8,3.5,457.86,204.3,56.4
2024-07-09 22:29:05,39.597939,-105.110207,1973.6,3.29999999999995,451.41,198.3,58.4
2024-07-09 22:29:06,39.597939,-105.110207,1973.3,3,445.31,203.9,56.4
2024-07-09 22:29:08,39.597919,-105.110207,1973.5,3.20000000000005,438.82,230.7,56.9
2024-07-09 22:29:09,39.597889,-105.110207,1973.3,3,434.58,256,56.4
2024-07-09 22:29:13,39.597729,-105.110191,1973,2.70000000000005,429.11,180.8,67.5
2024-07-09 22:29:14,39.597679,-105.110138,1972.6,2.29999999999995,427.57,155.5,55.9
2024-07-09 22:29:17,39.597591,-105.109901,1972.7,2.40000000000009,429.28,147.1,55.4
2024-07-09 22:29:18,39.597591,-105.109802,1973,2.70000000000005,428.82,140.3,55.9
2024-07-09 22:29:59,39.595139,-105.104668,1973.7,3.40000000000009,434.63,152.4,57.9
2024-07-09 22:30:02,39.595139,-105.104332,1979,8.70000000000005,427.28,180.7,57.4
2024-07-09 22:30:04,39.595139,-105.103867,1991.7,21.4000000000001,430.1,2125,62.7
2024-07-09 22:30:06,39.595139,-105.103409,1997.2,26.9000000000001,432.5,2733.5,60.4
2024-07-09 22:30:08,39.595139,-105.103058,2000.2,29.9000000000001,434.91,2421.7,59.4
2024-07-09 22:30:09,39.595139,-105.102829,1989.6,19.3,428.67,2105.5,59.4
2024-07-09 22:30:10,39.595139,-105.1026,1978.2,7.90000000000009,422.85,1478.6,59.4
2024-07-09 22:30:11,39.595139,-105.102371,1975.1,4.79999999999995,423.41,851.6,60.4
2024-07-09 22:30:13,39.59515,-105.102028,1979.1,8.79999999999995,426.05,1374.6,59.4
2024-07-09 22:30:15,39.595154,-105.101563,1992.3,22,434.86,4894.1,62.5
2024-07-09 22:30:17,39.595161,-105.101219,2001.2,30.9000000000001,453.28,5723.5,65.5
2024-07-09 22:30:18,39.595161,-105.100983,2001.9,31.6000000000001,456.33,4929.7,73.6
2024-07-09 22:30:19,39.595161,-105.100754,2001.7,31.4000000000001,459.37,4420.5,64.5
2024-07-09 22:30:20,39.595161,-105.10051,2001.1,30.8,458.41,3979.4,67.5
2024-07-09 22:30:21,39.595161,-105.100273,1999.9,29.6000000000001,456.73,3589.1,62.5
2024-07-09 22:30:22,39.595161,-105.100029,1998.4,28.1000000000001,460.11,3254.3,62
2024-07-09 22:30:24,39.595161,-105.09967,1991.6,21.3,472.37,2666,59.4
2024-07-09 22:30:26,39.595161,-105.099312,1990.5,20.2,455.65,2215.9,69.5
2024-07-09 22:30:27,39.595161,-105.099068,1989,18.7,451.58,2045.5,69.5
2024-07-09 22:30:29,39.595169,-105.098709,1984,13.7,450.88,1746.2,59.7
2024-07-09 22:30:31,39.595169,-105.098351,1984.9,14.6000000000001,461.58,1332.3,58.9
2024-07-09 22:30:32,39.595169,-105.098106,1981,10.7,457.38,1091.1,59.9
2024-07-09 22:30:33,39.595169,-105.097748,1976.8,6.5,453.38,896.4,59.2
2024-07-09 22:30:36,39.595169,-105.097382,1974,3.70000000000005,458.44,627.3,67.5
2024-07-09 22:30:37,39.595169,-105.097137,1975.7,5.40000000000009,463.12,663.3,57.9
2024-07-09 22:30:38,39.595169,-105.096764,1977.4,7.10000000000014,466.41,783.3,59.9
2024-07-09 22:30:40,39.595169,-105.096397,1979.5,9.20000000000005,466.5,856.7,56.9
2024-07-09 22:30:41,39.595169,-105.096161,1978.5,8.20000000000005,464.77,809.7,64.5
2024-07-09 22:30:42,39.595169,-105.095932,1976.4,6.20000000000005,463.03,671.2,68
2024-07-09 22:30:43,39.595169,-105.095703,1974.5,4.40000000000009,461.85,500.7,57.4
2024-07-09 22:30:46,39.595169,-105.095253,1972.8,2.70000000000005,479.06,358.5,68.5
2024-07-09 22:30:47,39.595161,-105.095032,1974.2,4.10000000000014,487.27,417.3,67
2024-07-09 22:30:48,39.595161,-105.09481,1974.3,4.20000000000005,477.11,476,57.4
2024-07-09 22:30:49,39.595161,-105.094589,1974,3.90000000000009,466.94,400.9,57.9
2024-07-09 22:30:50,39.59515,-105.094391,1974.5,4.40000000000009,454.81,306.8,58.9
2024-07-09 22:30:51,39.59515,-105.094193,1975.5,5.40000000000009,442.5,535.8,57.9
2024-07-09 22:30:52,39.59515,-105.093987,1977.6,7.5,442.63,966.2,57.4
2024-07-09 22:30:54,39.595139,-105.093712,1987.2,17.1000000000001,455.24,1655.6,59.2
2024-07-09 22:30:56,39.595139,-105.093437,1981.3,11.2,463.16,1670.8,60.4
2024-07-09 22:30:57,39.595139,-105.093269,1979.1,9.09999999999991,454.73,1422.7,57.4
2024-07-09 22:30:58,39.595139,-105.093109,1977.2,7.20000000000005,446.29,1242.4,57.4
2024-07-09 22:30:59,39.595139,-105.092957,1976.6,6.59999999999991,444.05,1078.3,68.5
2024-07-09 22:31:01,39.595139,-105.092743,1978.1,8.09999999999991,440.7,1684.8,57.7
2024-07-09 22:31:03,39.595139,-105.092552,1977.9,7.90000000000009,439.07,2722.9,57.4
2024-07-09 22:31:04,39.595139,-105.09243,1984.7,14.7,455.92,3287.6,59.9
2024-07-09 22:31:05,39.595139,-105.09227,1992.6,22.5999999999999,472.76,3789,62.7
2024-07-09 22:31:07,39.595139,-105.092133,1985,15,464.28,4384.9,70.5
2024-07-09 22:31:08,39.595139,-105.092041,1982.6,12.5999999999999,466.74,4277.2,59.4
2024-07-09 22:31:10,39.595139,-105.091927,1998.2,28.2,473.21,4202.6,59.2
2024-07-09 22:31:12,39.595139,-105.09185,2021.7,51.7,460,2763.8,59.9
2024-07-09 22:31:13,39.595139,-105.091797,2010.7,40.7,454.54,1455.7,58.9
2024-07-09 22:31:14,39.595139,-105.091766,1991.9,21.9000000000001,449.07,903.6,59.9
2024-07-09 22:31:15,39.595139,-105.091751,1981.9,11.9000000000001,441.9,503,60.9
2024-07-09 22:31:17,39.595131,-105.091751,1981.1,11,447.67,398.7,59.9
2024-07-09 22:31:19,39.595131,-105.091743,1986.7,16.6000000000001,496.46,742.8,64
2024-07-09 22:31:21,39.595131,-105.091728,1988.5,18.4000000000001,506.31,999.1,66
2024-07-09 22:31:22,39.595131,-105.091721,1986.2,16,485.57,1006.6,59.9
2024-07-09 22:31:23,39.595131,-105.091713,1981.7,11.4000000000001,464.84,962.7,63
2024-07-09 22:31:24,39.595119,-105.091698,1979.4,9.10000000000014,473.22,889.2,58.4
2024-07-09 22:31:26,39.595119,-105.091698,1989.1,18.8,511.19,712.1,59.7
2024-07-09 22:31:28,39.595112,-105.091667,1985.4,15.1000000000001,490.98,636.3,58.9
2024-07-09 22:31:30,39.5951,-105.091637,1977,6.70000000000005,457.26,626.6,57.4
2024-07-09 22:31:31,39.59507,-105.091621,1974.6,4.29999999999995,459.85,575.8,57.4
2024-07-09 22:31:33,39.594994,-105.091591,1978.2,7.90000000000009,472.37,525.7,61.2
2024-07-09 22:31:35,39.594891,-105.091568,1976.7,6.40000000000009,459.96,402.9,52.9
2024-07-09 22:31:36,39.594799,-105.09156,1976.2,5.90000000000009,457.76,306.5,55.4
2024-07-09 22:31:37,39.594688,-105.09156,1975.7,5.40000000000009,455.56,294,52.9
2024-07-09 22:31:38,39.59457,-105.091553,1975.2,4.90000000000009,445.56,293.2,53.9
2024-07-09 22:31:39,39.59444,-105.091553,1974.8,4.59999999999991,434.97,330.4,55.9
2024-07-09 22:31:40,39.594299,-105.091553,1974.6,4.39999999999986,432.03,391.1,64.5
2024-07-09 22:31:42,39.594059,-105.091545,1976.3,6.09999999999991,433.77,355.7,53.6
2024-07-09 22:31:44,39.593819,-105.091553,1974.7,4.5,431.56,282.8,54.9
2024-07-09 22:31:45,39.593639,-105.091553,1974,3.79999999999995,432,265.3,57.4
2024-07-09 22:31:47,39.593369,-105.091553,1972.6,2.39999999999986,430.26,193.3,60.2
2024-07-09 22:32:44,39.584179,-105.08931,1976.9,6.80000000000018,508.36,828.8,56.4
2024-07-09 22:32:45,39.584,-105.089203,1977.8,7.70000000000005,559.81,1178.5,55.9
2024-07-09 22:32:47,39.583729,-105.089043,1977,6.90000000000009,579.31,577.6,61.4
2024-07-09 22:33:08,39.581421,-105.087669,1972.6,2.5,425.73,223,57.9
2024-07-09 22:33:09,39.58136,-105.087631,1974.7,4.60000000000014,425.93,838.5,57.9
2024-07-09 22:33:10,39.581299,-105.087601,1974.9,4.80000000000018,425.46,1577.2,57.9
2024-07-09 22:33:18,39.581039,-105.087448,1974.4,4.30000000000018,581.14,1035.3,69.5
2024-07-09 22:33:19,39.58102,-105.08744,1975.2,5.10000000000014,592.7,922.4,59.9
2024-07-09 22:33:20,39.581009,-105.087433,1972.6,2.5,581.85,730.3,59.9
2024-07-09 22:33:25,39.580978,-105.08741,1973.1,3,627.53,295.3,59.4
2024-07-09 22:33:26,39.580978,-105.08741,1974.1,4,598.57,423.6,59.4
2024-07-09 22:33:27,39.580978,-105.08741,1973.8,3.70000000000005,555.5,441.8,59.4
2024-07-09 22:33:29,39.580978,-105.08741,1973,2.90000000000009,532.45,300.6,70.5
2024-07-09 22:33:30,39.580978,-105.08741,1972.6,2.5,524.65,265.5,64.5
2024-07-09 22:33:39,39.580978,-105.08741,1973.5,3.40000000000009,505.32,366.5,59.9
2024-07-09 22:33:44,39.580963,-105.087402,1974.9,4.80000000000018,478.83,314.7,59.4
2024-07-09 22:33:46,39.58091,-105.087372,1974.5,4.40000000000009,482.64,345.8,59.4
2024-07-09 22:33:48,39.58083,-105.087318,1973.3,3.09999999999991,464.67,511.7,65.5
2024-07-09 22:33:49,39.58075,-105.087273,1973.3,3.09999999999991,462,625.9,59.4
2024-07-09 22:33:51,39.580608,-105.087189,1974.4,4.10000000000014,457.36,689.6,65.2
2024-07-09 22:33:53,39.580391,-105.087051,1973.8,3.5,450.37,586.8,59.2
2024-07-09 22:33:55,39.5802,-105.086952,1973,2.70000000000005,446.61,433.1,59.4
2024-07-09 22:33:56,39.580059,-105.086861,1972.8,2.5,452.13,366.5,60.4
2024-07-09 22:33:57,39.579922,-105.086777,1972.8,2.5,457.66,399.2,58.4
2024-07-09 22:33:58,39.579769,-105.086693,1973.6,3.29999999999995,468.63,474.9,56.9
2024-07-09 22:34:00,39.57954,-105.086555,1978.3,8,480.1,902.6,56.7
2024-07-09 22:34:02,39.579216,-105.086357,1972.7,2.40000000000009,445.37,695.3,58.9
2024-07-09 22:34:05,39.578865,-105.086159,1972.6,2.29999999999995,444.51,197.5,58.2
2024-07-09 22:34:08,39.578419,-105.085892,1972.6,2.29999999999995,444.69,171.7,57.9
2024-07-09 22:34:09,39.578232,-105.085777,1972.7,2.29999999999995,444.57,207.9,58.4
2024-07-09 22:34:10,39.57803,-105.085663,1973.1,2.69999999999982,441.27,244.1,58.4
2024-07-09 22:34:11,39.57774,-105.08548,1973.5,3.09999999999991,437.97,209.7,58.2
2024-07-09 22:35:30,39.566502,-105.082878,1973.5,2.5,425.82,130,63
2024-07-09 22:35:32,39.566502,-105.082878,1975.4,4.40000000000009,427.87,128.4,61.4
2024-07-09 22:35:34,39.566502,-105.082878,1975,4,431.08,123.4,62
2024-07-09 22:35:35,39.566502,-105.082878,1975,4,428.3,122.7,65
2024-07-09 22:35:37,39.566502,-105.082878,1975.2,4.20000000000005,426.22,121.3,62
2024-07-09 22:35:39,39.566502,-105.082878,1975.5,4.5,427.37,128.8,62
2024-07-09 22:35:41,39.566502,-105.082878,1976.2,5.20000000000005,421.95,127.5,62
2024-07-09 22:35:42,39.566502,-105.082878,1977,6,422.2,121.4,61.4
2024-07-09 22:35:43,39.566502,-105.082878,1977.8,6.79999999999995,422.44,120.2,61.4
2024-07-09 22:35:44,39.566502,-105.082878,1978.4,7.40000000000009,423.54,120.2,60.9
2024-07-09 22:35:46,39.566502,-105.082878,1979.2,8.20000000000005,425.14,123.3,63.7
2024-07-09 22:35:48,39.566502,-105.082878,1979.3,8.29999999999995,424.19,123.7,69.5
2024-07-09 22:35:49,39.566502,-105.082878,1979.4,8.40000000000009,423.3,122.8,60.9
2024-07-09 22:35:50,39.566502,-105.082878,1979.5,8.5,422.42,122.5,60.9
2024-07-09 22:35:51,39.566502,-105.082878,1979.3,8.29999999999995,423.96,122.3,60.9
2024-07-09 22:35:52,39.566502,-105.082878,1979,8,425.51,123.1,61.4
2024-07-09 22:35:53,39.566502,-105.082878,1978.4,7.40000000000009,424.39,124.5,62
2024-07-09 22:35:55,39.566502,-105.082878,1976.5,5.5,420.91,126.9,65.2
2024-07-09 22:35:57,39.566502,-105.082878,1974.7,3.70000000000005,421.25,129.2,72.1
2024-07-09 22:35:58,39.566502,-105.082878,1974.6,3.59999999999991,422.67,130.3,61.4
2024-07-09 22:35:59,39.566502,-105.082878,1974.9,3.80000000000018,424.09,129.6,66.8
2024-07-09 22:36:02,39.566502,-105.082878,1973.7,2.60000000000014,420.36,128.2,61.2
2024-07-09 22:36:09,39.566502,-105.082878,1973.7,2.5,421.37,116.6,67.3
2024-07-09 22:36:11,39.566502,-105.082878,1975.9,4.70000000000005,422.88,127.1,61.4
2024-07-09 22:36:13,39.566502,-105.082878,1975.9,4.70000000000005,424.74,135.8,61.4
2024-07-09 22:36:14,39.566502,-105.082878,1975.8,4.59999999999991,423.88,137.5,59.9
2024-07-09 22:36:15,39.566502,-105.082878,1975.5,4.29999999999995,423,132.3,60.4
2024-07-09 22:36:16,39.566502,-105.082878,1975.1,3.89999999999986,423.02,124,60.4
2024-07-09 22:36:18,39.566502,-105.082878,1974.3,3.09999999999991,424.67,127,60.4
2024-07-09 22:36:21,39.566502,-105.082878,1974.5,3.20000000000005,426.92,128.4,59.9
2024-07-09 22:36:23,39.566502,-105.082878,1976.1,4.79999999999995,424.27,127.2,60.2
2024-07-09 22:36:25,39.566502,-105.082878,1979.1,7.79999999999995,424.36,130.1,60.4
2024-07-09 22:36:27,39.566502,-105.082878,1977.5,6.20000000000005,427.3,130.8,60.4
2024-07-09 22:36:28,39.566502,-105.082878,1978.1,6.79999999999995,426.93,130.2,59.9
2024-07-09 22:36:30,39.566502,-105.082878,1978.3,6.89999999999986,424.71,121.9,63.7
2024-07-09 22:36:32,39.566502,-105.082878,1976.8,5.39999999999986,421.9,124.7,60.2
2024-07-09 22:36:34,39.56649,-105.082878,1980.4,8.90000000000009,421.08,127.9,60.4
2024-07-09 22:36:35,39.566479,-105.082878,1981.2,9.70000000000005,421.7,129.5,60.9
2024-07-09 22:36:36,39.566448,-105.082878,1982,10.5,422.18,132.9,60.4
2024-07-09 22:36:37,39.566399,-105.082878,1981.7,10.1000000000001,421.96,136.2,60.9
2024-07-09 22:36:38,39.566341,-105.082878,1981.1,9.39999999999986,421.74,132.8,60.4
2024-07-09 22:36:39,39.566261,-105.082878,1980.8,9,421.62,128.4,60.4
2024-07-09 22:36:41,39.566116,-105.08287,1980.7,8.90000000000009,421.9,130.1,60.9
2024-07-09 22:36:43,39.565941,-105.08287,1981.6,9.69999999999982,422.7,130.3,60.4
2024-07-09 22:36:44,39.565811,-105.08287,1985.4,13.5,422.01,129.6,60.4
2024-07-09 22:36:45,39.565681,-105.08287,1989.2,17.3,421.39,132.2,59.9
2024-07-09 22:36:46,39.565529,-105.08287,1990.2,18.3,421.2,134.7,60.4
2024-07-09 22:36:47,39.565392,-105.08287,1990.2,18.3,421,134,59.9
2024-07-09 22:36:48,39.565239,-105.08287,1987.8,15.8999999999999,422.9,132.7,60.4
2024-07-09 22:36:50,39.564995,-105.08287,1979.1,6.59999999999991,425.28,131.8,60.4
2024-07-09 22:36:52,39.564655,-105.08287,1981.8,8.89999999999986,423.26,129.5,66
2024-07-09 22:36:55,39.564301,-105.08287,1987,13.9000000000001,421.7,127.2,62
2024-07-09 22:36:56,39.56403,-105.08287,1986.4,13.2,420.65,125.3,61.4
2024-07-09 22:36:57,39.563839,-105.082863,1986,12.8,420.34,122.9,61.4
2024-07-09 22:36:59,39.563564,-105.082863,1985.6,12.0999999999999,420.16,129.2,65.2
2024-07-09 22:37:01,39.563278,-105.082863,1984,10.3,420.25,123.5,60.9
2024-07-09 22:37:02,39.56308,-105.082863,1986.8,13.0999999999999,420.31,115.5,61.4
2024-07-09 22:37:04,39.562775,-105.082863,1992.6,18.6999999999998,420.39,120.1,60.7
2024-07-09 22:37:06,39.562366,-105.082855,1992.6,18.3,420.39,124.9,62
2024-07-09 22:37:08,39.562038,-105.082848,1987.9,13.6000000000001,420.31,124,66.5
2024-07-09 22:37:09,39.561829,-105.082848,1988.5,14.2,420.29,122.1,60.9
2024-07-09 22:37:10,39.561619,-105.082848,1989.4,15.1000000000001,420.3,122.1,68.5
2024-07-09 22:37:11,39.561401,-105.082848,1989.6,15.3,420.96,122.2,60.4
2024-07-09 22:37:13,39.561081,-105.082863,1989,14.7,421.41,122.6,63.5
2024-07-09 22:37:15,39.560654,-105.082863,1986.7,12.4000000000001,420.16,125.4,60.4
2024-07-09 22:37:17,39.560341,-105.08287,1987.7,13.4000000000001,420.05,126.6,60.9
2024-07-09 22:37:18,39.560131,-105.08287,1988,13.7,420.01,125.5,60.4
2024-07-09 22:37:20,39.559818,-105.08287,1986.8,12.5,419.96,120,62.5
2024-07-09 22:37:22,39.55941,-105.082878,1980,5.70000000000005,419.96,117.4,60.9
2024-07-09 22:37:31,39.557949,-105.083099,1978.9,4.60000000000014,420.21,117.4,60.9
2024-07-09 22:37:32,39.55777,-105.083191,1980,5.70000000000005,420.31,118.1,62.5
2024-07-09 22:37:34,39.557507,-105.083328,1980.8,6.5,420.05,117.4,60.9
2024-07-09 22:37:36,39.557171,-105.083534,1980.7,6.40000000000009,419.67,113.9,60.9
2024-07-09 22:37:38,39.556919,-105.083687,1986.4,12.1000000000001,419.98,120.5,60.9
2024-07-09 22:37:39,39.556751,-105.083794,1988.4,14.1000000000001,419.98,125.8,60.4
2024-07-09 22:37:40,39.55658,-105.083893,1990.4,15.9000000000001,419.99,122.9,60.4
2024-07-09 22:37:41,39.556412,-105.083992,1988.7,14.1000000000001,420.11,120.1,60.9
2024-07-09 22:37:42,39.55624,-105.084084,1985.5,10.4000000000001,420.23,118.6,60.9
2024-07-09 22:37:43,39.556068,-105.084167,1983,7.90000000000009,420.17,117.4,61.4
2024-07-09 22:37:45,39.555817,-105.084297,1979.7,4.5,420.07,118.9,62.2
2024-07-09 22:37:47,39.555569,-105.084419,1978.5,3.29999999999995,420.24,121.8,61.4
2024-07-09 22:37:48,39.555408,-105.084488,1978.3,3.09999999999991,420.26,123.2,64.5
2024-07-09 22:37:49,39.55526,-105.084572,1978.3,3.09999999999991,420.28,120.4,72.1
2024-07-09 22:37:50,39.555099,-105.084641,1977.9,2.70000000000005,420.32,117.1,62
2024-07-09 22:37:56,39.55442,-105.084969,1978.3,2.89999999999986,420.94,117.1,60.9
2024-07-09 22:37:57,39.55431,-105.085022,1978.4,3,420.84,115.2,60.9
2024-07-09 22:38:10,39.553299,-105.085487,1977.9,2.5,425.66,130.8,59.4
2024-07-09 22:38:11,39.553188,-105.085541,1978.3,2.89999999999986,424.87,136.2,66.5
2024-07-09 22:38:13,39.553017,-105.085632,1978.5,3.09999999999991,425.17,141.9,62.5
2024-07-09 22:38:15,39.55275,-105.085754,1977.8,2.39999999999986,425.67,136.3,65
2024-07-09 22:38:34,39.550941,-105.086594,1982.1,6.69999999999982,424.32,128.5,59.9
2024-07-09 22:38:35,39.550838,-105.086632,1988.7,13.3,428.4,126.3,60.7
2024-07-09 22:38:38,39.550724,-105.086685,2000.4,25,421.15,123.7,60.2
2024-07-09 22:38:40,39.550644,-105.086723,1991.4,16,421.97,127.1,60.2
2024-07-09 22:38:42,39.55061,-105.086739,1987.3,11.8999999999999,420.53,131.1,59.9
2024-07-09 22:38:43,39.550598,-105.086739,1987.1,11.6999999999998,420.38,133.5,59.9
2024-07-09 22:38:45,39.550579,-105.086746,1989.3,13.8999999999999,420.14,122.8,60.4
2024-07-09 22:38:46,39.55056,-105.086761,1991.2,15.8,420.08,118.2,60.4
2024-07-09 22:38:47,39.550499,-105.086784,1993.2,17.8,420.01,118,60.7
2024-07-09 22:38:49,39.550415,-105.086823,1998.5,23.0999999999999,419.85,119.5,65.5
2024-07-09 22:38:52,39.550301,-105.086876,2000.2,24.8,419.69,123.9,60.4
2024-07-09 22:38:54,39.550144,-105.086952,1999.7,24.3,420.42,123.6,60.9
2024-07-09 22:38:56,39.549946,-105.087044,2000.3,24.8999999999999,423.3,130.6,64.2
2024-07-09 22:38:58,39.549782,-105.08712,1997.7,22.3,428.37,131.6,61.4
2024-07-09 22:38:59,39.54966,-105.087181,1996.3,20.8999999999999,424.97,126.7,60.9
2024-07-09 22:39:00,39.549541,-105.087242,1994.7,19.3,421.58,121,60.9
2024-07-09 22:39:01,39.549412,-105.087303,1993.8,18.3999999999999,420.38,114.9,71.5
2024-07-09 22:39:03,39.54921,-105.087387,1994.2,18.8,419.89,122,69.3
2024-07-09 22:39:05,39.548916,-105.087532,1995.1,19.3999999999999,419.77,129.7,63.7
2024-07-09 22:39:07,39.548679,-105.087639,1997.1,21.3,420.05,130.3,63
2024-07-09 22:39:08,39.548531,-105.087708,1998.1,22.3,420.08,129.6,62
2024-07-09 22:39:09,39.54837,-105.087791,1998.9,23.1000000000001,420.09,130.1,62
2024-07-09 22:39:10,39.54821,-105.087868,1999.6,23.8,420.09,131.4,62
2024-07-09 22:39:12,39.547966,-105.087982,1999.4,23.6000000000001,421.26,127.9,62.2
2024-07-09 22:39:14,39.547722,-105.088097,1996.2,20.4000000000001,430.7,129.3,62
2024-07-09 22:39:15,39.54755,-105.088181,1994.5,18.7,429.48,136,62
2024-07-09 22:39:17,39.547291,-105.088303,1991.9,16.1000000000001,425.13,126.7,62.2
2024-07-09 22:39:19,39.547031,-105.088417,1996.5,20.7,421.83,126,65
2024-07-09 22:39:20,39.546871,-105.088501,1995.9,20.1000000000001,424.96,129.6,62
2024-07-09 22:39:21,39.5467,-105.08857,1995.1,19.3,427.82,125.7,62
2024-07-09 22:39:22,39.546532,-105.088654,1994.9,19.1000000000001,427.31,121.9,73.6
2024-07-09 22:39:24,39.546268,-105.088753,1993.7,17.9000000000001,425.89,125.9,62.2
2024-07-09 22:39:26,39.545925,-105.088905,1987.3,11.5,423.27,123,61.7
2024-07-09 22:39:28,39.54567,-105.089027,1985.5,9.70000000000005,419.26,124.9,62
2024-07-09 22:39:29,39.54549,-105.089111,1985,9.20000000000005,419.31,128.6,73.1
2024-07-09 22:39:30,39.545319,-105.089188,1984.6,8.79999999999995,419.36,126.3,62
2024-07-09 22:39:31,39.545139,-105.089279,1983.6,7.79999999999995,419.45,123.3,62
2024-07-09 22:39:32,39.544971,-105.089363,1982,6.20000000000005,419.54,123,62
2024-07-09 22:39:33,39.5448,-105.089439,1980.9,5.10000000000014,419.58,124.3,61.4
2024-07-09 22:39:34,39.544628,-105.089523,1981,5.20000000000005,419.61,124.1,64
2024-07-09 22:39:35,39.544449,-105.0896,1981.1,5.29999999999995,419.65,121,62
2024-07-09 22:39:37,39.544281,-105.089684,1982.9,7.10000000000014,420.45,120.7,62.5
2024-07-09 22:39:38,39.544102,-105.08976,1985.1,9.29999999999995,427.62,123.1,70
2024-07-09 22:39:39,39.54393,-105.089851,1987.7,11.9000000000001,434.8,124,72.6
2024-07-09 22:39:40,39.543751,-105.089928,1989.3,13.5,434.31,124.5,62.5
2024-07-09 22:39:42,39.54348,-105.090065,1989.1,13.3,430.26,125,62.2
2024-07-09 22:39:44,39.543209,-105.090187,1988.2,12.4000000000001,429.97,125.8,62
2024-07-09 22:39:45,39.54303,-105.090279,1988.3,12.5,432.21,126.4,62.5
2024-07-09 22:39:46,39.542858,-105.090363,1988.6,12.8,434.45,129,60.9
2024-07-09 22:39:47,39.542679,-105.090439,1988.3,12.5,429.07,131.6,61.4
2024-07-09 22:39:49,39.542435,-105.090561,1986.9,11.1000000000001,421.15,126.1,62.2
2024-07-09 22:39:51,39.54211,-105.090698,1985.1,9.29999999999995,419.85,123.8,65.2
2024-07-09 22:39:53,39.541794,-105.090828,1981,5.09999999999991,419.74,122.5,61.7
2024-07-09 22:39:55,39.54158,-105.090919,1980.6,3.69999999999982,419.51,119.8,60.4
2024-07-09 22:39:58,39.541275,-105.091064,1990.7,9.79999999999995,418.9,127.2,65.5
2024-07-09 22:40:00,39.541096,-105.091148,1998.1,17.1999999999998,419.3,205.9,61.2
2024-07-09 22:40:02,39.540989,-105.091202,2036.4,55.5,420.29,226.2,61.4
2024-07-09 22:40:03,39.54092,-105.091232,2041.8,60.8999999999999,419.88,171.8,67.5
2024-07-09 22:40:04,39.540871,-105.091263,2033.5,52.5999999999999,419.39,145.8,62.5
2024-07-09 22:40:06,39.54081,-105.091278,2022.3,41.3999999999999,419.25,129.4,62
2024-07-09 22:40:07,39.540726,-105.091324,2018.5,37.9000000000001,419.16,118.8,66.2
2024-07-09 22:40:09,39.540619,-105.091377,2042.2,62,418.51,117.1,61.4
2024-07-09 22:40:10,39.54055,-105.091408,2037.7,57.7,418.96,126.5,62
2024-07-09 22:40:11,39.540482,-105.091423,2022.4,42.6000000000001,419.42,129.7,61.4
2024-07-09 22:40:12,39.540409,-105.0914,2011,31.2,419.62,129.9,62
2024-07-09 22:40:14,39.54031,-105.091331,2007.2,27.6000000000001,419.8,121.8,64
2024-07-09 22:40:16,39.54023,-105.091217,2042.7,63.2,420.2,122.4,61.4
2024-07-09 22:40:17,39.540199,-105.091118,2061.9,82.5,422.38,127.9,60.9
2024-07-09 22:40:19,39.540165,-105.090981,2089.3,110,422.96,115,63.2
2024-07-09 22:40:21,39.540112,-105.090782,2074.7,95.9999999999998,420.05,105.7,66.5
2024-07-09 22:40:23,39.54007,-105.090652,2027.6,49.1999999999998,420.43,120.4,61.4
2024-07-09 22:40:24,39.540039,-105.090553,2022.7,44.6000000000001,420.09,133.2,61.4
2024-07-09 22:40:25,39.54002,-105.090439,2018.9,40.9000000000001,419.82,128.4,61.4
2024-07-09 22:40:26,39.539989,-105.09034,2029.1,51.0999999999999,420.65,123.5,66.5
2024-07-09 22:40:28,39.539967,-105.090164,2057.8,80.6000000000001,420.98,141.7,61.4
2024-07-09 22:40:30,39.539959,-105.089928,2067,90.0999999999999,419.97,128.9,61.2
2024-07-09 22:40:32,39.539989,-105.089706,2026.1,50.0999999999999,421.06,117.5,66.2
2024-07-09 22:40:34,39.540031,-105.089539,2039.5,63.9000000000001,425.36,116.6,74.1
2024-07-09 22:40:35,39.540058,-105.089432,2060.5,85,423.36,116.6,63
2024-07-09 22:40:37,39.540134,-105.089279,2102.2,126.9,420.22,131.4,62.7
2024-07-09 22:40:39,39.540264,-105.089104,2002.1,26.8999999999999,420.23,125.2,63.5
2024-07-09 22:40:41,39.540379,-105.089012,2016.8,42.0999999999999,420.04,117,67.5
2024-07-09 22:40:42,39.540451,-105.088959,2012.8,38.7,420.18,117.2,63
2024-07-09 22:40:43,39.540531,-105.088913,2004.2,30.4000000000001,420.31,114.8,64.5
2024-07-09 22:40:44,39.540611,-105.088867,2001.3,27.5,420.65,111.8,72.1
2024-07-09 22:40:46,39.540726,-105.088806,2010.9,37.4000000000001,421.16,136,66.8
2024-07-09 22:40:48,39.540871,-105.088722,1992.7,19.2,420.86,138.6,66.8
2024-07-09 22:40:51,39.541016,-105.088631,2007.1,34,420.24,143.2,64.7
2024-07-09 22:40:52,39.541119,-105.08857,2010.1,37,420.19,150,64.5
2024-07-09 22:40:53,39.54118,-105.088516,2015.4,42.3000000000002,420.17,155.4,65
2024-07-09 22:40:55,39.541286,-105.088463,2042.7,69.7,420.19,155.4,63.2
2024-07-09 22:40:57,39.541382,-105.088417,2016.3,43.3,420.71,157.7,63
2024-07-09 22:40:58,39.541431,-105.088387,2019.4,46.4000000000001,427.79,162.9,63.5
2024-07-09 22:40:59,39.541481,-105.088364,2030.6,57.5999999999999,434.88,167,66
2024-07-09 22:41:00,39.541512,-105.088341,2034.4,61.5,436.35,170.8,63
2024-07-09 22:41:02,39.541553,-105.088318,2020.2,47.7,434.81,174.9,63.5
2024-07-09 22:41:04,39.541599,-105.088295,2014.8,42.3999999999999,430.39,173,60.9
2024-07-09 22:41:06,39.54163,-105.08828,2003.9,31.5,430.16,166.5,64
2024-07-09 22:41:07,39.541641,-105.088272,2002.6,30.1999999999998,427.89,162.3,60.9
2024-07-09 22:41:08,39.54166,-105.088272,2004.6,32.1999999999998,425.56,160.4,66.5
2024-07-09 22:41:09,39.541679,-105.088257,2006.5,34.0999999999999,424.54,159.7,61.4
2024-07-09 22:41:10,39.541691,-105.088249,2007.9,35.5,424.08,160,72.1
2024-07-09 22:41:11,39.54171,-105.088242,2009.3,36.8999999999999,423.16,161.8,67
2024-07-09 22:41:13,39.541737,-105.088226,2010.8,38.3999999999999,420.3,154.2,66.8
2024-07-09 22:41:15,39.541752,-105.088226,2009.4,37,419.85,142.1,61.4
2024-07-09 22:41:16,39.541752,-105.088219,2004.5,32.0999999999999,419.83,138.8,60.9
2024-07-09 22:41:17,39.541759,-105.088219,1995.5,23.0999999999999,419.84,137,64.5
2024-07-09 22:41:18,39.541759,-105.088219,1987.6,15.1999999999998,419.85,136.3,65.5
2024-07-09 22:41:20,39.541759,-105.088219,1983.6,11.1999999999998,419.83,133.9,61.7
2024-07-09 22:41:22,39.541752,-105.088219,1983.8,11.3999999999999,419.49,133.9,60.9
2024-07-09 22:41:23,39.541752,-105.088219,1983.3,10.8999999999999,419.58,135.4,60.9
2024-07-09 22:41:24,39.541752,-105.088219,1982.3,10,419.67,135.9,62
2024-07-09 22:41:25,39.541752,-105.088219,1981.9,9.60000000000014,419.66,136.1,62
2024-07-09 22:41:26,39.541752,-105.088219,1982.2,10,419.62,134.2,72.1
2024-07-09 22:41:27,39.541752,-105.088219,1982.3,10.2,419.61,129.8,62
2024-07-09 22:41:29,39.541752,-105.088219,1980.2,8.10000000000014,420.17,132.2,62.2
2024-07-09 22:41:31,39.541752,-105.088219,1980,7.90000000000009,424.7,135.5,62.5
2024-07-09 22:41:32,39.541752,-105.088219,1979.8,7.79999999999995,423.46,132.7,74.1
2024-07-09 22:41:33,39.541752,-105.088219,1979.6,7.59999999999991,421.9,133.9,61.4
2024-07-09 22:41:34,39.541752,-105.088219,1979.3,7.39999999999986,421.01,137.7,60.9
2024-07-09 22:41:36,39.541752,-105.088219,1978.7,7.10000000000014,420.53,138.9,63
2024-07-09 22:41:38,39.541752,-105.088219,1979.5,8,423.83,135.8,60.4
2024-07-09 22:41:39,39.541752,-105.088219,1979.8,8.29999999999995,424.77,134.4,60.9
2024-07-09 22:41:41,39.541752,-105.088219,1979.4,7.90000000000009,424.52,137,65
2024-07-09 22:41:43,39.541752,-105.088219,1978,6.59999999999991,420.06,136.3,60.4
2024-07-09 22:41:44,39.541752,-105.088219,1978.1,6.79999999999995,419.99,134.3,59.9
2024-07-09 22:41:45,39.541756,-105.088219,1978.4,7.10000000000014,419.92,134.4,64
2024-07-09 22:41:48,39.541771,-105.088219,1978,6.79999999999995,419.95,143.7,59.7
2024-07-09 22:41:50,39.541786,-105.088203,1976.9,5.70000000000005,420.88,144.9,59.9
2024-07-09 22:41:52,39.541805,-105.088196,1977.2,6,424.49,146.1,59.7
2024-07-09 22:41:54,39.541809,-105.088188,1976,4.79999999999995,434.42,150.7,59.4
2024-07-09 22:41:55,39.541809,-105.088188,1975.6,4.39999999999986,433.95,153.3,60.4
2024-07-09 22:41:56,39.541809,-105.088188,1975.5,4.29999999999995,433.09,154.9,59.9
2024-07-09 22:41:57,39.541809,-105.088188,1975.3,4.09999999999991,431.64,155.8,59.9
2024-07-09 22:41:59,39.541809,-105.088188,1974.7,3.5,429.34,155.7,59.9
2024-07-09 22:42:01,39.541809,-105.088188,1975.2,4,430.98,159,66
2024-07-09 22:42:03,39.541809,-105.088188,1974.1,2.89999999999986,423.6,153.4,59.9
2024-07-09 22:42:04,39.541809,-105.088188,1973.8,2.59999999999991,424.02,142.1,59.4
2024-07-09 22:42:06,39.541809,-105.088188,1973.8,2.59999999999991,424.64,134.7,61.4
2024-07-09 22:42:10,39.541809,-105.088188,1973.5,2.29999999999995,423.87,141.5,59.4
2024-07-09 22:42:11,39.541809,-105.088188,1973.5,2.29999999999995,429.62,153.6,59.4
2024-07-09 22:42:22,39.542015,-105.088081,1974.3,3.20000000000005,434.13,147.6,60.4
2024-07-09 22:42:44,39.543541,-105.08725,1973.5,2.5,426.54,133.8,60.4
2024-07-09 22:42:45,39.54361,-105.087173,1973.7,2.70000000000005,425.95,141.7,69.5
2024-07-09 22:42:47,39.543686,-105.087029,1973.7,2.70000000000005,423.17,143.3,62.2
2024-07-09 22:42:49,39.543751,-105.086884,1973.7,2.70000000000005,421.42,137.4,60.4
2024-07-09 22:42:50,39.543781,-105.086777,1973.5,2.5,420.71,135.6,60.4
2024-07-09 22:44:01,39.538792,-105.08802,1975.7,4.70000000000005,430.66,5232.7,59.9
2024-07-09 22:44:03,39.538605,-105.088028,1997.2,26.2,447.49,4075.8,59.9
2024-07-09 22:44:05,39.538361,-105.088036,1976,5,420.86,1337.1,59.9
2024-07-09 22:44:23,39.536369,-105.088814,1973.9,2.90000000000009,422.21,751.1,60.4
2024-07-09 22:44:24,39.536228,-105.088882,1974.5,3.5,422.12,1057.2,61.4
2024-07-09 22:44:37,39.534672,-105.089394,1976.5,5.40000000000009,423.92,663.3,60.9
2024-07-09 22:44:38,39.534519,-105.089401,1976.9,5.80000000000018,423.27,694.1,59.9
2024-07-09 22:44:39,39.534382,-105.089409,1974.5,3.40000000000009,422.29,598.6,60.9
2024-07-09 22:44:53,39.532581,-105.089058,1974.7,3.60000000000014,420.85,1673.6,70
2024-07-09 22:44:54,39.53244,-105.088997,1987.6,16.5,432.55,4179.1,61.4
2024-07-09 22:44:55,39.532299,-105.088928,2028.6,57.5,450.07,7922.5,62
2024-07-09 22:44:56,39.532162,-105.088852,2069.1,98,458.35,13819.4,62
2024-07-09 22:44:58,39.532021,-105.088768,2003.4,32.3000000000002,446.56,10803.2,63
2024-07-09 22:44:59,39.531879,-105.088676,1988,16.9000000000001,434.64,3137.8,61.4
2024-07-09 22:45:03,39.531445,-105.088394,1973.5,2.40000000000009,449.43,8551.5,63
2024-07-09 22:45:05,39.531223,-105.088272,2088.1,117,560.47,9606.8,62.5
2024-07-09 22:45:07,39.531059,-105.088203,2008.9,37.8000000000002,435.02,4843.1,63
2024-07-09 22:45:08,39.53096,-105.088158,1979.3,8.20000000000005,426.6,4362.9,63.5
2024-07-09 22:45:10,39.530796,-105.088097,1975.5,4.40000000000009,426.07,1826.7,68.3
2024-07-09 22:45:21,39.529869,-105.08786,1973.6,2.5,422.7,369.6,62
2024-07-09 22:45:27,39.529388,-105.087837,1974.1,3,425.55,266.8,62
2024-07-09 22:45:28,39.52924,-105.087837,1976,4.90000000000009,428.15,494.4,65
2024-07-09 22:45:30,39.529079,-105.08783,1973.6,2.5,429.09,508.5,61.4
2024-07-09 22:45:39,39.528179,-105.08786,1976.2,5.10000000000014,425.05,363.4,69
2024-07-09 22:45:40,39.528061,-105.087891,1976.8,5.70000000000005,423.75,471.8,61.4
2024-07-09 22:45:41,39.527939,-105.087936,1974.1,3,421.43,470.9,61.4
2024-07-09 22:45:47,39.527351,-105.088242,1974.3,3.09999999999991,421.29,181.6,60.9
2024-07-09 22:45:49,39.527184,-105.088348,1985.2,14,422.64,3109.1,63.2
2024-07-09 22:45:51,39.526955,-105.088478,1976,4.79999999999995,425.23,2646.9,60.7
2024-07-09 22:45:53,39.526791,-105.088577,1975.6,4.39999999999986,423.39,575.9,71
2024-07-09 22:45:54,39.52668,-105.088654,1974.9,3.70000000000005,422.22,447.9,61.4
2024-07-09 22:45:58,39.526272,-105.088898,1974.7,3.5,422.43,4168.6,60.4
2024-07-09 22:46:00,39.526031,-105.089035,1978,6.79999999999995,427.68,4580.9,60.7
2024-07-09 22:46:03,39.525791,-105.089172,1981.9,10.7,437.61,6016.7,60.2
2024-07-09 22:46:05,39.525558,-105.089317,2028.2,57,466.48,4303.1,59.9
2024-07-09 22:46:07,39.525372,-105.089409,1982.1,10.8999999999999,420.46,1093.1,71
2024-07-09 22:46:12,39.524879,-105.089592,1985.8,14.7,426.03,7823.9,63.5
2024-07-09 22:46:13,39.52475,-105.089622,2015.8,44.7,446.47,13908.8,59.4
2024-07-09 22:46:14,39.52462,-105.089638,2049.2,78.0999999999999,466.64,16849.9,60.4
2024-07-09 22:46:15,39.52449,-105.089653,2049.5,78.4000000000001,462.17,19693.8,60.4
2024-07-09 22:46:17,39.5243,-105.089661,2008.5,37.4000000000001,446.07,8306.1,60.4
2024-07-09 22:46:18,39.524109,-105.089661,1992.1,21,431.08,3260.8,69
2024-07-09 22:46:19,39.523979,-105.089638,1975.8,4.70000000000005,422.08,1898,59.9
2024-07-09 22:46:22,39.523739,-105.0896,1974.5,3.20000000000005,422.84,1049.6,70.5
2024-07-09 22:46:23,39.523609,-105.089569,1978.4,7.10000000000014,425.38,891.6,60.4
2024-07-09 22:46:24,39.523491,-105.089531,1979.3,8,423.74,611,60.9
2024-07-09 22:46:28,39.52306,-105.089348,1979.4,8.20000000000005,423.61,868.1,71.5
2024-07-09 22:46:37,39.522209,-105.088699,1973.5,2.29999999999995,420.84,300.3,61.4
2024-07-09 22:46:49,39.520981,-105.087608,1979.1,8,425.64,1192.6,61.4
2024-07-09 22:46:51,39.520859,-105.087509,2044.6,73.5,459.76,20415.3,66
2024-07-09 22:46:52,39.520748,-105.08741,2091.2,120.1,521.56,35086.8,60.9
2024-07-09 22:46:53,39.520584,-105.087257,2139.1,168,578.46,26053.7,61.2
2024-07-09 22:46:56,39.52037,-105.087051,2010.5,39.4000000000001,432.57,6719.3,59.9
2024-07-09 22:46:58,39.520184,-105.08683,1979.5,8.40000000000009,423.61,2113.7,60.2
2024-07-09 22:47:00,39.520061,-105.086639,1973.6,2.5,420.64,646.2,60.4
2024-07-09 22:47:07,39.519707,-105.085678,1974.2,3.10000000000014,419.8,593.5,68.3
2024-07-09 22:47:16,39.519699,-105.084427,1974,2.90000000000009,420.98,1887.8,60.9
2024-07-09 22:47:17,39.519711,-105.084259,1988.9,17.8000000000002,430.94,3369.9,60.4
2024-07-09 22:47:19,39.519733,-105.083992,2023.9,52.8000000000002,438.95,3968.5,60.9
2024-07-09 22:47:21,39.519764,-105.083633,1993.9,22.8000000000002,429.65,4046.1,68
2024-07-09 22:47:24,39.519798,-105.083267,1984.5,13.4000000000001,428.93,1287.8,62.7
2024-07-09 22:48:11,39.521049,-105.077698,1974,2.90000000000009,420.81,702.1,60.9
2024-07-09 22:48:12,39.521099,-105.077591,1979.4,8.30000000000018,426.58,1067.6,60.4
2024-07-09 22:48:13,39.52116,-105.077492,1989.1,18,432.87,1755.1,60.4
2024-07-09 22:48:14,39.521221,-105.077393,1994.8,23.7,432,2673.1,67.5
2024-07-09 22:48:16,39.521339,-105.077248,1973.7,2.60000000000014,422.16,1644.6,63
2024-07-09 22:48:32,39.522839,-105.076012,1973.9,2.80000000000018,419.62,168.9,58.7
2024-07-09 22:48:34,39.52301,-105.075867,1974.3,3.20000000000005,419.61,168.8,59.4
2024-07-09 22:48:35,39.523121,-105.07579,1974.4,3.30000000000018,419.62,169.5,59.9
2024-07-09 22:48:36,39.523232,-105.075699,1974.6,3.5,419.63,171.2,59.4
2024-07-09 22:48:37,39.523338,-105.075623,1974.7,3.60000000000014,419.55,174.2,59.4
2024-07-09 22:48:39,39.52346,-105.075539,1975.5,4.40000000000009,419.25,168.6,59.4
2024-07-09 22:48:40,39.523571,-105.07547,1976,4.90000000000009,419.22,161.7,59.4
2024-07-09 22:48:41,39.523689,-105.075409,1976.4,5.30000000000018,419.19,166.3,67.5
2024-07-09 22:48:42,39.523811,-105.075348,1976.8,5.70000000000005,419.14,172.3,66.5
2024-07-09 22:48:43,39.52393,-105.07531,1977.1,6,419.09,174.6,59.4
2024-07-09 22:48:44,39.52404,-105.075256,1977.2,6.10000000000014,418.92,174.6,59.4
2024-07-09 22:48:46,39.52422,-105.075218,1975.9,4.80000000000018,418.59,174.1,60.2
2024-07-09 22:48:48,39.524399,-105.075172,1976.6,5.5,418.87,171.3,59.9
2024-07-09 22:48:49,39.524509,-105.07515,1977.2,6.10000000000014,418.83,168.8,59.9
2024-07-09 22:48:51,39.524689,-105.075111,1978.3,7.20000000000005,418.84,172.8,63
2024-07-09 22:48:53,39.524929,-105.075073,1978.2,7.10000000000014,418.92,179.5,60.2
2024-07-09 22:48:55,39.52512,-105.075043,1977.7,6.60000000000014,418.73,180.1,59.9
2024-07-09 22:48:56,39.525242,-105.07502,1977.5,6.40000000000009,419.03,177.9,60.4
2024-07-09 22:48:57,39.525372,-105.074989,1977.3,6.20000000000005,419.32,177.6,59.9
2024-07-09 22:48:59,39.525551,-105.074951,1977.2,6.10000000000014,419.27,175.2,64.2
2024-07-09 22:49:00,39.525719,-105.074921,1977.2,6.10000000000014,419.42,171,60.4
2024-07-09 22:49:02,39.525879,-105.07489,1977.6,6.5,420.1,174.1,59.9
2024-07-09 22:49:05,39.526089,-105.074852,1977.8,6.70000000000005,421.35,174.5,59.9
2024-07-09 22:49:07,39.52631,-105.074799,1978.5,7.40000000000009,419.92,165.5,59.9
2024-07-09 22:49:09,39.526489,-105.07476,1977.8,6.70000000000005,419.18,155.2,59.9
2024-07-09 22:49:10,39.526619,-105.074722,1977.3,6.20000000000005,419.08,150,60.4
2024-07-09 22:49:11,39.526749,-105.074669,1976.9,5.80000000000018,418.97,149.5,59.9
2024-07-09 22:49:12,39.52689,-105.074623,1976.6,5.5,419.07,150.1,59.9
2024-07-09 22:49:14,39.527084,-105.074524,1976.1,5,419.24,148.8,61.2
2024-07-09 22:49:16,39.527271,-105.074417,1976.7,5.40000000000009,419.2,148.6,65
2024-07-09 22:49:17,39.52739,-105.074333,1976.2,4.90000000000009,419.27,149.1,61.4
2024-07-09 22:49:18,39.527569,-105.074211,1975.6,4.29999999999995,419.35,146.8,61.4
2024-07-09 22:49:20,39.527748,-105.074081,1976,4.70000000000005,419.39,145.4,60.9
2024-07-09 22:49:21,39.52787,-105.073997,1976.9,5.60000000000014,419.32,148.3,61.4
2024-07-09 22:49:22,39.527988,-105.073929,1978.9,7.60000000000014,419.21,152.9,60.9
2024-07-09 22:49:23,39.528099,-105.073853,1980.8,9.5,419.17,160.3,61.4
2024-07-09 22:49:25,39.52821,-105.073769,1980.8,9.5,419.34,167.8,60.9
2024-07-09 22:49:26,39.52832,-105.073692,1981,9.70000000000005,419.41,168.4,60.9
2024-07-09 22:49:27,39.528431,-105.073624,1981.4,10.1000000000001,419.48,170.7,65.5
2024-07-09 22:49:28,39.528542,-105.07354,1981.8,10.5,420.7,173.3,60.9
2024-07-09 22:49:30,39.528702,-105.073433,1983,11.7,422.33,179.9,66
2024-07-09 22:49:32,39.528912,-105.073296,1984.9,13.6000000000001,420.29,185.4,61.2
2024-07-09 22:49:34,39.529072,-105.073189,1984.5,13.2,420.85,175.6,63.5
2024-07-09 22:49:35,39.529171,-105.07312,1985.3,14,420.34,161.1,66.5
2024-07-09 22:49:37,39.529324,-105.073013,1989.1,17.8,419.46,164.7,65.5
2024-07-09 22:49:39,39.529545,-105.072868,1988.6,17.3,419.42,161.4,59.4
2024-07-09 22:49:41,39.529758,-105.072716,1988.7,17.4000000000001,418.91,162,59.4
2024-07-09 22:49:43,39.529919,-105.072609,1989,17.7,419.4,163.5,59.9
2024-07-09 22:49:44,39.530022,-105.07254,2000.2,28.9000000000001,419.32,154.7,59.9
2024-07-09 22:49:45,39.530109,-105.072472,2030,58.7,419.15,150.7,59.9
2024-07-09 22:49:46,39.530201,-105.072388,2054.9,83.6000000000001,419.19,152.7,59.4
2024-07-09 22:49:48,39.530281,-105.072304,2022.3,51,419.63,158.6,60.4
2024-07-09 22:49:49,39.53035,-105.072197,2017.2,45,419.6,162.1,59.9
2024-07-09 22:49:50,39.530418,-105.072098,2014.5,41.4000000000001,419.58,162.9,69
2024-07-09 22:49:51,39.530479,-105.071991,2014.7,40.8,419.64,163.3,59.9
2024-07-09 22:49:52,39.530529,-105.071877,2017.7,43.8,419.7,162.5,59.9
2024-07-09 22:49:53,39.530571,-105.071762,2020,46.0999999999999,419.91,161,59.9
2024-07-09 22:49:55,39.530609,-105.071594,2020.7,46.8,421.49,168.8,67
2024-07-09 22:49:57,39.530643,-105.071404,2020.1,46.1999999999998,426.66,169.2,68
2024-07-09 22:49:59,39.530659,-105.071274,2020.4,46.5,420.52,155.8,61.4
2024-07-09 22:50:00,39.530682,-105.071198,2020,46.0999999999999,419.97,147.4,61.4
2024-07-09 22:50:02,39.53072,-105.071129,2016.6,42.6999999999998,419.89,153.3,61.4
2024-07-09 22:50:03,39.530762,-105.071083,2008.8,35.5,419.96,161.2,61.4
2024-07-09 22:50:04,39.530846,-105.07103,2001.1,28.5,419.99,172.5,63.5
2024-07-09 22:50:06,39.530964,-105.070992,1997.2,25.4000000000001,419.8,183.4,61.7
2024-07-09 22:50:08,39.531071,-105.070953,1995.7,23.9000000000001,420.05,179.2,70.5
2024-07-09 22:50:09,39.531139,-105.0709,1996.5,24.7,420.92,174.9,67
2024-07-09 22:50:11,39.531212,-105.070847,2003.2,31.4000000000001,422.35,178,65.5
2024-07-09 22:50:12,39.531288,-105.070793,2002.6,30.8,421.36,182,60.9
2024-07-09 22:50:13,39.531422,-105.070702,2001.9,30.1000000000001,420.44,176.8,62
2024-07-09 22:50:16,39.531582,-105.070572,2031.6,59.8999999999999,422.17,163.2,60.9
2024-07-09 22:50:18,39.53175,-105.07048,2040.6,68.8999999999999,420.06,164.5,62.5
2024-07-09 22:50:20,39.531937,-105.070412,2057.3,85.6000000000001,419.84,159.6,59.9
2024-07-09 22:50:22,39.53207,-105.070389,2083.2,111.5,420.06,161.4,59.9
2024-07-09 22:50:23,39.532169,-105.070389,2083.5,111.8,419.97,172.6,59.9
2024-07-09 22:50:24,39.532261,-105.070396,2069.2,97.4999999999998,419.86,174.1,62.5
2024-07-09 22:50:25,39.53236,-105.070419,2056.2,84.4999999999998,419.95,168.2,62
2024-07-09 22:50:27,39.532494,-105.070465,2040.1,68.3999999999999,420.24,155,62.5
2024-07-09 22:50:29,39.532639,-105.070518,2011.3,39.5999999999999,419.85,155.6,62.5
2024-07-09 22:50:30,39.53273,-105.070549,2019.2,47.5,419.85,162.7,62.5
2024-07-09 22:50:31,39.532829,-105.07058,2037.6,65.8999999999999,419.86,159.1,62
2024-07-09 22:50:32,39.532921,-105.07061,2041.4,69.7,419.92,152.2,63.5
2024-07-09 22:50:34,39.533058,-105.070663,2010.1,38.3999999999999,419.98,157.6,63
2024-07-09 22:50:36,39.533226,-105.070717,2007.8,36.0999999999999,419.8,156,67.3
2024-07-09 22:50:38,39.533371,-105.070763,2025,53.3,419.8,154,62.7
2024-07-09 22:50:40,39.533459,-105.070801,2018,46.3,419.8,157,64
2024-07-09 22:50:41,39.53352,-105.070808,2012.9,41.2,419.69,154.6,63.5
2024-07-09 22:50:43,39.533585,-105.070831,2012.1,40.3999999999999,419.17,150.7,72.8
2024-07-09 22:50:45,39.533642,-105.070831,2014.8,43.0999999999999,417.94,151,61.4
2024-07-09 22:50:46,39.53368,-105.070808,2019.5,47.8,418.28,153,65.5
2024-07-09 22:50:48,39.533726,-105.070778,2029.2,57.5,418.86,158,65.2
2024-07-09 22:50:49,39.533772,-105.070747,2028,56.3,419.06,157.9,61.4
2024-07-09 22:50:50,39.533798,-105.070747,2027.8,56.0999999999999,419.23,154.8,60.9
2024-07-09 22:50:52,39.533844,-105.070786,2046.3,74.5999999999999,419.41,149.8,60.9
2024-07-09 22:50:54,39.533859,-105.070847,2024.5,52.8,419.17,147.2,67.5
2024-07-09 22:50:55,39.533859,-105.070892,2014,42.3,419.32,146.9,58.9
2024-07-09 22:50:56,39.533852,-105.07093,2007.8,36.0999999999999,419.53,143.4,59.4
2024-07-09 22:50:57,39.533829,-105.070961,2003.1,31.3999999999999,419.53,136.4,58.9
2024-07-09 22:50:59,39.533791,-105.070984,2013.1,41.3999999999999,419.25,133.4,59.4
2024-07-09 22:51:01,39.53376,-105.070992,2003.2,31.5,419.42,140.5,59.4
2024-07-09 22:51:02,39.533741,-105.070976,1998,26.3,419.6,145.8,59.4
2024-07-09 22:51:04,39.53373,-105.070976,1989.4,17.7,419.95,145.2,64.7
2024-07-09 22:51:06,39.53373,-105.070969,1984.8,13.0999999999999,420.19,146.5,65
2024-07-09 22:51:08,39.53373,-105.070969,1977.7,6,420.14,141.4,60.9
2024-07-09 22:51:09,39.53373,-105.070969,1976.3,4.59999999999991,420.33,133.7,65.5
2024-07-09 22:51:10,39.53373,-105.070969,1976.4,4.70000000000005,420.52,131.4,58.9
2024-07-09 22:51:11,39.53373,-105.070969,1976.4,4.70000000000005,420.8,131.5,59.4
2024-07-09 22:51:13,39.53373,-105.070969,1976.4,4.70000000000005,421.21,124.9,62
2024-07-09 22:51:15,39.53373,-105.070969,1977.3,5.59999999999991,420.8,126.4,60.9
2024-07-09 22:51:16,39.53373,-105.070969,1977.5,5.79999999999995,420.35,131.9,61.4
2024-07-09 22:51:17,39.53373,-105.070969,1977.7,6,419.9,131.2,67
2024-07-09 22:51:18,39.53373,-105.070969,1978.1,6.39999999999986,420.73,128.7,61.4
2024-07-09 22:51:20,39.53373,-105.070969,1979.4,7.70000000000005,422.02,126.6,61.7
2024-07-09 22:51:22,39.53373,-105.070969,1977.3,5.59999999999991,420.4,126.4,63.5
2024-07-09 22:51:24,39.53373,-105.070969,1974.9,3.20000000000005,420.02,124.3,62.5
2024-07-09 22:52:20,39.53373,-105.070969,1973.3,2.29999999999995,422.84,118.6,63
2024-07-09 22:52:22,39.53373,-105.070969,1977.1,6.09999999999991,425.44,123,66.2
2024-07-09 22:52:24,39.53373,-105.070969,1979.5,8.5,422,123.5,69
2024-07-09 22:52:25,39.53373,-105.070969,1981.9,10.9000000000001,422.39,122.3,63
2024-07-09 22:52:26,39.53373,-105.070969,1984.7,13.7,422.79,120.2,64.7
2024-07-09 22:52:29,39.53373,-105.070969,1982.8,11.8,423.01,113,64.7
2024-07-09 22:52:31,39.53373,-105.070969,1981.8,10.8,421.66,115.9,66.8
2024-07-09 22:52:33,39.53373,-105.070969,1977.4,6.40000000000009,421.06,120,63
2024-07-09 22:52:34,39.53373,-105.070969,1977.7,6.70000000000005,421.15,120.1,66.5
2024-07-09 22:52:35,39.53373,-105.070969,1979.6,8.59999999999991,421.25,117.6,73.6
2024-07-09 22:52:36,39.53373,-105.070969,1980.8,9.79999999999995,421.29,114,61.4
2024-07-09 22:52:38,39.53373,-105.070969,1980.2,9.20000000000005,421.43,116.3,65.5
2024-07-09 22:52:39,39.53373,-105.070969,1978.3,7.29999999999995,421.67,119.7,71.5
2024-07-09 22:52:40,39.53373,-105.070969,1976.5,5.5,421.91,131.5,61.4
2024-07-09 22:52:41,39.53373,-105.070969,1975.1,4.09999999999991,422.07,143.3,61.4
2024-07-09 22:52:42,39.53373,-105.070969,1973.9,2.90000000000009,422.22,136.8,64.5
2024-07-09 22:52:43,39.53373,-105.070969,1973.3,2.29999999999995,421.64,124.4,62
2024-07-09 22:52:45,39.53373,-105.070969,1974.3,3.29999999999995,420.29,120.3,61.2
2024-07-09 22:52:47,39.53373,-105.070969,1978,7,419.92,122.3,62
2024-07-09 22:52:48,39.53373,-105.070969,1995.2,24.2,421.82,122.5,60.9
2024-07-09 22:52:49,39.53373,-105.070969,2017,46,423.72,131.9,61.4
2024-07-09 22:52:51,39.53373,-105.070969,2009.8,38.8,429.96,144.3,72.1
2024-07-09 22:52:52,39.53373,-105.070969,1999.7,28.7,428.24,139.2,60.9
2024-07-09 22:52:54,39.53373,-105.070969,1991.5,20.5,420.2,126.2,61.4
2024-07-09 22:52:55,39.53373,-105.070969,1988.7,17.7,420.23,118.9,63
2024-07-09 22:52:56,39.53373,-105.070969,1986.2,15.2,420.25,117.7,66
2024-07-09 22:52:57,39.53373,-105.070969,1984.7,13.7,420.34,116.8,60.9
2024-07-09 22:52:58,39.53373,-105.070969,1983.9,12.9000000000001,420.43,119.9,70
2024-07-09 22:52:59,39.53373,-105.070969,1982.5,11.5,420.43,125.5,60.9
2024-07-09 22:53:01,39.53373,-105.070969,1976.7,5.70000000000005,420.4,135.2,60.7
2024-07-09 22:53:03,39.53373,-105.070969,1973.6,2.59999999999991,420.67,134.3,60.9
2024-07-09 22:53:06,39.53373,-105.070969,1973.4,2.40000000000009,425.26,139.4,59.9
2024-07-09 22:53:08,39.53373,-105.070969,1977.7,6.70000000000005,426.94,143.3,60.2
2024-07-09 22:53:10,39.53373,-105.070969,1973.5,2.5,423.35,148.7,67.5
2024-07-09 22:53:11,39.53373,-105.070969,1973.7,2.70000000000005,423.7,152.7,60.4
2024-07-09 22:53:12,39.53373,-105.070969,1974.2,3.20000000000005,424.05,147.5,60.4
2024-07-09 22:53:13,39.53373,-105.070969,1973.8,2.79999999999995,422.96,142,59.9
2024-07-09 22:54:20,39.53373,-105.070969,1973.3,2.29999999999995,442.24,157.3,71.5
2024-07-09 22:54:21,39.53373,-105.070969,1973.7,2.70000000000005,444.23,154.9,64
2024-07-09 22:54:23,39.53373,-105.070969,1973.9,2.90000000000009,437.82,158.2,60.9
2024-07-09 22:54:24,39.53373,-105.070969,1973.9,2.90000000000009,433.33,163.7,70
2024-07-09 22:54:25,39.53373,-105.070969,1974,3,428.84,176.1,59.4
2024-07-09 22:54:26,39.53373,-105.070969,1974,3,426.68,190.8,59.4
2024-07-09 22:54:28,39.53373,-105.070969,1973.7,2.70000000000005,424.87,179.9,58.9
2024-07-09 22:54:29,39.53373,-105.070969,1974,3,425.93,175.3,63.5
2024-07-09 22:54:30,39.53373,-105.070969,1974.3,3.29999999999995,426.79,210,65
2024-07-09 22:54:39,39.53373,-105.070969,1974.1,3.09999999999991,430.97,116.5,58.9
2024-07-09 22:54:40,39.53373,-105.070969,1974.3,3.29999999999995,425.72,118.7,58.9
2024-07-09 22:54:42,39.53373,-105.070969,1973.5,2.5,418.79,127.2,59.4
2024-07-09 22:54:43,39.53373,-105.070969,1973.9,2.90000000000009,418.55,130.2,59.9
2024-07-09 22:54:44,39.53373,-105.070969,1974.2,3.20000000000005,418.52,130.9,59.9
2024-07-09 22:54:46,39.53373,-105.070969,1973.5,2.5,418.89,121.7,59.9
2024-07-09 22:54:47,39.53373,-105.070969,1973.9,2.90000000000009,418.81,113.4,59.9
2024-07-09 22:54:48,39.53373,-105.070969,1974.4,3.40000000000009,418.73,116.3,60.2
2024-07-09 22:54:50,39.53373,-105.070969,1973.9,2.90000000000009,419.22,124.6,59.4
2024-07-09 22:54:51,39.53373,-105.070969,1973.6,2.59999999999991,421.02,127.8,64
2024-07-09 22:54:52,39.53373,-105.070969,1973.5,2.5,423.59,131,59.9
2024-07-09 22:54:53,39.53373,-105.070969,1973.4,2.40000000000009,425.94,133.9,59.4
2024-07-09 22:55:33,39.531872,-105.07048,1975.1,3.09999999999991,463.65,1063.1,60.4
2024-07-09 22:55:34,39.531727,-105.070541,1976.2,4.20000000000005,477.83,811.7,61.2
2024-07-09 22:55:36,39.531601,-105.070618,1974.9,2.90000000000009,457.02,431.1,59.9
2024-07-09 22:55:37,39.531521,-105.070679,1974.5,2.5,467.12,386.8,59.9
2024-07-09 22:55:39,39.531395,-105.07077,1977.1,5.09999999999991,494.93,399.6,66.5
2024-07-09 22:55:41,39.531288,-105.070847,1975.8,3.79999999999995,485.76,349.7,59.9
2024-07-09 22:55:42,39.531231,-105.070892,1974.8,2.79999999999995,461.1,278.5,59.9
2024-07-09 22:55:50,39.530876,-105.071075,1975.3,3.29999999999995,439,307.1,58.2
2024-07-09 22:55:52,39.530842,-105.071083,1974.4,2.40000000000009,445.72,393.1,60.9
2024-07-09 22:56:16,39.530121,-105.072533,1974.4,2.30000000000018,435.43,225.3,55.9
2024-07-09 22:56:18,39.529903,-105.072685,1976.1,4,443.33,271.8,58.9
2024-07-09 22:56:20,39.529739,-105.0728,1977.4,5.30000000000018,450.86,314.7,55.9
2024-07-09 22:56:21,39.529621,-105.072884,1976.5,4.40000000000009,447.07,331.1,55.9
2024-07-09 22:56:22,39.529499,-105.07296,1974.7,2.70000000000005,443.28,328.4,57.4
2024-07-09 22:57:38,39.520966,-105.077995,1975.7,3.79999999999995,429.32,1106.4,60.2
2024-07-09 22:57:40,39.520889,-105.078217,1975.8,3.89999999999986,426,1647,68
2024-07-09 22:57:41,39.520851,-105.078377,1977.7,5.79999999999995,438.97,2789.1,59.9
2024-07-09 22:57:42,39.520828,-105.078552,1981.4,9.5,453.08,2677.9,59.4
2024-07-09 22:57:43,39.520809,-105.07872,1982.6,10.6999999999998,447.23,1827.5,59.9
2024-07-09 22:57:47,39.520802,-105.079323,1975,3.09999999999991,433.03,490.3,62.2
2024-07-09 22:57:59,39.520321,-105.080963,1974.4,2.5,444.5,327.7,56.9
2024-07-09 22:58:03,39.520111,-105.081398,1975.9,4,462.68,234.8,56.4
2024-07-09 22:58:04,39.52005,-105.081558,1976.1,4.19999999999982,457.65,258.4,68.5
2024-07-09 22:58:05,39.520012,-105.081734,1976.2,4.29999999999995,452.63,302.2,59.9
2024-07-09 22:58:06,39.51997,-105.081909,1976.3,4.39999999999986,471.66,349.9,58.9
2024-07-09 22:58:07,39.519951,-105.082092,1976.5,4.59999999999991,493.73,423.2,58.9
2024-07-09 22:58:09,39.519932,-105.082268,1980.2,8.29999999999995,550.62,578.6,58.9
2024-07-09 22:58:10,39.519909,-105.082558,1983.2,11.3,557.82,556.2,58.7
2024-07-09 22:58:12,39.519871,-105.082932,1975.7,3.79999999999995,462.55,483.2,68.3
2024-07-09 22:58:14,39.51984,-105.083221,1978.2,6.29999999999995,503.19,481.2,60.9
2024-07-09 22:58:15,39.519829,-105.083412,1980,8.09999999999991,515.44,589.7,53.9
2024-07-09 22:58:17,39.519798,-105.083702,1979.6,7.69999999999982,528.64,702.9,53.9
2024-07-09 22:58:19,39.519779,-105.084,1981.1,9.19999999999982,528.37,812.2,53.4
2024-07-09 22:58:20,39.51976,-105.08419,1980.7,8.79999999999995,516.75,884.6,56.4
2024-07-09 22:58:21,39.519749,-105.084389,1979.9,8,505.13,840.5,53.9
2024-07-09 22:58:22,39.51973,-105.084602,1978.8,6.89999999999986,492.78,771.8,53.4
2024-07-09 22:58:24,39.519711,-105.084892,1976.3,4.39999999999986,478.36,673.6,48.3
2024-07-09 22:58:26,39.519699,-105.085182,1975.8,3.89999999999986,477.42,438,44.3
2024-07-09 22:58:27,39.519718,-105.085381,1975.8,3.89999999999986,453.5,279.2,44.8
2024-07-09 22:58:28,39.519756,-105.085663,1975.9,4,431.14,243.1,44.8
2024-07-09 22:58:31,39.519844,-105.086037,1977.6,5.69999999999982,445.23,221.9,48.1
2024-07-09 22:58:33,39.519985,-105.086395,1977.3,5.39999999999986,456.24,201.6,44.8
2024-07-09 22:58:35,39.520119,-105.086639,1977.3,5.39999999999986,459.77,200.5,47.8
2024-07-09 22:58:36,39.520222,-105.086792,1976.6,4.69999999999982,471.61,215.7,56.9
2024-07-09 22:58:37,39.52039,-105.086998,1975.7,3.79999999999995,483.45,222.8,47.1
2024-07-09 22:58:39,39.52058,-105.087181,1974.3,2.39999999999986,466.38,228,47.3
2024-07-09 22:58:42,39.520893,-105.087471,1975.3,3.39999999999986,447.2,412.4,50.6
2024-07-09 22:59:06,39.52364,-105.089508,1974.5,2.59999999999991,454.2,221.4,51.9
2024-07-09 22:59:07,39.523788,-105.089546,1975.7,3.79999999999995,475.26,281.7,57.4
2024-07-09 22:59:08,39.52393,-105.089577,1977.2,5.29999999999995,487.26,343.4,51.4
2024-07-09 22:59:09,39.52409,-105.0896,1978.9,7,499.25,351.9,51.9
2024-07-09 22:59:10,39.524239,-105.0896,1979.8,7.89999999999986,493.01,334.1,52.4
2024-07-09 22:59:12,39.524471,-105.089592,1978.5,6.59999999999991,471.87,460.5,58.4
2024-07-09 22:59:14,39.5247,-105.089561,1991.6,19.6999999999998,478.2,835.2,54.9
2024-07-09 22:59:15,39.524849,-105.089531,1995.7,23.8,489.41,1092.2,50.3
2024-07-09 22:59:16,39.525009,-105.089478,1999.1,27.1999999999998,500.61,952.5,53.9
2024-07-09 22:59:17,39.525162,-105.089432,1995,23.0999999999999,480.77,746,50.3
2024-07-09 22:59:44,39.528793,-105.087761,1974.4,2.40000000000009,442.36,148.4,59.9
2024-07-09 23:00:28,39.535118,-105.089233,1974.6,2.5,482.95,236.3,59.2
2024-07-09 23:00:29,39.535381,-105.089172,1976.7,4.60000000000014,499.21,322.6,69.5
2024-07-09 23:00:30,39.535561,-105.089111,1978.8,6.70000000000005,511.15,536.6,58.9
2024-07-09 23:00:32,39.535816,-105.089012,1982.3,10.2,517.92,623.5,63.2
2024-07-09 23:00:34,39.53606,-105.088898,1976.6,4.5,465.2,424.1,65.5
2024-07-09 23:00:35,39.536209,-105.088821,1974.4,2.30000000000018,457.67,335.4,55.4
2024-07-09 23:00:37,39.536446,-105.088707,1974.5,2.40000000000009,456.02,335.9,57.4
2024-07-09 23:00:38,39.536671,-105.0886,1975.5,3.40000000000009,462.98,372.4,55.9
2024-07-09 23:00:39,39.536819,-105.088516,1976.6,4.5,470.42,418.9,62.5
2024-07-09 23:00:41,39.536968,-105.088448,1976.5,4.40000000000009,488.41,433.8,55.4
2024-07-09 23:00:42,39.537121,-105.088379,1976.6,4.5,488.08,382.7,60.9
2024-07-09 23:00:44,39.537258,-105.088303,1977.5,5.40000000000009,484.35,484.2,51.9
2024-07-09 23:00:45,39.537411,-105.088226,1977.3,5.20000000000005,483.31,563.4,52.4
2024-07-09 23:00:46,39.537636,-105.088127,1977,4.90000000000009,487.01,625,58.4
2024-07-09 23:00:48,39.537861,-105.088058,1979.7,7.60000000000014,515.3,719.5,52.9
2024-07-09 23:00:49,39.537998,-105.08802,1980.1,8,510.47,752.9,52.4
2024-07-09 23:00:51,39.538219,-105.087982,1979.2,7.10000000000014,492.93,635.8,52.4
2024-07-09 23:00:52,39.538429,-105.087967,1977.5,5.40000000000009,478.17,558.2,52.4
2024-07-09 23:00:53,39.538582,-105.087959,1976,3.90000000000009,472,474.3,51.9
2024-07-09 23:00:55,39.538792,-105.087952,1975.6,3.5,471.61,360.4,47.1
2024-07-09 23:00:57,39.53907,-105.087944,1974.6,2.5,450.78,302.4,50.6
2024-07-09 23:01:00,39.53941,-105.087898,1974.6,2.5,455.93,389,46.8
2024-07-09 23:01:02,39.539539,-105.087852,1979.1,7,480.02,401.3,56.9
2024-07-09 23:01:03,39.539661,-105.087799,1976.9,4.80000000000018,461.4,377.7,46.8
2024-07-09 23:01:04,39.539841,-105.087692,1974.7,2.60000000000014,443.83,317.4,46.8
2024-07-09 23:01:25,39.541924,-105.086288,1975.4,3.40000000000009,461.28,344.8,63.5
2024-07-09 23:01:27,39.542198,-105.086212,1977.5,5.5,507.57,419.8,63
2024-07-09 23:01:29,39.542412,-105.086151,1979.1,7.09999999999991,519.83,476,71.5
2024-07-09 23:01:30,39.542561,-105.086113,1979,7,505.32,589.6,60.9
2024-07-09 23:01:32,39.54277,-105.08606,1975.5,3.5,471,440.9,67
2024-07-09 23:01:34,39.543045,-105.086014,1974.6,2.59999999999991,470.41,345.6,61.2
2024-07-09 23:01:36,39.54324,-105.085991,1975,3,495.73,400.6,66.5
2024-07-09 23:01:37,39.543362,-105.085991,1974.9,2.90000000000009,480.23,441.4,69
2024-07-09 23:01:41,39.543701,-105.086014,1974.3,2.29999999999995,454.55,264.9,64.5
2024-07-09 23:01:44,39.543861,-105.08606,1974.3,2.29999999999995,445.33,228.7,66
2024-07-09 23:01:45,39.5439,-105.086098,1976.8,4.79999999999995,456.46,268.8,63
2024-07-09 23:01:46,39.543941,-105.086151,1979.1,7.09999999999991,477.22,343.3,55.4
2024-07-09 23:01:48,39.543961,-105.086227,1982,10,514.82,358.4,55.9
2024-07-09 23:01:49,39.543968,-105.086319,1980.7,8.70000000000005,498.96,332.5,55.9
2024-07-09 23:01:50,39.543961,-105.086418,1979.4,7.30000000000018,484.99,352.1,54.9
2024-07-09 23:01:51,39.543949,-105.086533,1978.9,6.80000000000018,496.27,371.6,54.9
2024-07-09 23:01:52,39.54393,-105.086647,1978.9,6.80000000000018,507.55,354,54.9
2024-07-09 23:01:53,39.543911,-105.086792,1979.1,7,512.6,325.6,55.9
2024-07-09 23:01:55,39.543846,-105.086998,1979.8,7.70000000000005,503.24,495.2,54.1
2024-07-09 23:01:57,39.543724,-105.087288,1975.7,3.60000000000014,455.03,375.9,54.4
2024-07-09 23:01:59,39.543598,-105.087479,1982.9,10.8000000000002,442.36,544,53.9
2024-07-09 23:02:00,39.543499,-105.087601,1984.9,12.8000000000002,507.76,885.2,58.9
2024-07-09 23:02:02,39.543324,-105.087753,1987.3,15.2,573.34,1057.4,59.7
2024-07-09 23:02:04,39.54306,-105.087914,1996,23.9000000000001,537.8,1423.6,57.2
2024-07-09 23:02:06,39.542858,-105.088028,2005.7,33.6000000000001,605.29,1511.9,53.9
2024-07-09 23:02:07,39.542709,-105.088112,2005,32.9000000000001,610.84,1368.4,54.9
2024-07-09 23:02:08,39.542568,-105.088181,2002.1,30,616.39,1556.8,51.9
2024-07-09 23:02:09,39.542419,-105.088257,1998.9,26.8000000000002,626.83,1842.1,51.9
2024-07-09 23:02:11,39.542206,-105.088371,1991.8,19.7,635.55,1579.1,51.9
2024-07-09 23:02:13,39.541908,-105.088531,1994.2,22.1000000000001,599.41,1475.6,51.9
2024-07-09 23:02:16,39.541618,-105.088676,1991.3,19.2,536.34,1383.7,40.7
2024-07-09 23:02:18,39.54134,-105.088837,1980,7.90000000000009,469.64,761.3,41
2024-07-09 23:02:19,39.54113,-105.088943,1979.6,7.5,461,550.8,51.4
2024-07-09 23:02:20,39.541,-105.08902,1979.2,7.10000000000014,461.99,693.3,40.7
2024-07-09 23:02:22,39.540813,-105.089119,1981.7,9.60000000000014,500.04,876.5,41
2024-07-09 23:02:24,39.540649,-105.089218,1981.5,9.40000000000009,497.59,941.4,36.7
2024-07-09 23:02:25,39.54055,-105.08931,1981.5,9.40000000000009,511.43,953.6,41.3
2024-07-09 23:02:27,39.540421,-105.089455,1982.7,10.6000000000001,527.55,868.3,36.7
2024-07-09 23:02:29,39.540295,-105.089684,1978.7,6.60000000000014,469.44,690.1,38.2
2024-07-09 23:02:31,39.54023,-105.089859,1976,3.90000000000009,468.7,501.3,36.7
2024-07-09 23:02:32,39.540192,-105.089989,1975.6,3.5,473.45,438,36.7
2024-07-09 23:02:34,39.540165,-105.090172,1976.5,4.40000000000009,484.81,494.5,39.7
2024-07-09 23:02:36,39.540165,-105.090408,1976.1,4,490.11,503.4,46.3
2024-07-09 23:02:38,39.540199,-105.090645,1974.7,2.60000000000014,472.94,409.6,40.7
2024-07-09 23:03:01,39.540321,-105.091087,1975,2.79999999999995,441.03,303.3,55.4
2024-07-09 23:03:02,39.540321,-105.091103,1975.1,2.89999999999986,442.68,363.6,57.4
2024-07-09 23:03:03,39.540321,-105.09111,1974.8,2.59999999999991,444.32,343.9,55.9
2024-07-09 23:03:22,39.541401,-105.090813,1974.5,2.29999999999995,441.57,209.1,63.5
2024-07-09 23:03:35,39.54335,-105.089882,1974.7,2.5,435.53,190.7,55.9
2024-07-09 23:03:36,39.543549,-105.08979,1975,2.79999999999995,436.69,176.6,55.9
2024-07-09 23:03:37,39.543739,-105.089699,1975.2,3,439,196.8,55.4
2024-07-09 23:03:38,39.543941,-105.089607,1975.4,3.20000000000005,442.03,272.4,55.9
2024-07-09 23:03:40,39.544128,-105.089508,1975.4,3.20000000000005,449.44,305.2,55.4
2024-07-09 23:03:41,39.544331,-105.089417,1975.3,3.09999999999991,444.4,265.3,55.9
2024-07-09 23:03:43,39.54464,-105.089272,1975,2.79999999999995,434.23,202.8,61.4
2024-07-09 23:03:45,39.54504,-105.089081,1974.5,2.29999999999995,425.3,163.5,58.7
2024-07-09 23:03:50,39.545929,-105.088661,1979.7,7.5,434.63,566.2,55.4
2024-07-09 23:03:52,39.546215,-105.088524,2005.5,33.3,451.09,1748,55.6
2024-07-09 23:03:54,39.546585,-105.088348,2058.8,86.6000000000001,440.03,5000.5,57.9
2024-07-09 23:03:56,39.54686,-105.088211,1988.5,16.3,436.81,4243.6,58.4
2024-07-09 23:03:58,39.547138,-105.088081,1981.6,9.39999999999986,472.15,1145.8,57.2
2024-07-09 23:03:59,39.547421,-105.087952,1983.3,11.0999999999999,481.46,1386.2,57.4
2024-07-09 23:04:01,39.547707,-105.087814,1984.8,12.5999999999999,480.01,1145.3,62.5
2024-07-09 23:04:03,39.547981,-105.087677,1975.7,3.5,426.95,568.2,57.4
2024-07-09 23:04:04,39.548168,-105.087593,1975.7,3.5,430.29,265.2,58.9
2024-07-09 23:04:05,39.548359,-105.087502,1977.4,5.20000000000005,433.63,418.9,59.4
2024-07-09 23:04:06,39.54855,-105.08741,1978.4,6.20000000000005,442.12,678.3,58.9
2024-07-09 23:04:07,39.548729,-105.087318,1978.3,6.09999999999991,451.5,709.7,60.9
2024-07-09 23:04:09,39.54892,-105.087227,1977,4.79999999999995,444.16,259.7,58.9
2024-07-09 23:04:10,39.54911,-105.087143,1975.8,3.59999999999991,438.91,207,59.9
2024-07-09 23:04:11,39.54929,-105.087059,1975.7,3.40000000000009,443.29,154.3,58.4
2024-07-09 23:04:12,39.549469,-105.086967,1975.9,3.60000000000014,447.67,141.6,58.9
2024-07-09 23:04:13,39.549648,-105.086884,1976,3.70000000000005,453.12,137.4,69.5
2024-07-09 23:04:15,39.549831,-105.086792,1976.4,3.90000000000009,463.5,148.7,56.9
2024-07-09 23:04:16,39.550011,-105.086708,1976.1,3.59999999999991,467.24,155.9,58.9
2024-07-09 23:04:17,39.550251,-105.086594,1975.7,3.20000000000005,468.53,153.7,57.4
2024-07-09 23:04:24,39.55106,-105.086189,1975.9,2.90000000000009,459.39,157,57.4
2024-07-09 23:04:40,39.552589,-105.085442,1975.7,2.70000000000005,455.23,170.8,58.9
2024-07-09 23:04:42,39.552673,-105.085403,1977.9,4.90000000000009,493.26,183.2,64.2
2024-07-09 23:04:54,39.552872,-105.085312,1975.6,2.59999999999991,438.84,204.7,60.9
2024-07-09 23:04:56,39.552872,-105.085312,1976.7,3.70000000000005,441.86,250.7,58.9
2024-07-09 23:04:58,39.552872,-105.085312,1977.7,4.70000000000005,455.97,288.5,56.9
2024-07-09 23:05:01,39.552872,-105.085312,1976.9,3.90000000000009,448.21,251.1,56.9
2024-07-09 23:05:02,39.552872,-105.085312,1976.6,3.59999999999991,445.53,233.9,56.9
2024-07-09 23:05:03,39.552872,-105.085312,1976.3,3.29999999999995,441.78,219.9,56.9
2024-07-09 23:05:12,39.553185,-105.085159,1975.5,2.5,466.91,312.7,56.7
2024-07-09 23:05:14,39.553329,-105.085091,1977.3,4.29999999999995,465.5,276.6,55.9
2024-07-09 23:05:15,39.55344,-105.085037,1976.4,3.40000000000009,452.04,278.8,55.4
2024-07-09 23:05:21,39.554008,-105.08477,1980.7,7.70000000000005,489.79,247.1,58.9
2024-07-09 23:05:23,39.55405,-105.084747,1977.2,4.20000000000005,470.72,251.5,55.4
2024-07-09 23:05:24,39.55405,-105.084747,1975.9,2.90000000000009,459.56,182.6,57.4
2024-07-09 23:06:04,39.557178,-105.083199,1977.2,4.20000000000005,479.77,728,67.5
2024-07-09 23:06:05,39.55735,-105.083107,1977.7,4.70000000000005,476.63,751.7,57.9
2024-07-09 23:06:11,39.558285,-105.08271,1975.6,2.59999999999991,490.69,384.5,58.7
2024-07-09 23:06:14,39.558552,-105.082649,1977.1,4.09999999999991,467,1055.5,57.4
2024-07-09 23:06:15,39.55883,-105.082619,1986.8,13.8,476.58,1965.8,62.5
2024-07-09 23:06:16,39.559101,-105.082603,1996.3,23.3,496.43,3695.4,57.9
2024-07-09 23:06:18,39.559383,-105.082603,1997,24,557.53,3649.3,57.9
2024-07-09 23:06:20,39.559662,-105.082603,1992.5,19.5,494.47,2019.1,56.9
2024-07-09 23:06:21,39.559849,-105.082603,1988,15,490.98,2116.4,57.9
2024-07-09 23:06:23,39.560146,-105.082596,1976.2,3.20000000000005,488.56,1003,57.7
2024-07-09 23:06:25,39.560524,-105.082588,1975.3,2.29999999999995,473.13,382.3,57.7
2024-07-09 23:06:38,39.562618,-105.082581,1976.6,3.59999999999991,435.51,397.6,58.9
2024-07-09 23:06:39,39.562778,-105.082581,1978,5,435.36,612,58.4
2024-07-09 23:06:41,39.562939,-105.082581,1978.6,5.59999999999991,428.86,824.7,58.4
2024-07-09 23:06:42,39.563091,-105.082581,1976.9,3.90000000000009,426.08,862.5,58.9
2024-07-09 23:06:59,39.564701,-105.082588,1976.3,3.29999999999995,428.1,201.7,60.9
2024-07-09 23:07:00,39.564758,-105.082588,1977.1,4.09999999999991,427.7,210,72.1
2024-07-09 23:07:01,39.564812,-105.082588,1977.6,4.59999999999991,427.1,211.2,60.4
2024-07-09 23:07:02,39.564861,-105.082588,1978.5,5.40000000000009,427.29,207.7,60.9
2024-07-09 23:07:04,39.564915,-105.082588,1983.3,10.2,428.74,182,62
2024-07-09 23:07:06,39.56496,-105.082588,1977.3,4.20000000000005,431.16,166.6,64
2024-07-09 23:07:34,39.566036,-105.082603,1976.9,3.40000000000009,422.93,146,60.7
2024-07-09 23:07:36,39.56604,-105.082603,1975.9,2.40000000000009,426.09,145.2,60.9
2024-07-09 23:07:40,39.56604,-105.082603,1976.4,2.90000000000009,427.42,163.4,60.4
2024-07-09 23:07:41,39.56604,-105.082603,1977.5,4,428.32,166.9,60.9
2024-07-09 23:07:42,39.56604,-105.082603,1979,5.5,428.97,207.7,60.9
2024-07-09 23:07:43,39.56604,-105.082603,1980.5,7,429.78,306.6,60.9
2024-07-09 23:07:45,39.56604,-105.082603,1982.9,9.40000000000009,431.73,516.1,59.9
2024-07-09 23:07:47,39.56604,-105.082603,1983.9,10.4000000000001,430.8,593.6,59.4
2024-07-09 23:07:48,39.56604,-105.082603,1984.1,10.5999999999999,429.76,514.5,59.9
2024-07-09 23:07:49,39.56604,-105.082603,1984,10.5,428.57,482.9,59.9
2024-07-09 23:07:50,39.56604,-105.082603,1984.9,11.4000000000001,429.19,500.1,59.4
2024-07-09 23:07:52,39.56604,-105.082603,1998.5,25,432.7,2259.2,59.7
2024-07-09 23:07:54,39.56604,-105.082603,1987.5,14,429.97,2280.8,64
2024-07-09 23:07:56,39.56604,-105.082603,1979.3,5.79999999999995,424.38,248.9,59.4
2024-07-09 23:07:57,39.56604,-105.082603,1976.7,3.20000000000005,423.47,201.7,59.9
2024-07-09 23:07:58,39.56604,-105.082603,1976.2,2.70000000000005,423.3,179.1,68
2024-07-09 23:08:20,39.56604,-105.082603,1975.8,2.29999999999995,428.75,156.5,61.4
2024-07-09 23:08:22,39.56604,-105.082603,1976.6,3.09999999999991,426.49,147.7,59.4
2024-07-09 23:08:23,39.56604,-105.082603,1976.1,2.59999999999991,425.95,142.5,58.9
2024-07-09 23:09:31,39.57373,-105.083176,1979.7,5.60000000000014,503.86,383.3,60.2
2024-07-09 23:09:33,39.574116,-105.083313,1981.6,7.5,475.05,348.9,61.7
2024-07-09 23:09:35,39.57439,-105.083412,1978.7,4.60000000000014,482.6,263.9,69
2024-07-09 23:09:36,39.574558,-105.083481,1978.8,4.70000000000005,498.04,282.2,69.5
2024-07-09 23:09:37,39.57473,-105.083549,1979.9,5.70000000000005,513.48,250,58.4
2024-07-09 23:09:38,39.57489,-105.083611,1980.2,6,490.3,195,62.5
2024-07-09 23:09:40,39.575127,-105.083717,1976.8,2.59999999999991,437.74,142.3,57.9
2024-07-09 23:09:42,39.575409,-105.083855,1978.2,4,470.65,154.8,62.5
2024-07-09 23:09:44,39.575611,-105.083946,1978.2,4,491.01,168,60.4
2024-07-09 23:09:45,39.575741,-105.084023,1978.4,4.20000000000005,488.69,152.8,60.4
2024-07-09 23:09:47,39.575916,-105.084106,1979.1,4.89999999999986,472.14,154.6,63.7
2024-07-09 23:09:49,39.57608,-105.084213,1977.5,3.29999999999995,443.82,156.3,60.4
2024-07-09 23:09:50,39.576191,-105.084259,1978.3,4.09999999999991,455.31,154.2,60.4
2024-07-09 23:09:51,39.57629,-105.08432,1979.2,5,466.4,166.5,60.9
2024-07-09 23:09:52,39.576382,-105.084373,1979,4.79999999999995,462.6,179,67.5
2024-07-09 23:09:53,39.576469,-105.084419,1978.3,4.09999999999991,458.8,174.7,63
2024-07-09 23:09:55,39.57655,-105.084473,1978.4,4.20000000000005,438.76,159.5,63
2024-07-09 23:09:56,39.576664,-105.084541,1978.9,4.70000000000005,433.7,162.6,63.5
2024-07-09 23:09:58,39.576805,-105.084618,1980.6,6.39999999999986,435.03,150.4,63.2
2024-07-09 23:10:00,39.576923,-105.084694,1980,5.79999999999995,428.92,139.3,62.7
2024-07-09 23:10:02,39.577011,-105.084747,1979.4,5.20000000000005,428.79,148.4,62.5
2024-07-09 23:10:03,39.577068,-105.084778,1980,5.79999999999995,433.34,156.4,71
2024-07-09 23:10:05,39.57716,-105.084831,1986.1,11.8999999999999,450.7,210,63
2024-07-09 23:10:07,39.577271,-105.084908,2001.8,27.5999999999999,481.27,232,67
2024-07-09 23:10:09,39.577351,-105.084953,1993.1,18.8999999999999,489.51,207.1,63.5
2024-07-09 23:10:10,39.577412,-105.084991,1987.4,13.2,498.79,188.7,63
2024-07-09 23:10:11,39.577461,-105.085022,1981.9,7.60000000000014,508.91,192.3,63
2024-07-09 23:10:12,39.577518,-105.085052,1977.4,3.10000000000014,497.53,212.8,63
2024-07-09 23:10:18,39.57777,-105.085197,1982.5,8.20000000000005,426.78,175,57.4
2024-07-09 23:10:19,39.57782,-105.085228,1985.3,10.8999999999999,438,196.5,56.9
2024-07-09 23:10:21,39.577904,-105.085274,1984.1,9.69999999999982,459.45,255.5,63.7
2024-07-09 23:10:23,39.57798,-105.08532,1979.3,4.70000000000005,449.4,257,56.9
2024-07-09 23:10:24,39.578041,-105.085358,1977.7,2.79999999999995,439.1,232,64
2024-07-09 23:11:16,39.579254,-105.08609,1978.5,3,439.21,349.1,60.7
2024-07-09 23:11:18,39.579262,-105.086098,1978,2.5,438.71,246,65.5
2024-07-09 23:11:23,39.579269,-105.086098,1980.6,5.09999999999991,447.34,231.1,66.8
2024-07-09 23:11:25,39.579269,-105.086098,1978.5,3,445.17,256.2,65.2
2024-07-09 23:11:32,39.579269,-105.086105,1977.8,2.29999999999995,431.77,179.3,60.4
2024-07-09 23:11:34,39.579281,-105.086113,1978.5,3,438,194.6,62
2024-07-09 23:11:35,39.579281,-105.086113,1978.7,3.20000000000005,439.75,205.2,62.5
2024-07-09 23:11:36,39.579281,-105.086113,1978.7,3.20000000000005,441.4,207.6,62
2024-07-09 23:11:37,39.579288,-105.086113,1978.7,3.20000000000005,447.4,205.6,62.5
2024-07-09 23:11:39,39.579288,-105.086121,1978.3,2.79999999999995,458.63,209.9,62
2024-07-09 23:11:41,39.579296,-105.086121,1978.9,3.40000000000009,451.91,240.2,67.3
2024-07-09 23:11:43,39.579319,-105.086128,1978.9,3.40000000000009,450.92,255.6,61.4
2024-07-09 23:11:44,39.579342,-105.086151,1978.7,3.20000000000005,458.8,229.8,67
2024-07-09 23:11:45,39.579369,-105.086166,1978.2,2.70000000000005,469.51,539.5,59.4
2024-07-09 23:11:46,39.579418,-105.086189,1977.9,2.40000000000009,471.33,1279.6,59.4
2024-07-09 23:11:48,39.579498,-105.086243,1980.9,5.40000000000009,457.16,1138.2,59.2
2024-07-09 23:11:50,39.579601,-105.086304,1979.7,4.20000000000005,456.81,403,58.9
2024-07-09 23:11:51,39.579681,-105.086349,1979.3,3.79999999999995,457.97,399.3,69
2024-07-09 23:11:53,39.579803,-105.086426,1979.4,3.90000000000009,464.91,434.6,60.2
2024-07-09 23:11:55,39.580006,-105.08654,1979.2,3.70000000000005,482.59,410.2,56.4
2024-07-09 23:11:57,39.580158,-105.086632,1980,4.5,488.32,403.6,65
2024-07-09 23:11:58,39.580269,-105.086693,1981.8,6.29999999999995,517.14,440.3,56.4
2024-07-09 23:11:59,39.580372,-105.086746,1984.5,9,546.94,521.4,55.9
2024-07-09 23:12:00,39.580479,-105.086823,1986.4,10.9000000000001,553.04,624.2,55.4
2024-07-09 23:12:01,39.580601,-105.086884,1986.7,11.2,549.67,670.9,63.5
2024-07-09 23:12:02,39.580711,-105.086952,1986.8,11.2,529.62,640.5,56.4
2024-07-09 23:12:04,39.580891,-105.087051,1979.8,4.20000000000005,460.72,512.6,57.2
2024-07-09 23:12:07,39.581139,-105.087204,1983.3,7.70000000000005,479.02,479.8,57.4
2024-07-09 23:12:08,39.581329,-105.087318,1983.4,7.80000000000018,488.33,495.9,57.9
2024-07-09 23:12:09,39.581451,-105.087402,1984,8.40000000000009,506.8,500.3,57.4
2024-07-09 23:12:11,39.581638,-105.087502,1988.7,13.1000000000001,534.93,521,57.9
2024-07-09 23:12:13,39.581821,-105.087608,1980.2,4.60000000000014,456.66,416.1,56.9
2024-07-09 23:12:14,39.581951,-105.087692,1978.4,2.80000000000018,455.14,298.4,57.9
2024-07-09 23:12:15,39.582069,-105.087761,1978.3,2.70000000000005,453.63,280.1,58.9
2024-07-09 23:12:16,39.582191,-105.08783,1978.5,3,458.81,318.2,58.4
2024-07-09 23:12:18,39.582371,-105.087936,1979.5,3.90000000000009,474.77,319.7,63.5
2024-07-09 23:12:20,39.58255,-105.088051,1979,3.40000000000009,488.73,296.5,58.9
2024-07-09 23:12:21,39.58268,-105.08812,1978.4,2.80000000000018,477.07,288.2,69.5
2024-07-09 23:12:39,39.585041,-105.089523,1978,2.5,438.88,201.6,61.4
2024-07-09 23:12:41,39.585297,-105.089653,1978.2,2.70000000000005,438.1,202.3,62.5
2024-07-09 23:12:43,39.585651,-105.089828,1978.5,3,437.71,213.7,61.4
2024-07-09 23:12:46,39.58601,-105.089996,1979.3,3.79999999999995,438.27,204.1,63
2024-07-09 23:12:47,39.586281,-105.090118,1979.2,3.70000000000005,438.91,203.8,62
2024-07-09 23:12:48,39.586472,-105.090202,1979,3.5,441.4,217.3,63
2024-07-09 23:12:50,39.586746,-105.090317,1978.9,3.5,448.08,224.3,62
2024-07-09 23:12:52,39.587029,-105.090424,1979.1,3.79999999999995,442.05,198.1,62
2024-07-09 23:12:53,39.587219,-105.090492,1979,3.70000000000005,435.32,172.4,63
2024-07-09 23:12:55,39.587509,-105.090591,1978.4,3.10000000000014,427.1,149.1,62.2
2024-07-09 23:12:57,39.587799,-105.090683,1978.7,3.40000000000009,431.12,153,62
2024-07-09 23:12:58,39.588001,-105.090736,1979.8,4.5,431.44,161,63.5
2024-07-09 23:12:59,39.5882,-105.090797,1981.1,5.79999999999995,431.76,167.8,62
2024-07-09 23:13:00,39.58839,-105.090851,1981.6,6.29999999999995,431.67,174.5,62
2024-07-09 23:13:01,39.588581,-105.090897,1981.7,6.40000000000009,431.59,168.9,62
2024-07-09 23:13:02,39.588772,-105.09095,1982.1,6.79999999999995,429.84,155.9,62.5
2024-07-09 23:13:04,39.589062,-105.091011,1984.7,9.40000000000009,426.22,137.2,62.7
2024-07-09 23:13:06,39.589451,-105.091072,1983.4,8.10000000000014,428.64,129.8,61.7
2024-07-09 23:13:08,39.589741,-105.09111,2028.7,53.4000000000001,425.98,158.7,62
2024-07-09 23:13:09,39.589939,-105.091141,2056.8,81.5000000000002,431.39,194.5,62
2024-07-09 23:13:10,39.59013,-105.091164,2086.8,111.5,437.99,210.7,62.5
2024-07-09 23:13:11,39.590328,-105.091179,2099.4,124.1,441.52,212.2,62
2024-07-09 23:13:13,39.59063,-105.091209,1991.7,16.4000000000001,447.68,222.8,63.5
2024-07-09 23:13:15,39.59103,-105.091248,1980.2,4.90000000000009,466,242.1,67.8
2024-07-09 23:13:24,39.592468,-105.091316,1978.1,2.79999999999995,464.6,982.1,60.4
2024-07-09 23:13:25,39.592651,-105.091316,1978.3,3,454.01,1790.5,59.9
2024-07-09 23:13:36,39.593948,-105.091339,1977.8,2.5,454.56,253,58.9
2024-07-09 23:17:36,39.66658,-105.113144,1977.9,2.70000000000005,429.75,255.8,68.5
2024-07-09 23:17:38,39.66671,-105.11319,1978.1,2.89999999999986,432.73,295.5,66.5
2024-07-09 23:17:39,39.66679,-105.113213,1978.1,3,430.59,298.2,63.5
2024-07-09 23:17:40,39.666859,-105.113228,1978.1,3,428.45,279.3,63
2024-07-09 23:17:41,39.666908,-105.113251,1978.6,3.5,431.48,252.5,63
2024-07-09 23:17:43,39.666981,-105.113274,1980.9,5.90000000000009,436.14,236.2,68.3
2024-07-09 23:17:45,39.667053,-105.113304,1979.3,4.29999999999995,429.56,266.9,67
2024-07-09 23:17:47,39.667099,-105.113319,1983.5,8.5,441.5,319.2,73.6
2024-07-09 23:17:48,39.667122,-105.113319,1983.7,8.70000000000005,441.51,344.7,62.5
2024-07-09 23:17:50,39.667141,-105.113327,1980,5,437.49,243.2,62.5
2024-07-09 23:17:51,39.66716,-105.113342,1980.9,5.90000000000009,433.09,186.8,63
2024-07-09 23:17:52,39.667175,-105.113342,1981.8,6.79999999999995,430.61,185.2,66.2
2024-07-09 23:17:55,39.667187,-105.11335,1981.2,6.40000000000009,435.09,183.3,68.3
2024-07-09 23:17:56,39.667191,-105.11335,1980.5,5.79999999999995,432.01,185.9,63.5
2024-07-09 23:17:57,39.667198,-105.11335,1979.8,5.09999999999991,429.62,190.7,67.5
2024-07-09 23:17:59,39.667198,-105.113358,1978.7,4,425.7,188.7,63.7
2024-07-09 23:18:01,39.66721,-105.113358,1978.3,3.59999999999991,421.61,196,63.5
2024-07-09 23:18:02,39.66721,-105.113358,1978.8,4.09999999999991,427.52,207.6,63.5
2024-07-09 23:18:04,39.66721,-105.113358,1980,5.5,432.52,200.3,64
2024-07-09 23:18:05,39.667221,-105.113358,1979.3,4.79999999999995,428.51,192,63.5
2024-07-09 23:18:06,39.667221,-105.113358,1978.6,4.09999999999991,426.39,181.8,66.5
2024-07-09 23:18:08,39.667221,-105.113358,1978.6,4.09999999999991,427.43,184,64
2024-07-09 23:18:09,39.667221,-105.113358,1979,4.5,436.12,195.5,63.5
2024-07-09 23:18:10,39.667221,-105.113358,1979.5,5,444.8,193.9,72.6
2024-07-09 23:18:11,39.667221,-105.113358,1979.6,5.19999999999982,438.4,188.2,64
2024-07-09 23:18:12,39.667221,-105.113358,1979,4.59999999999991,428.54,178.9,72.1
2024-07-09 23:18:13,39.667221,-105.113358,1978.3,3.89999999999986,422.64,164.6,64
2024-07-09 23:18:15,39.667225,-105.113365,1977,2.70000000000005,420.96,141.6,65
2024-07-09 23:18:17,39.667229,-105.113373,1977.2,2.90000000000009,420.39,133,64.5
2024-07-09 23:18:18,39.667229,-105.113373,1977.7,3.60000000000014,427.65,135.6,65
2024-07-09 23:18:20,39.66724,-105.113373,1979,5,441.55,150.1,73.6
2024-07-09 23:18:22,39.66724,-105.113373,1981.2,7.29999999999995,446.79,163.6,65
2024-07-09 23:18:24,39.66724,-105.113373,1981.7,8.20000000000005,442.64,164.1,77.6
2024-07-09 23:18:25,39.667252,-105.113373,1981.1,7.59999999999991,433.87,158.8,66
2024-07-09 23:18:26,39.667252,-105.11338,1980.1,6.59999999999991,425.1,150,66
2024-07-09 23:18:27,39.667259,-105.11338,1979.9,6.40000000000009,424.02,139.6,75.6
2024-07-09 23:18:28,39.667271,-105.11338,1981.5,8,425.92,137.3,71.5
2024-07-09 23:18:29,39.667278,-105.113388,1983,9.70000000000005,426.17,146.8,66
2024-07-09 23:18:31,39.667332,-105.113403,1980.2,6.90000000000009,424.13,163,65.7
2024-07-09 23:18:33,39.6674,-105.113426,1985.2,11.9000000000001,437.99,188.3,69.5
2024-07-09 23:18:34,39.667469,-105.113457,1984.4,11.1000000000001,438.72,208.2,64.5
2024-07-09 23:18:35,39.667549,-105.113503,1979.9,6.90000000000009,438.72,204.6,64.5
2024-07-09 23:18:36,39.667641,-105.113541,1976.1,3.09999999999991,437.57,184.2,65
2024-07-09 23:18:37,39.667751,-105.113586,1975.7,2.70000000000005,435.7,172.4,65
2024-07-09 23:18:38,39.667858,-105.11364,1975.3,2.29999999999995,435.88,192.1,65.5
2024-07-09 23:18:40,39.667969,-105.113701,1976.5,3.5,447.87,273.9,65
2024-07-09 23:18:41,39.668091,-105.113762,1976.6,3.59999999999991,449.52,338.4,65
2024-07-09 23:18:42,39.668221,-105.113831,1976.3,3.29999999999995,451.09,322,67.5
2024-07-09 23:18:43,39.66835,-105.113899,1976,3,445.86,265.9,64.5
2024-07-09 23:18:45,39.66848,-105.113968,1975.3,2.5,433.12,242,63
2024-07-09 23:18:46,39.668621,-105.114052,1975.8,3,433.04,255.7,63.5
2024-07-09 23:18:47,39.668819,-105.114182,1976.2,3.40000000000009,433.57,334.9,70
2024-07-09 23:18:49,39.669102,-105.114372,1978.9,6.10000000000014,442.04,799.6,63.5
2024-07-09 23:18:51,39.669319,-105.114532,1977.5,4.70000000000005,442.74,1323.1,63.5
2024-07-09 23:18:52,39.66946,-105.114647,1976.7,3.90000000000009,442.39,1125,73.1
2024-07-09 23:18:54,39.669609,-105.114769,1979.3,6.5,439.57,913.3,69
2024-07-09 23:18:55,39.66975,-105.114891,1977.8,5,434.4,851.7,64
2024-07-09 23:18:56,39.669971,-105.115082,1976.2,3.40000000000009,429.63,677.6,62.7
2024-07-09 23:18:58,39.67025,-105.115356,1976.6,3.79999999999995,429.64,618.2,67.8
2024-07-09 23:19:00,39.67046,-105.115578,1975.3,2.5,425.56,740,62.5
2024-07-09 23:19:09,39.671532,-105.11676,1975.3,2.5,426.8,249.4,70.5
2024-07-09 23:19:10,39.671669,-105.11692,1975.9,3.10000000000014,435.46,449.1,63.5
2024-07-09 23:19:12,39.671871,-105.117142,1978,5.20000000000005,467.46,594.2,63.5
2024-07-09 23:19:14,39.67207,-105.117371,1977.5,4.70000000000005,467.67,478.8,63.5
2024-07-09 23:19:15,39.672211,-105.117523,1976.9,4.10000000000014,464.67,403,64
2024-07-09 23:19:17,39.672436,-105.117729,1975.5,2.70000000000005,456.64,309.7,70.3
2024-07-09 23:19:24,39.67337,-105.118492,1975.5,2.70000000000005,454.73,418.7,62
2024-07-09 23:19:31,39.674366,-105.119057,1975.7,2.90000000000009,441.77,704.1,62
2024-07-09 23:19:33,39.674706,-105.119202,1976.2,3.40000000000009,445.82,738.5,67.3
2024-07-09 23:20:07,39.680038,-105.120033,1976.6,3.79999999999995,447.55,2590.1,59.9
2024-07-09 23:20:08,39.680222,-105.120033,1978.1,5.29999999999995,467.73,4052.8,60.9
2024-07-09 23:20:09,39.680389,-105.120033,1979.3,6.5,487.91,3763.4,69.5
2024-07-09 23:20:10,39.680569,-105.120033,1979.5,6.70000000000005,482.75,2320.5,71
2024-07-09 23:20:28,39.682865,-105.120033,1975,2.40000000000009,442.23,201.3,60.2
2024-07-09 23:20:30,39.683105,-105.120033,1976,3.40000000000009,436.12,195.5,71.3
2024-07-09 23:20:32,39.6833,-105.120033,1976.7,4.10000000000014,434.69,169.3,60.9
2024-07-09 23:20:33,39.683441,-105.120041,1978.3,5.70000000000005,434.09,164.7,59.9
2024-07-09 23:20:35,39.68367,-105.120041,1988.2,15.6000000000001,433.62,163.9,64.7
2024-07-09 23:20:37,39.683994,-105.120033,1981.6,9,435.3,214.4,60.2
2024-07-09 23:20:39,39.684261,-105.120033,1980.4,7.80000000000018,432.45,265.4,58.9
2024-07-09 23:20:40,39.684441,-105.120033,1981,8.40000000000009,431.48,263.5,59.9
2024-07-09 23:20:41,39.684631,-105.120033,1982.5,9.90000000000009,430.58,241.8,59.4
2024-07-09 23:20:42,39.684818,-105.120033,1984.1,11.5,429.52,203.4,62.5
2024-07-09 23:20:43,39.685009,-105.120041,1986.5,13.9000000000001,428.32,180.5,59.4
2024-07-09 23:20:44,39.6852,-105.120041,1988.8,16.2,427.42,199.9,68.5
2024-07-09 23:20:46,39.685493,-105.120041,1997.1,24.5,426.85,210.1,58.7
2024-07-09 23:20:48,39.685791,-105.120033,1988.2,15.6000000000001,427.43,219,59.4
2024-07-09 23:20:49,39.685982,-105.12001,1982.6,10,428.05,254.9,58.9
2024-07-09 23:20:51,39.686275,-105.119972,1978.9,6.30000000000018,428.62,240.9,59.4
2024-07-09 23:20:53,39.686569,-105.119919,1977.5,4.90000000000009,424.72,194.9,59.4
2024-07-09 23:20:54,39.68676,-105.119858,1977.8,5.20000000000005,426.07,177.5,59.9
2024-07-09 23:20:55,39.686939,-105.119789,1978.5,5.90000000000009,427.42,173.3,59.4
2024-07-09 23:20:56,39.68713,-105.119713,1978.4,5.80000000000018,426.64,172.2,58.9
2024-07-09 23:20:57,39.687302,-105.119614,1977.4,4.80000000000018,425.48,168.9,60.9
2024-07-09 23:20:58,39.687481,-105.119507,1976.3,3.70000000000005,424.52,163,59.4
2024-07-09 23:20:59,39.687649,-105.1194,1975.6,3,423.79,156.7,62
2024-07-09 23:21:00,39.687809,-105.119278,1974.9,2.30000000000018,423.14,148.9,59.4
2024-07-09 23:21:03,39.68808,-105.119034,1975,2.40000000000009,423.51,146.8,58.9
2024-07-09 23:21:04,39.68821,-105.118896,1975.6,3,424.61,149.3,61.4
2024-07-09 23:21:05,39.688332,-105.118767,1976.6,4,472.15,151.1,65
2024-07-09 23:21:07,39.688503,-105.118591,1982.6,10,576.63,184.4,67
2024-07-09 23:21:09,39.688671,-105.118408,1981.2,8.60000000000014,477.38,208.7,62.5
2024-07-09 23:21:10,39.68877,-105.118301,1979.9,7.30000000000018,494,209.7,62
2024-07-09 23:21:11,39.688862,-105.118187,1978.4,5.80000000000018,510.62,195.6,71.5
2024-07-09 23:21:12,39.68895,-105.118103,1977.2,4.60000000000014,500.93,177.3,63.5
2024-07-09 23:21:13,39.68903,-105.118011,1976.2,3.60000000000014,484.75,165.8,62
2024-07-09 23:21:14,39.689098,-105.117928,1975.5,2.90000000000009,477.13,161.9,62
2024-07-09 23:21:16,39.68919,-105.117828,1977,4.40000000000009,480.77,187.9,62
2024-07-09 23:21:18,39.68927,-105.117737,1977.1,4.5,503.34,205.5,62
2024-07-09 23:21:19,39.689308,-105.117699,1977.3,4.70000000000005,511.65,192.2,62
2024-07-09 23:21:21,39.68935,-105.117653,1977.8,5.20000000000005,522.75,235.8,61.7
2024-07-09 23:21:23,39.689381,-105.117615,1978.1,5.5,515.8,225.2,62.2
2024-07-09 23:21:25,39.6894,-105.117592,1978.1,5.5,474.39,177.8,63
2024-07-09 23:21:27,39.689411,-105.117577,1976.5,3.90000000000009,446,151.4,60.4
2024-07-09 23:21:28,39.689411,-105.117577,1975.9,3.30000000000018,443.24,151.2,60.4
2024-07-09 23:21:30,39.689411,-105.117577,1975.6,3,441.87,150.3,61.4
2024-07-09 23:21:31,39.689411,-105.117577,1974.9,2.30000000000018,440.18,149.8,60.4
2024-07-09 23:22:03,39.69212,-105.114838,1974.9,2.5,461.39,323.5,59.4
2024-07-09 23:22:04,39.692268,-105.1147,1975.5,3.09999999999991,469.45,433.3,59.4
2024-07-09 23:22:06,39.692421,-105.114548,1979.6,7.19999999999982,498.82,719.8,59.9
2024-07-09 23:22:07,39.692581,-105.114403,1979.8,7.39999999999986,475.26,893.9,59.4
2024-07-09 23:22:08,39.69281,-105.114182,1979.2,6.79999999999995,451.71,856.6,61.7
2024-07-09 23:22:10,39.69305,-105.11396,1977.4,5,441.56,661.1,59.4
2024-07-09 23:22:11,39.693211,-105.113808,1976.6,4.19999999999982,440.3,564.9,70
2024-07-09 23:22:12,39.693371,-105.11367,1977.3,4.89999999999986,440.89,508,59.4
2024-07-09 23:22:13,39.693531,-105.113541,1977.9,5.5,441.71,592.5,61.4
2024-07-09 23:22:15,39.693699,-105.113411,1977,4.59999999999991,444.59,724.1,59.9
2024-07-09 23:22:16,39.693871,-105.113297,1976.5,4.09999999999991,446.45,770.5,56.9
2024-07-09 23:22:17,39.69405,-105.113197,1976.1,3.69999999999982,448.32,635.9,65.5
2024-07-09 23:22:18,39.694229,-105.113098,1975.5,3.09999999999991,449.56,425.3,62
2024-07-09 23:22:19,39.694408,-105.113007,1974.9,2.5,450.58,296,56.4
2024-07-09 23:22:29,39.69595,-105.112312,1976.1,3.69999999999982,535.14,228.5,55.6
2024-07-09 23:22:31,39.696285,-105.11216,1978.9,6.5,626.94,269.7,56.1
2024-07-09 23:22:33,39.696529,-105.112038,1977.8,5.39999999999986,598.64,294.2,55.9
2024-07-09 23:22:34,39.696678,-105.111954,1977.2,4.79999999999995,573.96,302.8,57.4
2024-07-09 23:22:35,39.696831,-105.111847,1976.7,4.29999999999995,548.74,287.9,56.9
2024-07-09 23:22:36,39.696972,-105.11174,1976.1,3.69999999999982,533.14,260.2,56.9
2024-07-09 23:22:37,39.697109,-105.111633,1975.3,2.89999999999986,522.05,253.7,68
2024-07-09 23:23:19,39.700748,-105.109573,1976,3.90000000000009,443.86,515.4,57.4
2024-07-09 23:23:20,39.700901,-105.10955,1977,5,444.9,597.2,57.4
2024-07-09 23:23:21,39.701038,-105.109543,1977.6,5.79999999999995,445.95,668.7,59.9
2024-07-09 23:23:22,39.70118,-105.109528,1978.3,6.5,450.41,738.1,63
2024-07-09 23:23:23,39.701328,-105.109528,1979,7.20000000000005,455.42,783.7,57.4
2024-07-09 23:23:24,39.701481,-105.10952,1979.6,7.79999999999995,455.27,811.2,55.9
2024-07-09 23:23:26,39.70171,-105.109512,1980,8.20000000000005,448.2,831.9,55.4
2024-07-09 23:23:28,39.70195,-105.109512,1979.8,8,442.54,998.2,55.4
2024-07-09 23:23:29,39.70211,-105.109512,1978.9,7.10000000000014,444.72,1161.5,54.9
2024-07-09 23:23:30,39.702278,-105.109512,1977.4,5.60000000000014,446.9,933.5,57.4
2024-07-09 23:23:31,39.702438,-105.109512,1975.9,4.10000000000014,446.35,530.5,55.9
2024-07-09 23:24:00,39.706749,-105.109497,1974.1,2.29999999999995,481.1,209.7,62.5
2024-07-09 23:24:06,39.707409,-105.109497,1974.3,2.5,508.11,303.3,56.4
2024-07-09 23:24:07,39.707611,-105.109497,1974.7,2.90000000000009,523.89,278.2,59.4
2024-07-09 23:24:19,39.708981,-105.109505,1975.2,3.40000000000009,537.32,517.8,59.2
2024-07-09 23:24:21,39.70924,-105.109512,1979.4,7.60000000000014,606.04,679.2,56.9
2024-07-09 23:24:23,39.709412,-105.109512,1983.5,11.7,647.24,672.4,55.9
2024-07-09 23:24:24,39.709511,-105.109512,1983.4,11.6000000000001,622.63,656.1,54.4
2024-07-09 23:24:25,39.70961,-105.109512,1980.9,9.10000000000014,590.6,590.2,53.4
2024-07-09 23:24:26,39.709702,-105.109512,1978.5,6.70000000000005,564.6,481.7,53.9
2024-07-09 23:24:28,39.709805,-105.109512,1975.5,3.70000000000005,526.1,334.3,58.2
2024-07-09 23:24:48,39.709991,-105.109512,1974.3,2.5,468.18,275.6,60.4
2024-07-09 23:24:49,39.709991,-105.109512,1975.2,3.40000000000009,470.66,317.2,69
2024-07-09 23:24:51,39.709991,-105.109512,1974.3,2.5,465,294.7,60.4
2024-07-09 23:24:53,39.709991,-105.109512,1976.1,4.29999999999995,468.73,283.8,61.7
2024-07-09 23:24:55,39.709991,-105.109512,1980.5,8.70000000000005,485.72,291.8,59.9
2024-07-09 23:24:56,39.709991,-105.109512,1981.5,9.70000000000005,475.42,274.6,59.4
2024-07-09 23:24:58,39.709991,-105.109512,1979.9,8.10000000000014,453.98,292.8,59.4
2024-07-09 23:25:00,39.709991,-105.109512,1981.4,9.60000000000014,452.89,353.8,59.4
2024-07-09 23:25:02,39.709999,-105.109512,1993.1,21.3,465.4,395.3,59.9
2024-07-09 23:25:03,39.709999,-105.109512,1995.6,23.8,465.01,393.4,62.5
2024-07-09 23:25:04,39.710011,-105.109512,1994.6,22.8,463.99,363,55.9
2024-07-09 23:25:05,39.710011,-105.109512,1992.8,21,465.15,313.9,55.9
2024-07-09 23:25:06,39.710011,-105.109512,1988.1,16.3,467.55,270.8,55.4
2024-07-09 23:25:07,39.710011,-105.109512,1983.4,11.6000000000001,469.58,244.9,55.9
2024-07-09 23:25:09,39.710011,-105.10952,1983.6,11.8,471.91,206.2,57.9
2024-07-09 23:25:11,39.710011,-105.10952,1981.4,9.60000000000014,470.35,189.1,57.9
2024-07-09 23:25:12,39.710018,-105.10952,1980,8.20000000000005,466.84,188.4,57.9
2024-07-09 23:25:14,39.710041,-105.10952,1977.4,5.60000000000014,463.26,297,58.4
2024-07-09 23:25:15,39.710072,-105.10952,1977.4,5.60000000000014,469.12,345.3,57.9
2024-07-09 23:25:16,39.710152,-105.10952,1977.4,5.60000000000014,473.74,287.2,58.7
2024-07-09 23:25:19,39.7103,-105.10952,1976.2,4.40000000000009,473.64,244.5,59.7
2024-07-09 23:25:20,39.710442,-105.109512,1975.8,4,472.28,312.7,58.4
2024-07-09 23:25:21,39.710541,-105.109512,1975.2,3.40000000000009,469.24,420.1,57.9
2024-07-09 23:25:30,39.711525,-105.109512,1976.4,4.60000000000014,480.26,427.1,62.7
2024-07-09 23:25:32,39.71183,-105.109512,1974.7,2.90000000000009,477.05,473.7,60.7
2024-07-09 23:25:35,39.712151,-105.109512,1974.8,3,469.62,446.5,59.7
2024-07-09 23:25:44,39.713539,-105.109543,1975.1,3.29999999999995,446.22,370.6,57.9
2024-07-09 23:25:46,39.713711,-105.109543,1975.3,3.5,453.33,499.9,57.9
2024-07-09 23:25:47,39.713871,-105.109543,1976.2,4.40000000000009,454.7,554,57.9
2024-07-09 23:25:48,39.714119,-105.109543,1977.2,5.40000000000009,456.07,895.2,57.7
2024-07-09 23:25:51,39.714443,-105.10955,2065.6,93.8,465.08,1305.5,62
2024-07-09 23:25:52,39.714691,-105.109558,2042.6,70.8,464.04,1170.6,57.9
2024-07-09 23:25:53,39.714859,-105.109558,2019.6,47.8,461.29,873.1,57.9
2024-07-09 23:25:55,39.715031,-105.109558,2019,47.2,451.19,712.9,57.9
2024-07-09 23:25:56,39.715199,-105.109558,2017.2,45.4000000000001,472.69,848.7,62
2024-07-09 23:25:57,39.71537,-105.109573,2014.1,42.3,494.19,916.4,59.4
2024-07-09 23:25:58,39.715542,-105.109573,2009.7,37.9000000000001,490.38,953.7,57.9
2024-07-09 23:25:59,39.715721,-105.109573,2003,31.2,477.11,880.4,65
2024-07-09 23:26:00,39.7159,-105.109573,1997,25.2,471.28,663.5,60.4
2024-07-09 23:26:02,39.716068,-105.109573,1997.6,25.8,474.33,389.6,57.9
2024-07-09 23:26:03,39.716251,-105.109573,1994.2,22.4000000000001,470.21,306.3,57.4
2024-07-09 23:26:04,39.716431,-105.109573,1989.9,18.1000000000001,466.08,273.8,54.4
2024-07-09 23:26:05,39.716599,-105.109573,1987.7,15.8,466.5,247.8,54.9
2024-07-09 23:26:06,39.716782,-105.109581,1987,15.0999999999999,467.27,247.5,56.4
2024-07-09 23:26:07,39.716969,-105.109581,1986,14.0999999999999,461.39,262.2,54.9
2024-07-09 23:26:09,39.717239,-105.109581,1982.4,10.1000000000001,445.4,235.3,56.1
2024-07-09 23:26:11,39.717522,-105.109581,1979.9,7.5,438.21,187.8,59.9
2024-07-09 23:26:12,39.717701,-105.109581,1979.9,7.5,436.69,166.4,54.9
2024-07-09 23:26:13,39.71788,-105.109581,1980.3,7.89999999999986,435.16,161.5,63.5
2024-07-09 23:26:14,39.718071,-105.109581,1981.5,8.79999999999995,438.11,159.8,56.4
2024-07-09 23:26:15,39.71825,-105.109581,1983.5,10.5999999999999,441.68,194.9,65.5
2024-07-09 23:26:16,39.71843,-105.109581,1985.9,13,446.88,256.2,55.9
2024-07-09 23:26:17,39.718601,-105.109581,1990,17.0999999999999,453.13,330,64
2024-07-09 23:26:18,39.718781,-105.109581,1994,21.0999999999999,456.31,447.2,59.9
2024-07-09 23:26:20,39.719036,-105.109581,1996.9,24,444.97,807.9,55.9
2024-07-09 23:26:22,39.719299,-105.109589,1998.5,25.5999999999999,474.8,993.8,55.9
2024-07-09 23:26:23,39.719471,-105.109589,1998.8,25.8999999999999,476.93,769,66
2024-07-09 23:26:25,39.71973,-105.109589,1997.8,24.8999999999999,466.08,467.7,57.4
2024-07-09 23:26:27,39.720085,-105.109589,1992.5,19.5999999999999,442,293.6,57.4
2024-07-09 23:26:30,39.720451,-105.109596,1983.3,10.3999999999999,428.49,217.4,57.2
2024-07-09 23:26:32,39.720718,-105.109596,1986.2,13.3,429.2,199.5,57.4
2024-07-09 23:26:33,39.720909,-105.109612,1984.8,11.8999999999999,428.44,199,62
2024-07-09 23:26:34,39.721184,-105.109612,1983.4,10.5,429.6,226.5,68
2024-07-09 23:26:36,39.721481,-105.109612,1986.9,14,440.31,259.2,58.9
2024-07-09 23:26:37,39.721668,-105.109612,1985.6,12.6999999999998,435.86,264.4,58.9
2024-07-09 23:26:38,39.72187,-105.109612,1982.2,9.29999999999995,431.42,288.3,58.4
2024-07-09 23:26:39,39.722069,-105.109612,1980.1,7.19999999999982,442.64,321.8,58.4
2024-07-09 23:26:40,39.72226,-105.109612,1981.1,8.19999999999982,460.36,371.3,58.4
2024-07-09 23:26:41,39.722462,-105.109619,1982,9.09999999999991,476.84,447.4,58.4
2024-07-09 23:26:43,39.722759,-105.109619,1979.7,6.79999999999995,504.04,501.9,59.2
2024-07-09 23:26:45,39.723061,-105.109619,1978.4,5.5,476.96,609.9,70
2024-07-09 23:26:46,39.72327,-105.109619,1978.3,5.39999999999986,477.73,777.4,59.9
2024-07-09 23:26:48,39.723572,-105.109619,1978.9,6.10000000000014,481.53,626,58.7
2024-07-09 23:26:50,39.723869,-105.109619,1978.5,5.79999999999995,475.04,611.6,58.4
2024-07-09 23:26:51,39.724072,-105.109619,1978.4,5.70000000000005,487.69,706.9,59.4
2024-07-09 23:26:52,39.724281,-105.109619,1978.4,5.70000000000005,500.34,638.2,67
2024-07-09 23:26:53,39.72448,-105.109619,1977.8,5,491.18,551,59.4
2024-07-09 23:26:54,39.724682,-105.109619,1976.5,3.70000000000005,480.58,497.7,53.4
2024-07-09 23:26:55,39.72488,-105.109619,1975.6,2.79999999999995,475.92,465.2,53.9
2024-07-09 23:26:57,39.725182,-105.109627,1977.1,4.29999999999995,471.34,417.4,55.4
2024-07-09 23:26:59,39.725449,-105.109627,1976.9,4.20000000000005,455.91,487.7,53.4
2024-07-09 23:27:00,39.725449,-105.109627,1977.7,5,453.96,581.7,53.9
2024-07-09 23:27:02,39.725449,-105.109627,1980.3,7.59999999999991,453.6,621,58.4
2024-07-09 23:27:03,39.726212,-105.109612,1980.6,7.89999999999986,456.45,624.7,53.9
2024-07-09 23:27:04,39.72636,-105.109642,1980.9,8.20000000000005,457.52,626.7,54.9
2024-07-09 23:27:06,39.726604,-105.109642,1984.1,11.3,455.2,676,54.9
2024-07-09 23:27:09,39.726936,-105.109627,1985.9,13.1000000000001,450.6,606.9,55.9
2024-07-09 23:27:10,39.72718,-105.109627,1988.4,15.6000000000001,441.76,583.1,54.4
2024-07-09 23:27:11,39.727341,-105.109627,1990.5,17.7,437.11,612.1,54.4
2024-07-09 23:27:13,39.727501,-105.109627,1985.9,13.1000000000001,436.29,516.3,54.4
2024-07-09 23:27:14,39.727661,-105.109627,1990.2,17.4000000000001,435.26,417.6,57.4
2024-07-09 23:27:15,39.727901,-105.109627,1996,23.2,434.22,351.1,57.4
2024-07-09 23:27:18,39.72821,-105.109627,2000.5,27.8,444.07,320.5,61.7
2024-07-09 23:27:20,39.728516,-105.109627,1986.5,13.9000000000001,461.52,351.9,57.4
2024-07-09 23:27:22,39.728741,-105.109627,1986.7,14.1000000000001,462.78,340.3,57.4
2024-07-09 23:27:23,39.728889,-105.109627,1984.3,11.7,468.07,324.2,65
2024-07-09 23:27:25,39.729126,-105.109619,1976.5,3.90000000000009,486.23,283.7,57.4
2024-07-09 23:27:27,39.729446,-105.109619,1976.3,3.79999999999995,519.73,274.1,57.2
2024-07-09 23:27:29,39.729771,-105.109619,1981.4,8.90000000000009,553.1,792.1,57.9
2024-07-09 23:27:31,39.730011,-105.109612,1986.8,14.3999999999999,553.18,1152.4,57.9
2024-07-09 23:27:32,39.730171,-105.109612,1986.7,14.3,543.05,874.5,57.9
2024-07-09 23:27:33,39.730331,-105.109612,1982.5,10.0999999999999,530.73,654.2,57.9
2024-07-09 23:27:34,39.730492,-105.109612,1978.6,6.19999999999982,508.14,502.1,57.4
2024-07-09 23:27:36,39.730721,-105.109604,1975.9,3.5,452.51,301.7,59.2
2024-07-09 23:27:38,39.730949,-105.109596,1976.9,4.5,487.16,232.1,57.4
2024-07-09 23:27:39,39.73111,-105.109596,1977.2,4.79999999999995,491.84,237.3,58.9
2024-07-09 23:27:40,39.731258,-105.109596,1977.2,4.79999999999995,494.97,230.5,57.4
2024-07-09 23:27:41,39.731411,-105.109596,1977.1,4.69999999999982,492.78,216.1,56.9
2024-07-09 23:27:43,39.731651,-105.109596,1976.1,3.69999999999982,480.21,234.2,59.2
2024-07-09 23:27:45,39.731892,-105.109596,1975,2.59999999999991,455.08,280.2,58.4
2024-07-09 23:27:46,39.732059,-105.109596,1976.2,3.79999999999995,464.65,302.9,57.9
2024-07-09 23:27:48,39.732311,-105.109596,1981.1,8.69999999999982,490.69,886.2,57.7
2024-07-09 23:27:50,39.732658,-105.109612,1988.2,15.8,522.27,1159.7,58.4
2024-07-09 23:27:52,39.732941,-105.109619,1987.4,15,527.52,1104.4,57.9
2024-07-09 23:27:53,39.733131,-105.109619,1985.5,13.0999999999999,521.04,1011,68
2024-07-09 23:27:54,39.733311,-105.109619,1982.9,10.5,514.56,822.4,52.4
2024-07-09 23:27:55,39.73349,-105.109619,1980.9,8.5,501.45,614.1,51.9
2024-07-09 23:27:57,39.733749,-105.109612,1978.5,6.09999999999991,476.66,402.1,52.4
2024-07-09 23:27:59,39.734055,-105.109612,1976.7,4.29999999999995,463.18,409.1,52.6
2024-07-09 23:28:01,39.734356,-105.109612,1979.2,6.79999999999995,467.84,586.2,52.4
2024-07-09 23:28:04,39.734638,-105.109596,1979.1,6.69999999999982,470.49,638.8,50.6
2024-07-09 23:28:05,39.73484,-105.109596,1978.6,6.19999999999982,469.2,585.5,50.3
2024-07-09 23:28:06,39.734982,-105.109596,1978.2,5.79999999999995,472.34,554.1,50.3
2024-07-09 23:28:08,39.735176,-105.109596,1980.4,8,487.68,609,51.9
2024-07-09 23:28:10,39.735432,-105.109596,1978.5,6.09999999999991,470.09,704.1,58.9
2024-07-09 23:28:13,39.73568,-105.109596,1976.2,3.79999999999995,455.71,534.1,56.1
2024-07-09 23:28:14,39.73587,-105.109596,1976.1,3.69999999999982,446.56,424.7,53.9
2024-07-09 23:28:15,39.735989,-105.109596,1976,3.59999999999991,439.39,336.1,52.4
2024-07-09 23:28:40,39.738537,-105.109573,1974.9,2.5,421.71,133.2,61.2
2024-07-09 23:28:42,39.738628,-105.109573,1977.9,5.5,425.27,134.8,61.4
2024-07-09 23:28:43,39.738682,-105.109558,1977.7,5.29999999999995,424.08,138.2,62
2024-07-09 23:28:44,39.738708,-105.109558,1975.8,3.39999999999986,422.53,139,62
2024-07-09 23:29:05,39.739639,-105.109558,1975.2,2.79999999999995,421.14,125.5,63.5
2024-07-09 23:29:06,39.739681,-105.10955,1977.1,4.69999999999982,421.13,127.4,63
2024-07-09 23:29:07,39.739712,-105.10955,1979.2,6.79999999999995,421.13,129,71
2024-07-09 23:29:08,39.739738,-105.10955,1979.7,7.29999999999995,421.24,130.4,63.5
2024-07-09 23:29:10,39.73978,-105.10955,1977,4.59999999999991,421.36,134.9,64.5
2024-07-09 23:29:12,39.739799,-105.10955,1975.2,2.79999999999995,421.17,133.9,62.5
2024-07-09 23:29:13,39.739811,-105.10955,1975.4,3,421.36,131.5,65
2024-07-09 23:29:14,39.739815,-105.10955,1975.7,3.29999999999995,421.56,130.1,62.5
2024-07-09 23:29:17,39.73983,-105.10955,1976.1,3.69999999999982,422.35,247.3,65.7
2024-07-09 23:29:19,39.739845,-105.10955,1976.4,4,427.46,1921.7,62.2
2024-07-09 23:29:21,39.739857,-105.10955,1999,26.5999999999999,441.92,3633.1,62.5
2024-07-09 23:29:23,39.739861,-105.10955,1998.8,26.3999999999999,435.11,4711.6,62.5
2024-07-09 23:29:24,39.739861,-105.10955,1998.7,26.3,437.02,5175.3,62.5
2024-07-09 23:29:25,39.739861,-105.10955,2001.1,28.6999999999998,439.89,6066.2,62
2024-07-09 23:29:26,39.739861,-105.10955,2003.8,31.3999999999999,446.12,7520.9,62
2024-07-09 23:29:28,39.739861,-105.10955,2023.3,50.8999999999999,466.86,12335,61.4
2024-07-09 23:29:29,39.739861,-105.10955,2023.7,51.3,477.52,15550,62.5
2024-07-09 23:29:30,39.739861,-105.10955,2021,48.5999999999999,488.17,13326.6,62.5
2024-07-09 23:29:31,39.739861,-105.10955,2012.4,40,469.29,10012.9,62
2024-07-09 23:29:32,39.739861,-105.10955,1994.7,22.3,445,6781.5,62
2024-07-09 23:29:33,39.739861,-105.10955,1977,4.59999999999991,429.89,3666,64
2024-07-09 23:29:49,39.74017,-105.109581,1975,2.59999999999991,424.76,161.3,60.9
2024-07-09 23:29:51,39.740238,-105.109657,1977.7,5.29999999999995,424.61,157.2,60.9
2024-07-09 23:29:52,39.74028,-105.109741,1983.1,10.6999999999998,424.71,152.8,63.5
2024-07-09 23:29:54,39.740295,-105.109871,1994.4,22,425.17,173.7,60.7
2024-07-09 23:29:55,39.740299,-105.110023,1985.4,13,425.64,178.4,60.4
2024-07-09 23:29:56,39.740292,-105.11013,1976.3,3.89999999999986,426.41,167.4,60.4
2024-07-09 23:29:58,39.740292,-105.110252,1975.4,3,428.44,147.2,60.9
2024-07-09 23:29:59,39.740292,-105.110382,1975,2.59999999999991,426.41,138,60.4
2024-07-09 23:30:05,39.74028,-105.111282,1976,3.59999999999991,426.82,353.1,64.2
2024-07-09 23:30:07,39.740269,-105.111557,1980.2,7.79999999999995,438.11,395.2,68.5
2024-07-09 23:30:08,39.740269,-105.111748,1981.3,8.89999999999986,437.69,316.4,58.4
2024-07-09 23:30:09,39.740269,-105.111938,1981.9,9.5,437.26,306.6,58.4
2024-07-09 23:30:10,39.740269,-105.112129,1982.4,10,435.64,329.6,58.9
2024-07-09 23:30:12,39.740269,-105.112427,1983.4,11,432.32,355.1,58.9
2024-07-09 23:30:14,39.740261,-105.112801,1991.5,19.0999999999999,432.04,284.4,59.2
2024-07-09 23:30:16,39.740261,-105.113083,1981.7,9.29999999999995,435.96,168.6,68
2024-07-09 23:30:17,39.740261,-105.113274,1976.6,4.19999999999982,433.37,151.8,59.4
2024-07-09 23:30:18,39.740261,-105.113457,1976.2,3.79999999999995,428.79,140.6,57.9
2024-07-09 23:30:19,39.740261,-105.113647,1975.7,3.29999999999995,426.23,139.1,58.4
2024-07-09 23:30:21,39.740261,-105.113853,1981.8,9.29999999999995,426.66,152.8,68
2024-07-09 23:30:22,39.740261,-105.114037,1983.8,11.0999999999999,425.79,167,58.4
2024-07-09 23:30:23,39.740261,-105.114227,1985.3,12.2,424.91,157.5,58.9
2024-07-09 23:30:24,39.740261,-105.114433,1992.6,19.3999999999999,424.93,141.4,62
2024-07-09 23:30:25,39.740261,-105.114632,2007.7,34.3,425.14,138.7,58.9
2024-07-09 23:30:26,39.740261,-105.114822,2018.1,44.3999999999999,424.93,150.7,58.9
2024-07-09 23:30:28,39.740261,-105.115097,1978.8,5.09999999999991,423.78,154.3,59.2
2024-07-09 23:30:40,39.740253,-105.116943,1976.7,2.90000000000009,463.65,170.2,65
2024-07-09 23:30:41,39.74025,-105.117218,1978.9,5.10000000000014,487.19,227.2,59.9
2024-07-09 23:30:42,39.74025,-105.117401,1981.5,7.70000000000005,498.12,383.8,71
2024-07-09 23:30:44,39.74025,-105.117577,1998.8,25,490.15,633,60.4
2024-07-09 23:30:45,39.74025,-105.11776,1995.3,21.5,487.74,734.1,67.5
2024-07-09 23:30:46,39.74025,-105.11792,1989,15.2,485.32,709.9,60.4
2024-07-09 23:30:47,39.74025,-105.11808,1984.3,10.5,482.01,671.8,60.4
2024-07-09 23:30:48,39.74025,-105.11821,1980.8,7,478.63,529.2,64.5
2024-07-09 23:30:50,39.74025,-105.118385,1977.1,3.29999999999995,460.12,198.9,62.2
2024-07-09 23:30:51,39.74025,-105.118538,1976.1,2.29999999999995,451.69,188.9,64
2024-07-09 23:30:55,39.74025,-105.118729,1977.3,3.5,431.3,161.7,58.9
2024-07-09 23:30:56,39.74025,-105.118759,1978.6,4.79999999999995,430.92,165.8,59.4
2024-07-09 23:30:57,39.74025,-105.118782,1980.9,7.10000000000014,432.13,213.2,59.9
2024-07-09 23:30:59,39.74025,-105.118782,1981.5,7.70000000000005,436.11,396.8,59.4
2024-07-09 23:31:00,39.74025,-105.118782,1980.2,6.40000000000009,437.52,337.5,59.9
2024-07-09 23:31:01,39.74025,-105.118782,1978.9,5.10000000000014,435.63,278.2,59.4
2024-07-09 23:31:02,39.74025,-105.118782,1977.5,3.70000000000005,433.74,264.1,59.4
2024-07-09 23:31:03,39.74025,-105.118782,1976.6,2.79999999999995,432.43,257.7,69.5
2024-07-09 23:31:11,39.740261,-105.118782,1979.4,4.70000000000005,447.89,485.3,59.9
2024-07-09 23:31:12,39.740261,-105.118782,1980.5,5.79999999999995,444.16,432.9,60.4
2024-07-09 23:31:13,39.740261,-105.118782,1978.3,3.59999999999991,435.48,363.6,61.4
2024-07-09 23:31:25,39.74025,-105.119659,1977,2.40000000000009,434.65,214.1,61.4
2024-07-09 23:31:26,39.74025,-105.119797,1976.9,2.30000000000018,433.24,269.7,60.9
2024-07-09 23:31:36,39.74025,-105.121178,1976.8,2.29999999999995,431.3,183.6,59.7
2024-07-09 23:31:37,39.74025,-105.121429,1977.8,3.29999999999995,433.02,179.9,59.9
2024-07-09 23:31:39,39.74025,-105.121681,1980.9,6.40000000000009,436.94,253.6,65.5
2024-07-09 23:31:41,39.74025,-105.122017,2020.7,46.2,440.63,424,59.9
2024-07-09 23:31:43,39.74025,-105.122269,2018.8,44.3,444.64,658.1,59.9
2024-07-09 23:31:44,39.74025,-105.122437,2010.2,35.7,441.45,786.2,68
2024-07-09 23:31:46,39.740246,-105.122696,1983.1,8.59999999999991,435.84,446.5,58.9
2024-07-09 23:31:48,39.740238,-105.123047,1983.4,8.90000000000009,438.28,532.5,59.2
2024-07-09 23:31:50,39.740238,-105.123398,1979.9,5.40000000000009,433.79,603,64.2
2024-07-09 23:31:53,39.740238,-105.123749,1976.9,2.40000000000009,425.25,234.2,58.7
2024-07-09 23:31:55,39.740238,-105.124092,1977.4,2.90000000000009,430.78,549.1,58.2
2024-07-09 23:31:57,39.740238,-105.124352,1977.6,3.09999999999991,440.41,778.7,58.4
2024-07-09 23:31:58,39.740238,-105.124527,1978.4,3.90000000000009,439.34,764,58.4
2024-07-09 23:31:59,39.740238,-105.124702,1979.7,5.20000000000005,438.27,690.6,64.5
2024-07-09 23:32:00,39.740238,-105.124878,1979.9,5.40000000000009,436.52,584.1,57.9
2024-07-09 23:32:01,39.740238,-105.125061,1977.8,3.29999999999995,434.43,506.1,58.4
2024-07-09 23:32:09,39.740246,-105.126213,1982.8,8.29999999999995,436.64,366.4,57.4
2024-07-09 23:32:11,39.740253,-105.126541,1977.4,2.90000000000009,440.99,316.1,57.7
2024-07-09 23:32:23,39.740269,-105.127663,1977.3,2.79999999999995,427.15,214,56.9
2024-07-09 23:32:24,39.740269,-105.127724,1977.9,3.40000000000009,424.73,184.8,63
2024-07-09 23:32:25,39.740269,-105.127769,1978.5,4,423.48,167.3,57.9
2024-07-09 23:32:26,39.740269,-105.127808,1978.7,4.20000000000005,423.31,151.1,57.9
2024-07-09 23:32:27,39.740269,-105.127853,1978.9,4.40000000000009,423.1,141.5,62
2024-07-09 23:32:29,39.740269,-105.127876,1978.2,3.70000000000005,422.4,157.9,68.5
2024-07-09 23:32:30,39.740269,-105.127892,1977.9,3.40000000000009,423.06,190.6,57.4
2024-07-09 23:32:31,39.740269,-105.127892,1977.9,3.40000000000009,423.87,186.1,56.9
2024-07-09 23:32:32,39.740269,-105.127899,1977.8,3.29999999999995,423.47,154.6,56.9
2024-07-09 23:32:33,39.740269,-105.127899,1977.4,2.90000000000009,422.34,133,60.9
2024-07-09 23:32:34,39.740269,-105.127899,1977.1,2.59999999999991,421.49,138.4,59.9
2024-07-09 23:32:41,39.740269,-105.127899,1977,2.5,421.83,402.8,59.4
2024-07-09 23:32:43,39.740269,-105.127899,1977,2.5,423.87,391.9,59.9
2024-07-09 23:32:44,39.740269,-105.127899,1976.8,2.29999999999995,423.3,210.1,59.4
2024-07-09 23:33:22,39.740269,-105.127899,1975.6,2.29999999999995,421.6,131.8,57.9
2024-07-09 23:33:31,39.740269,-105.127899,1975.7,2.40000000000009,422.79,209.8,57.4
2024-07-09 23:33:32,39.740269,-105.127899,1976,2.70000000000005,423.38,263.6,64
2024-07-09 23:33:33,39.740269,-105.127899,1976.3,3,423.97,249.1,66
2024-07-09 23:33:34,39.740269,-105.12793,1976.1,2.79999999999995,423.29,202.5,61.4
2024-07-09 23:33:39,39.740269,-105.128181,1977.6,4.29999999999995,429.71,290.1,58.9
2024-07-09 23:33:40,39.740269,-105.128288,1980.6,7.29999999999995,436.66,357.6,70
2024-07-09 23:33:41,39.740269,-105.12841,1981.1,7.79999999999995,431.83,425.3,59.4
2024-07-09 23:33:42,39.740269,-105.128548,1979.6,6.29999999999995,426.44,380.1,66
2024-07-09 23:33:43,39.740261,-105.128693,1978.5,5.20000000000005,424.11,274.8,59.9
2024-07-09 23:33:44,39.740261,-105.128838,1978.4,5.10000000000014,423.23,198.1,60.4
2024-07-09 23:33:45,39.740261,-105.12899,1978.2,4.90000000000009,422.53,171.8,59.9
2024-07-09 23:33:47,39.74025,-105.129227,1976.3,3,421.84,153.2,60.2
2024-07-09 23:33:49,39.740238,-105.129478,1975.9,2.60000000000014,423.76,160.5,60.4
2024-07-09 23:33:50,39.740238,-105.129662,1975.8,2.5,423.65,159.5,60.4
2024-07-09 23:33:51,39.740231,-105.129852,1975.6,2.29999999999995,423.24,155.8,60.4
2024-07-09 23:34:43,39.74012,-105.138428,1975.6,2.79999999999995,458.03,203.7,59.4
2024-07-09 23:34:44,39.740101,-105.138611,1978.2,5.40000000000009,490.54,198.7,71.5
2024-07-09 23:34:45,39.740089,-105.138802,1978.6,5.89999999999986,471.61,180.6,60.9
2024-07-09 23:34:49,39.740028,-105.139458,1975.7,3.20000000000005,447.21,164.5,59.9
2024-07-09 23:34:53,39.739948,-105.140167,1974.6,2.29999999999995,427.37,145.6,65.5
2024-07-09 23:34:54,39.739929,-105.140381,1975.3,3.09999999999991,430.52,145.7,59.9
2024-07-09 23:34:56,39.739899,-105.140587,1976.9,5.10000000000014,442.09,467.8,59.9
2024-07-09 23:34:57,39.73988,-105.1408,1978.5,7.29999999999995,450.68,693.8,59.9
2024-07-09 23:34:58,39.739845,-105.141113,1980.1,9.19999999999982,457.47,484.4,60.2
2024-07-09 23:35:00,39.739799,-105.141441,2062.3,91.5000000000002,438.06,1815.3,60.4
2024-07-09 23:35:01,39.73978,-105.141663,2071.5,100.7,439.43,3755.1,59.9
2024-07-09 23:35:02,39.73975,-105.141876,2034.4,63.8000000000002,442.77,4833.6,59.4
2024-07-09 23:35:03,39.739731,-105.142097,2002.3,31.8999999999999,442.13,5139,71
2024-07-09 23:35:05,39.7397,-105.142319,1987,16.7,435.44,3048.7,58.4
2024-07-09 23:35:06,39.739681,-105.14254,1982.9,12.8000000000002,435,1182.9,67
2024-07-09 23:35:07,39.739651,-105.142761,1979.1,9.29999999999995,434.42,785.6,69
2024-07-09 23:35:08,39.739632,-105.14299,1977.2,7.90000000000009,429.27,407.6,58.4
2024-07-09 23:35:09,39.739601,-105.143211,1976.7,7.5,424.13,236.3,65
2024-07-09 23:35:10,39.739578,-105.143433,1976.2,7,422.25,191.5,57.9
2024-07-09 23:35:12,39.73954,-105.143768,1975.5,6.29999999999995,422.32,154,63
2024-07-09 23:35:14,39.739498,-105.144112,1975.5,6.29999999999995,422.8,153,67
2024-07-09 23:35:15,39.739479,-105.144341,1975.9,6.70000000000005,423.41,156.4,57.9
2024-07-09 23:35:16,39.73946,-105.144569,1976.4,7.20000000000005,424.01,151.4,58.4
2024-07-09 23:35:17,39.739429,-105.144798,1976.2,7,423.12,143.9,57.9
2024-07-09 23:35:19,39.739384,-105.145142,1973.9,4.70000000000005,421.51,134.6,58.2
2024-07-09 23:35:21,39.739334,-105.145607,1974.2,5,422.24,134.1,58.4
2024-07-09 23:35:23,39.739288,-105.146027,1975.1,5.89999999999986,423.33,148.5,57.9
2024-07-09 23:35:25,39.739262,-105.146309,1979.5,10.3,424.5,183.3,59.4
2024-07-09 23:35:26,39.739239,-105.146477,1980.4,11.2,423.94,210.2,59.9
2024-07-09 23:35:28,39.739216,-105.14669,1976.7,7.5,422.36,162.7,59.7
2024-07-09 23:35:30,39.739201,-105.146889,1980.2,11,422.31,125.7,59.9
2024-07-09 23:35:31,39.739182,-105.147011,1986.4,17.2,424,125,59.4
2024-07-09 23:35:32,39.739166,-105.147179,1993.6,24.3999999999999,425.69,122.4,63.5
2024-07-09 23:35:34,39.739151,-105.147324,1994.8,25.5999999999999,428.42,122.8,59.9
2024-07-09 23:35:35,39.73914,-105.1474,1992,22.8,427.04,129.7,60.4
2024-07-09 23:35:37,39.739128,-105.147499,1978.6,9.39999999999986,422.77,140.8,63.7
2024-07-09 23:35:39,39.739117,-105.147614,1978.5,9.29999999999995,423.07,146.2,59.7
2024-07-09 23:35:41,39.739109,-105.147682,1977.8,8.59999999999991,422.3,153.7,59.9
2024-07-09 23:35:42,39.739109,-105.147697,1977.3,8.09999999999991,422.73,161.9,64.5
2024-07-09 23:35:44,39.739101,-105.14772,1975.8,6.59999999999991,423.45,168.3,64.5
2024-07-09 23:35:46,39.739101,-105.14772,1974.3,5.09999999999991,422.99,184.3,64.7
2024-07-09 23:35:48,39.739101,-105.14772,1973.6,4.39999999999986,422.86,207.7,59.7
2024-07-09 23:35:50,39.739101,-105.14772,1973.3,4.09999999999991,427.1,212.4,59.9
2024-07-09 23:35:51,39.739101,-105.14772,1973.1,3.89999999999986,426.69,196,59.9
2024-07-09 23:35:53,39.739101,-105.147758,1972.8,3.59999999999991,424.18,251.9,68.8
2024-07-09 23:35:55,39.739086,-105.147873,1973,3.79999999999995,423.82,235,59.4
2024-07-09 23:35:57,39.739063,-105.148071,1972.4,3.20000000000005,422.35,171.7,60.2
2024-07-09 23:35:59,39.73904,-105.14827,1972.3,3.09999999999991,425.13,173.1,60.4
2024-07-09 23:36:00,39.739029,-105.148422,1972.4,3.20000000000005,425.52,170.6,59.9
2024-07-09 23:36:02,39.738998,-105.148659,1972.7,3.5,424.17,177,59.7
2024-07-09 23:36:04,39.738972,-105.148994,1972.9,3.70000000000005,426.46,182.8,66.2
2024-07-09 23:36:06,39.738941,-105.149261,1972.6,3.39999999999986,427.71,183.7,59.4
2024-07-09 23:36:07,39.738918,-105.149437,1972.5,3.29999999999995,428.43,197,59.9
2024-07-09 23:36:09,39.738892,-105.149719,1973.5,4.29999999999995,429.73,240,59.9
2024-07-09 23:36:11,39.738861,-105.150002,1973,3.79999999999995,426.5,253.2,59.9
2024-07-09 23:36:12,39.738831,-105.150192,1972.9,3.70000000000005,431.28,231.9,59.9
2024-07-09 23:36:13,39.738811,-105.150368,1973.2,4,436.83,237.2,59.9
2024-07-09 23:36:14,39.738789,-105.150551,1973.4,4.20000000000005,439.57,259,60.4
2024-07-09 23:36:16,39.738762,-105.150818,1972.9,3.70000000000005,439.89,282.3,60.4
2024-07-09 23:36:18,39.738731,-105.151093,1972.2,3,429.24,216.6,59.9
2024-07-09 23:36:19,39.738708,-105.15126,1971.8,2.59999999999991,425.84,146,72.1
2024-07-09 23:36:48,39.738392,-105.153946,1975.3,7.70000000000005,420.14,115,62.7
2024-07-09 23:36:50,39.73835,-105.154221,1970.7,3.10000000000014,420.16,115,60.7
2024-07-09 23:36:52,39.738319,-105.154427,1969.9,2.30000000000018,420.16,114.8,60.9
2024-07-09 23:36:53,39.738289,-105.154549,1970.2,2.60000000000014,420.46,112.7,60.9
2024-07-09 23:36:55,39.738255,-105.154732,1971.2,3.79999999999995,421,104.7,62.7
2024-07-09 23:36:57,39.738201,-105.154953,1972.8,5.5,420.32,104.8,69
2024-07-09 23:36:59,39.738159,-105.155113,1975.7,8.40000000000009,420.21,112.5,61.4
2024-07-09 23:37:00,39.738129,-105.155212,1998.5,31.2,420.24,115.8,62
2024-07-09 23:37:01,39.738098,-105.155296,2052.6,85.3,420.28,116,63.5
2024-07-09 23:37:02,39.738071,-105.15538,2098.6,131.3,420.82,112.4,73.6
2024-07-09 23:37:04,39.738041,-105.155457,2047.4,80.1000000000001,422.62,109.8,60.9
2024-07-09 23:37:05,39.73801,-105.155533,2018.5,51.2,422.11,110.1,64.5
2024-07-09 23:37:06,39.737961,-105.155655,1988.9,21.6000000000001,421.59,112.3,64.2
2024-07-09 23:37:08,39.737881,-105.15583,1972.9,5.70000000000005,423.67,120.1,63.2
2024-07-09 23:37:11,39.737789,-105.156021,1973.1,5.89999999999986,428.5,129.1,60.7
2024-07-09 23:37:13,39.737675,-105.156227,1973.1,5.89999999999986,428.57,123.5,64.5
2024-07-09 23:37:15,39.737572,-105.156387,1973.7,6.60000000000014,424.53,118.4,71
2024-07-09 23:37:16,39.737492,-105.156487,1973.8,6.70000000000005,423.81,116,59.9
2024-07-09 23:37:17,39.737411,-105.156609,1973.6,6.5,423.57,119.1,59.9
2024-07-09 23:37:18,39.73732,-105.156723,1973.5,6.40000000000009,431.68,129.5,70.5
2024-07-09 23:37:20,39.737186,-105.156914,1975.2,8.10000000000014,461.06,131.6,60.9
2024-07-09 23:37:22,39.737041,-105.157097,1973.8,6.70000000000005,435.14,119.1,68.5
2024-07-09 23:37:23,39.73695,-105.157219,1973.7,6.60000000000014,433.39,112,59.4
2024-07-09 23:37:25,39.736805,-105.157402,1974.9,7.80000000000018,436.48,146.4,66.2
2024-07-09 23:37:27,39.736626,-105.157654,1976.2,9.10000000000014,445.12,141.6,61.7
2024-07-09 23:37:29,39.73645,-105.157883,1976.9,9.80000000000018,440.22,121.4,66
2024-07-09 23:37:31,39.73632,-105.158051,1977.9,10.8000000000002,426.65,115.4,60.4
2024-07-09 23:37:32,39.736229,-105.158173,1979.8,12.7,425.33,114.3,59.9
2024-07-09 23:37:33,39.736141,-105.158279,1983.8,16.7,425.34,113.2,59.4
2024-07-09 23:37:34,39.73605,-105.158401,1986.7,19.6000000000001,425.23,112.1,71
2024-07-09 23:37:36,39.735916,-105.158585,1978.5,11.4000000000001,425.49,114.8,59.7
2024-07-09 23:37:38,39.735722,-105.158852,1972.8,5.70000000000005,431.15,121.7,60.2
2024-07-09 23:37:40,39.735569,-105.159058,1969.9,2.90000000000009,435.39,124.8,59.9
2024-07-09 23:37:45,39.735111,-105.159714,1970.1,3.09999999999991,435.16,124.9,60.2
2024-07-09 23:37:47,39.734894,-105.159988,1971.3,4.29999999999995,431.29,129.2,66.2
2024-07-09 23:37:49,39.73473,-105.160202,1971.3,4.29999999999995,427.36,123.4,69.5
2024-07-09 23:37:50,39.734612,-105.160347,1971,4,425.83,121.5,59.9
2024-07-09 23:37:51,39.734501,-105.160492,1970.1,3.09999999999991,424.75,120.6,60.4
2024-07-09 23:37:54,39.734215,-105.160866,1969.3,2.29999999999995,424.52,126.4,63
2024-07-09 23:37:56,39.734039,-105.161087,1970.3,3.29999999999995,428.51,121.1,61.4
2024-07-09 23:37:57,39.733929,-105.161232,1970.7,3.70000000000005,428.04,116.1,60.9
2024-07-09 23:37:59,39.733765,-105.161453,1969.8,2.79999999999995,424.47,119.3,66.5
2024-07-09 23:38:01,39.733559,-105.161743,1972,5,425.47,122.5,61.2
2024-07-09 23:38:03,39.733421,-105.161972,1973.2,6.20000000000005,427.84,118.7,64
2024-07-09 23:38:04,39.73333,-105.162132,1972.6,5.59999999999991,428.52,117.3,61.4
2024-07-09 23:38:05,39.73325,-105.162292,1970.1,3.09999999999991,429,117.2,60.9
2024-07-09 23:38:21,39.732529,-105.164268,1969.6,2.69999999999982,443.39,142.6,59.9
2024-07-09 23:38:22,39.732498,-105.164413,1970.9,4,439.1,157.2,70.5
2024-07-09 23:38:23,39.73246,-105.164543,1969.3,2.39999999999986,431.25,168,59.4
2024-07-09 23:38:45,39.733173,-105.165367,1970.3,3.39999999999986,422.96,106.6,67
2024-07-09 23:38:47,39.733421,-105.16539,1969.2,2.29999999999995,422.79,106.8,63.5
2024-07-09 23:39:30,39.733971,-105.171204,1970.9,4,423.06,105.6,61.2
2024-07-09 23:44:31,39.741089,-105.184921,1969.3,2.29999999999995,427.77,118.3,57.2
2024-07-09 23:45:16,39.741081,-105.184921,1969.8,2.5,424.64,111.5,59.4
2024-07-09 23:45:17,39.741081,-105.184921,1970,2.59999999999991,424.54,115.4,59.4
2024-07-09 23:45:18,39.741081,-105.184921,1969.7,2.29999999999995,424.24,114.7,70.5
2024-07-09 23:45:21,39.741081,-105.184921,1971.6,4.19999999999982,424.65,106,60.4
2024-07-09 23:45:23,39.741081,-105.184921,1971.5,4,424.82,110.2,69.8
2024-07-09 23:45:25,39.741081,-105.184921,1973.1,5.5,424.28,109.6,58.4
2024-07-09 23:45:27,39.741081,-105.184921,1971.7,4,423.74,113.1,58.4
2024-07-09 23:45:30,39.741081,-105.184921,1970.1,2.39999999999986,423.46,124.8,60.2
2024-07-09 23:45:32,39.741081,-105.184921,1971.9,4.20000000000005,425.87,165.3,59.7
2024-07-09 23:45:34,39.741081,-105.184921,1975.2,7.5,432.48,273.9,58.9
2024-07-09 23:45:35,39.741081,-105.184921,1977,9.29999999999995,432.69,314.7,60.9
2024-07-09 23:45:37,39.741081,-105.184921,1971,3.29999999999995,425.22,259.6,60.4
2024-07-09 23:45:38,39.741081,-105.184921,1971.1,3.39999999999986,431.33,177.6,63.5
2024-07-09 23:45:39,39.741081,-105.184921,1972.2,4.5,437.43,255.5,59.2
2024-07-09 23:45:42,39.741081,-105.184921,1980.5,12.7,427.22,390.7,59.2
2024-07-09 23:45:44,39.741081,-105.184921,1978,10.2,425.1,291.1,58.9
2024-07-09 23:45:46,39.741081,-105.184921,1982.8,15,424.34,199.8,59.4
2024-07-09 23:45:47,39.741081,-105.184921,1983.6,15.8,424.1,175.2,62.5
2024-07-09 23:45:48,39.741081,-105.184921,1982.6,14.8,423.87,159.6,59.9
2024-07-09 23:45:49,39.741081,-105.184921,1981.5,13.7,423.54,149.6,59.4
2024-07-09 23:45:51,39.741081,-105.184921,1977.6,9.69999999999982,423.24,136.4,59.2
2024-07-09 23:45:53,39.741081,-105.184921,1977.9,10,426.58,143.1,59.4
2024-07-09 23:45:54,39.741081,-105.184921,1978.9,11,428.91,155.5,58.4
2024-07-09 23:45:55,39.741081,-105.184921,1980.4,12.5,431.28,156.1,58.4
2024-07-09 23:45:56,39.741081,-105.184921,1981.4,13.5,432.05,150.3,58.4
2024-07-09 23:45:58,39.741081,-105.184921,1981.4,13.4000000000001,431.84,140.7,64.5
2024-07-09 23:46:00,39.741081,-105.184929,1979.6,11.3999999999999,430.97,156.7,58.4
2024-07-09 23:46:02,39.741081,-105.184921,1980.6,12.3999999999999,451.99,176.1,58.4
2024-07-09 23:46:03,39.741081,-105.184921,1980.5,12.3,444.78,164.9,58.4
2024-07-09 23:46:05,39.741081,-105.184921,1976.8,8.59999999999991,424.56,144.2,64.2
2024-07-09 23:46:07,39.741081,-105.184929,1976.4,8.20000000000005,429.27,135,57.9
2024-07-09 23:46:08,39.741081,-105.184929,1977,8.70000000000005,425.99,134.3,62.5
2024-07-09 23:46:09,39.741081,-105.184929,1977.7,9.40000000000009,422.71,137.2,58.2
2024-07-09 23:46:11,39.741081,-105.184929,1980,11.7,422.45,141.5,57.9
2024-07-09 23:46:12,39.741081,-105.184929,1981.3,13,424.71,141.7,58.4
2024-07-09 23:46:13,39.741081,-105.184929,1982.8,14.3999999999999,427.85,139.4,59.9
2024-07-09 23:46:14,39.741081,-105.184929,1983.8,15.3999999999999,430.51,133.4,61.4
2024-07-09 23:46:16,39.741081,-105.184929,1973.3,4.89999999999986,433.62,124.6,62.2
2024-07-09 23:46:18,39.741081,-105.184929,1971,2.5,426.52,122,59.4
2024-07-09 23:46:19,39.741081,-105.184929,1970.8,2.29999999999995,427.17,123.4,71.5
2024-07-09 23:46:21,39.741081,-105.184929,1971.3,2.79999999999995,432.37,123.2,60.9
2024-07-09 23:46:22,39.741081,-105.184929,1971.4,2.90000000000009,438.26,123.5,59.9
2024-07-09 23:46:23,39.741081,-105.184929,1971.4,2.90000000000009,440.31,126.3,59.9
2024-07-09 23:46:25,39.741081,-105.184929,1972.1,3.59999999999991,425.51,122.9,66.8
2024-07-09 23:46:27,39.741081,-105.184929,1974.4,5.80000000000018,428.92,146,60.9
2024-07-09 23:46:28,39.741081,-105.184929,1975.3,6.70000000000005,428.61,194.6,60.9
2024-07-09 23:46:30,39.741081,-105.184929,1975.4,6.80000000000018,429.09,275.2,60.9
2024-07-09 23:46:32,39.741081,-105.184929,1977.2,8.60000000000014,439.57,343.1,67.5
2024-07-09 23:46:33,39.741081,-105.184929,1977.6,9,439.29,374,60.4
2024-07-09 23:46:34,39.741081,-105.184929,1977.7,8.70000000000005,439,364.5,58.4
2024-07-09 23:46:35,39.741081,-105.184929,1978,8.90000000000009,439.35,335.2,68.5
2024-07-09 23:46:36,39.741081,-105.184929,1978.7,9.40000000000009,439.97,305.7,58.9
2024-07-09 23:46:37,39.741081,-105.184929,1979.3,9.89999999999986,438.23,275.8,58.9
2024-07-09 23:46:39,39.741081,-105.184929,1977.5,7.90000000000009,429.78,219.5,58.9
2024-07-09 23:46:40,39.741081,-105.184929,1977.4,7.70000000000005,429.95,192.8,58.4
2024-07-09 23:46:41,39.741081,-105.184929,1977.5,7.70000000000005,430.12,180.4,58.4
2024-07-09 23:46:42,39.741081,-105.184929,1977.1,7.09999999999991,428.96,170.3,58.9
2024-07-09 23:46:43,39.741081,-105.184929,1976.2,6.10000000000014,427.64,157,56.4
2024-07-09 23:46:44,39.741081,-105.184929,1975.5,4.70000000000005,426.89,141.5,56.4
2024-07-09 23:46:46,39.741081,-105.184929,1976,5,426.52,140.8,56.1
2024-07-09 23:46:48,39.741081,-105.184929,1976,5,428.71,147.7,64
2024-07-09 23:46:49,39.741081,-105.184929,1975.8,4.70000000000005,427.22,145.1,56.4
2024-07-09 23:46:50,39.741081,-105.184929,1975.4,4.10000000000014,425.72,139.7,56.4
2024-07-09 23:46:51,39.741081,-105.184929,1975.3,4,427.18,133,56.4
2024-07-09 23:46:53,39.741081,-105.184929,1976.5,5.20000000000005,430.51,131.8,59.9
2024-07-09 23:46:55,39.741081,-105.184929,1974.7,3.40000000000009,425.75,123.5,61.4
2024-07-09 23:46:56,39.741081,-105.184929,1974.7,3.40000000000009,425.29,114.1,56.9
2024-07-09 23:46:57,39.741081,-105.184929,1975,3.59999999999991,424.84,115.5,55.9
2024-07-09 23:46:58,39.741081,-105.184929,1975.4,4,427.46,119.2,55.9
2024-07-09 23:46:59,39.741081,-105.184929,1976,4.59999999999991,430.56,124.4,62
2024-07-09 23:47:00,39.741081,-105.184929,1976.3,4.89999999999986,430.53,130.8,56.4
2024-07-09 23:47:02,39.741081,-105.184929,1975.5,4.09999999999991,427.69,130.5,56.4
2024-07-09 23:47:04,39.741081,-105.184929,1977.2,5.10000000000014,434.31,137.1,59.2
2024-07-09 23:47:06,39.741081,-105.184929,1977.9,5.70000000000005,430.82,143.9,62
2024-07-09 23:47:07,39.741081,-105.184929,1977.8,4.5,429.24,136.5,59.4
2024-07-09 23:47:08,39.741081,-105.184929,1977.4,4.10000000000014,427.69,133.4,58.9
2024-07-09 23:47:09,39.741081,-105.184929,1977.1,3.79999999999995,426.24,135.2,59.4
2024-07-09 23:47:11,39.741081,-105.184929,1978,4.70000000000005,423.86,130.1,63.2
2024-07-09 23:47:13,39.741081,-105.184929,1977.7,4.40000000000009,424.01,127.4,70.5
2024-07-09 23:47:14,39.741081,-105.184929,1977.5,4.20000000000005,424.02,131.7,59.9
2024-07-09 23:47:15,39.741081,-105.184929,1977.4,4.10000000000014,424.02,135.2,59.9
2024-07-09 23:47:16,39.741081,-105.184929,1977.4,4.10000000000014,425.46,138.2,59.9
2024-07-09 23:47:18,39.741081,-105.184929,1978,4.70000000000005,428.92,139.9,63.5
2024-07-09 23:47:20,39.741081,-105.184929,1977.7,4.40000000000009,424.29,143.4,59.9
2024-07-09 23:47:21,39.741081,-105.184929,1978.3,5,425.3,148,61.4
2024-07-09 23:47:22,39.741081,-105.184929,1979.8,6.5,426.63,148.4,71
2024-07-09 23:47:23,39.741081,-105.184929,1980.4,7.10000000000014,425.86,146.1,59.4
2024-07-09 23:47:25,39.741081,-105.184929,1976.3,3,422.84,136.3,63.5
2024-07-09 23:47:26,39.741081,-105.184929,1977,3.70000000000005,423.32,130.4,58.9
2024-07-09 23:47:27,39.741081,-105.184937,1977.8,4.5,423.82,133.9,59.2
2024-07-09 23:47:29,39.741081,-105.184952,1978.6,5.5,425.21,137.2,59.4
2024-07-09 23:47:30,39.74107,-105.184967,1978.9,5.80000000000018,424.67,136,60.4
2024-07-09 23:47:31,39.741055,-105.185013,1979.2,7,423.76,133.3,65.5
2024-07-09 23:47:34,39.741039,-105.185066,1979.4,7.30000000000018,423.83,127.4,65
2024-07-09 23:47:35,39.741032,-105.185127,1980.4,9,423.54,130.6,60.4
2024-07-09 23:47:36,39.741032,-105.185188,1981.9,10.5,423.25,134.3,60.9
2024-07-09 23:47:37,39.741032,-105.185257,1982.7,11.4000000000001,423.55,138.3,59.4
2024-07-09 23:47:38,39.74102,-105.185341,1982.8,11.8,423.96,140,59.9
2024-07-09 23:47:39,39.74102,-105.185417,1983.4,12.4000000000001,424.03,139.7,60.4
2024-07-09 23:47:40,39.74102,-105.185509,1986.3,15,423.85,148.5,59.9
2024-07-09 23:47:41,39.741009,-105.1856,1989.1,17.6999999999998,424.01,181.9,60.4
2024-07-09 23:47:43,39.741005,-105.185753,1986.8,15.3999999999999,425.85,195.3,59.7
2024-07-09 23:47:45,39.741001,-105.185974,1980.8,8.70000000000005,423.7,162.8,59.7
2024-07-09 23:47:47,39.741001,-105.186142,1978.1,5.89999999999986,423.3,149,65
2024-07-09 23:47:48,39.74102,-105.186256,1977.8,5.59999999999991,423.3,142.9,59.4
2024-07-09 23:47:50,39.741051,-105.186447,1975.8,3.59999999999991,423.59,135.3,63.5
2024-07-09 23:47:52,39.741089,-105.18663,1975.1,2.89999999999986,425.6,134.8,70.5
2024-07-09 23:47:53,39.741119,-105.18676,1974.9,2.70000000000005,425.73,136.6,59.4
2024-07-09 23:47:55,39.741161,-105.186943,1974.9,2.70000000000005,425.31,130.2,61.2
2024-07-09 23:47:57,39.741215,-105.187164,1975.4,3.20000000000005,424.09,131,60.2
2024-07-09 23:47:59,39.741268,-105.18737,1978.7,6.5,424.15,134.4,58.7
2024-07-09 23:48:01,39.74131,-105.187508,1979.5,7.29999999999995,423.2,136.8,70
2024-07-09 23:48:02,39.741329,-105.187599,1979.5,7.29999999999995,424.99,139.9,60.9
2024-07-09 23:48:03,39.741348,-105.187683,1979.3,7.09999999999991,427.74,141.4,63.5
2024-07-09 23:48:04,39.741371,-105.187759,1979.2,7.40000000000009,428.58,140.6,58.9
2024-07-09 23:48:06,39.741394,-105.187866,1978.8,7,425.46,138.8,61.4
2024-07-09 23:48:08,39.741444,-105.188004,1980.4,8.60000000000014,426.16,140.5,58.7
2024-07-09 23:48:11,39.74152,-105.188148,1983.9,12.1000000000001,429.32,155.1,58.7
2024-07-09 23:48:12,39.7416,-105.188248,1986.2,14.4000000000001,426.98,160.1,65.5
2024-07-09 23:48:13,39.741661,-105.188332,1988.5,17.0999999999999,425.24,162.5,59.4
2024-07-09 23:48:15,39.741756,-105.188438,1986.2,15.2,424.94,157.8,62
2024-07-09 23:48:17,39.741852,-105.188538,1985.4,14.7,426.6,147.2,56.9
2024-07-09 23:48:18,39.741909,-105.188606,1985.5,14.8,426.07,146.1,56.9
2024-07-09 23:48:20,39.74197,-105.18869,1986.7,16,424.49,151.2,57.4
2024-07-09 23:48:21,39.742054,-105.188797,1985.8,15.3,424.48,153.7,64.2
2024-07-09 23:48:22,39.742142,-105.188919,1984.8,14.3,424.4,149.4,57.4
2024-07-09 23:48:24,39.74218,-105.189011,1981.7,11.3,423.73,138.9,56.9
2024-07-09 23:48:25,39.742229,-105.189102,1980.8,10.3999999999999,423.88,132.6,56.9
2024-07-09 23:48:26,39.74226,-105.189201,1980.5,10.7,424.06,132.8,56.9
2024-07-09 23:48:27,39.742298,-105.189301,1980.1,10.3,423.82,136.3,68
2024-07-09 23:48:29,39.742329,-105.189407,1979.2,9.5,422.98,140.2,56.9
2024-07-09 23:48:30,39.742359,-105.189529,1977.1,7.89999999999986,422.56,141.1,56.4
2024-07-09 23:48:31,39.742393,-105.189697,1975,5.79999999999995,422.18,139.5,59.4
2024-07-09 23:48:33,39.742432,-105.189873,1975.5,6.29999999999995,422.15,138.6,56.9
2024-07-09 23:48:34,39.742458,-105.189972,1976,6.79999999999995,422.28,139.9,58.4
2024-07-09 23:48:35,39.742481,-105.190079,1976.1,7,422.44,144.5,58.4
2024-07-09 23:48:36,39.7425,-105.190178,1976.2,7.20000000000005,422.64,153.4,69
2024-07-09 23:48:38,39.742519,-105.190277,1977.3,8.29999999999995,423.09,174.8,58.4
2024-07-09 23:48:39,39.742538,-105.190376,1977.7,8.70000000000005,423.23,186.7,57.4
2024-07-09 23:48:40,39.742561,-105.190468,1978,9,423.36,190.5,57.4
2024-07-09 23:48:41,39.74258,-105.190559,1978,9,423.48,192.7,57.4
2024-07-09 23:48:43,39.742611,-105.190697,1977.6,8.59999999999991,424.39,181.8,57.7
2024-07-09 23:48:45,39.74263,-105.19088,1978.6,9.59999999999991,426.19,170.4,61.2
2024-07-09 23:48:47,39.74263,-105.191093,1976.6,7.59999999999991,423.99,156.7,67.5
2024-07-09 23:48:49,39.74263,-105.191261,1982.1,13.0999999999999,423.96,149.2,58.9
2024-07-09 23:48:50,39.74263,-105.191368,1983.9,14.9000000000001,425.59,156.6,58.4
2024-07-09 23:48:52,39.74263,-105.191528,1979.3,10.3,428.28,165.7,59.2
2024-07-09 23:48:54,39.74263,-105.191727,1974.7,5.70000000000005,424.28,142.7,59.9
2024-07-09 23:48:56,39.74263,-105.191887,1973.5,4.5,423.83,112.3,70
2024-07-09 23:48:57,39.74263,-105.191978,1973.3,4.29999999999995,423.96,111.5,59.9
2024-07-09 23:48:59,39.74263,-105.192123,1973.1,4.09999999999991,424.16,115.2,60.4
2024-07-09 23:49:01,39.742641,-105.192238,1973.1,4.09999999999991,423.71,120.8,66
2024-07-09 23:49:02,39.742641,-105.192307,1972.2,3.20000000000005,423.28,123.6,59.9
2024-07-09 23:49:12,39.74258,-105.192657,1972.2,3.20000000000005,426.78,119.9,60.4
2024-07-09 23:49:13,39.742538,-105.192688,1972.8,3.79999999999995,432.22,132,60.4
2024-07-09 23:49:15,39.742458,-105.192734,1973.3,4.29999999999995,439.08,142.1,63
2024-07-09 23:49:17,39.742325,-105.192764,1973.5,4.5,429.51,144.4,61.4
2024-07-09 23:49:19,39.742222,-105.19281,1972.7,3.70000000000005,430.16,150.3,67
2024-07-09 23:49:20,39.742168,-105.192833,1973,4,435.84,156.8,60.4
2024-07-09 23:49:21,39.74213,-105.192848,1974,5,442.07,174.3,60.9
2024-07-09 23:49:22,39.742111,-105.192871,1975.3,6.29999999999995,448.21,199.8,59.9
2024-07-09 23:49:24,39.742085,-105.192886,1978.8,9.79999999999995,455.47,210,60.2
2024-07-09 23:49:26,39.742065,-105.19294,1980.1,11.0999999999999,434.84,166.6,63
2024-07-09 23:49:28,39.742069,-105.193024,1974.1,5.09999999999991,431.51,120,59.4
2024-07-09 23:49:29,39.742088,-105.193077,1973,4,430.61,116.4,58.9
2024-07-09 23:49:31,39.742119,-105.193169,1976.8,7.79999999999995,429.59,120.3,59.4
2024-07-09 23:49:33,39.742168,-105.193283,1975.9,6.90000000000009,429.5,127.6,58.7
2024-07-09 23:49:35,39.742226,-105.193428,1972.2,3.20000000000005,427.87,128.9,57.9
2024-07-09 23:49:37,39.742271,-105.193558,1971.4,2.40000000000009,425.37,122,65
2024-07-09 23:49:38,39.742298,-105.193657,1971.8,2.79999999999995,425.96,116.4,57.9
2024-07-09 23:49:40,39.742325,-105.193832,1974.4,5.40000000000009,428.3,125.6,63
2024-07-09 23:49:42,39.74234,-105.194008,1976.5,7.5,429.91,135,58.4
2024-07-09 23:49:43,39.742352,-105.19413,1974.8,5.79999999999995,428.73,136.4,57.9
2024-07-09 23:49:44,39.742352,-105.194298,1972.2,3.20000000000005,427.54,130.7,56.9
2024-07-09 23:49:51,39.742359,-105.194939,1971.4,2.5,429.17,121.1,60.2
2024-07-09 23:50:14,39.742352,-105.19632,1970.5,2.40000000000009,441.56,114.4,60.9
2024-07-09 23:50:15,39.742352,-105.196449,1971.4,3.30000000000018,435.85,119.2,60.9
2024-07-09 23:50:16,39.742359,-105.196587,1972.5,4.5,430.15,124.3,60.9
2024-07-09 23:50:17,39.742359,-105.196732,1973,5.09999999999991,427.29,129.5,60.9
2024-07-09 23:50:19,39.742359,-105.196861,1972.3,4.39999999999986,424.42,121.4,68
2024-07-09 23:50:20,39.742371,-105.196991,1972,4.20000000000005,425.73,113.7,61.4
2024-07-09 23:50:21,39.742371,-105.197121,1971.8,4.20000000000005,427.07,115.7,69.5
2024-07-09 23:50:22,39.742371,-105.197243,1971.5,4.09999999999991,428.9,117.7,60.4
2024-07-09 23:50:24,39.742371,-105.197418,1971.4,4,441.11,126.9,66
2024-07-09 23:50:25,39.742371,-105.197594,1972.5,5.20000000000005,455.3,128.1,60.4
2024-07-09 23:50:26,39.742378,-105.197701,1973.7,6.40000000000009,465.18,122.6,66.5
2024-07-09 23:50:28,39.742378,-105.197807,1978.8,11.5999999999999,470.56,133.9,60.9
2024-07-09 23:50:29,39.742378,-105.197929,1976.5,9.29999999999995,464.78,148.8,67.5
2024-07-09 23:50:31,39.742378,-105.198112,1969.7,2.5,452.02,134.3,63
2024-07-09 23:50:35,39.742378,-105.198631,1969.8,2.70000000000005,440.03,122.8,63.7
2024-07-09 23:50:37,39.742378,-105.19883,1970.8,3.70000000000005,430.64,119.9,58.9
2024-07-09 23:50:38,39.74239,-105.198959,1971.7,4.70000000000005,431.27,123.2,58.4
2024-07-09 23:50:39,39.74239,-105.199097,1973.1,6.09999999999991,432.32,123.3,58.4
2024-07-09 23:50:40,39.74239,-105.199226,1974.2,7.20000000000005,432.86,121.4,70.5
2024-07-09 23:50:41,39.74239,-105.199364,1974.7,7.79999999999995,433.14,121,58.9
2024-07-09 23:50:42,39.742401,-105.199493,1975.3,8.39999999999986,433.66,123.3,58.9
2024-07-09 23:50:44,39.742401,-105.199623,1987.8,20.8999999999999,434.95,122.4,56.9
2024-07-09 23:50:45,39.742401,-105.19973,1986.5,19.7,432.03,119.6,56.9
2024-07-09 23:50:46,39.742401,-105.199852,1982.6,15.8999999999999,429.1,116,56.9
2024-07-09 23:50:47,39.742401,-105.199959,1986,19.3,429.21,112.2,57.4
2024-07-09 23:50:48,39.742401,-105.200058,1996.7,30,429.69,108.7,56.9
2024-07-09 23:50:49,39.742378,-105.20015,2006.6,39.8999999999999,452.69,105.4,57.4
2024-07-09 23:50:51,39.742336,-105.200256,2020.6,53.8999999999999,530.32,98.4,60.9
2024-07-09 23:50:53,39.742298,-105.200317,1997.3,30.5999999999999,605.92,114.3,66
2024-07-09 23:50:54,39.74229,-105.200348,1988.9,22.2,557.34,133.1,55.4
2024-07-09 23:50:55,39.742279,-105.200363,1982.4,15.7,508.76,128.7,55.9
2024-07-09 23:50:56,39.742279,-105.200371,1978,11.3,511.73,117.4,55.9
2024-07-09 23:50:58,39.742271,-105.200386,1975.1,8.39999999999986,511.13,117.5,60.9
2024-07-09 23:51:00,39.74226,-105.200409,1970,3.29999999999995,442.11,112.3,58.7
2024-07-09 23:51:02,39.74226,-105.200493,1969.5,2.79999999999995,442.16,109.4,61.2
2024-07-09 23:51:04,39.742271,-105.200592,1971.6,4.89999999999986,467.44,106,54.9
2024-07-09 23:51:05,39.742271,-105.200668,1974.7,8,528.62,93.3,54.9
2024-07-09 23:51:07,39.742306,-105.200798,1987,20.3,649.11,129.8,60.9
2024-07-09 23:51:08,39.742359,-105.200928,1986.2,19.5,645.78,158.3,54.9
2024-07-09 23:51:09,39.74242,-105.201019,1985.4,18.7,634.29,175.5,54.9
2024-07-09 23:51:11,39.742523,-105.201172,1977.5,10.8,542.74,187.2,54.6
2024-07-09 23:51:13,39.74263,-105.20134,1972,5.29999999999995,489.72,164.9,49.8
2024-07-09 23:51:14,39.74271,-105.201447,1970,3.29999999999995,471.94,150.5,49.3
2024-07-09 23:51:25,39.743469,-105.202652,1974.4,7.70000000000005,519.42,115,45.5
2024-07-09 23:51:27,39.743599,-105.202858,1972.8,6.09999999999991,514.59,126.4,45.8
2024-07-09 23:51:28,39.743679,-105.202988,1971.6,4.89999999999986,496.46,134.8,56.4
2024-07-09 23:51:29,39.743771,-105.203117,1970.6,3.89999999999986,476.48,132.9,45.3
2024-07-09 23:51:30,39.743851,-105.203262,1969.8,3.09999999999991,472.74,123.4,52.4
2024-07-09 23:51:32,39.743984,-105.203453,1969.7,3,482.84,118,47.3
2024-07-09 23:52:25,39.746349,-105.209328,1969.6,2.89999999999986,424.48,107.1,57.9
2024-07-09 23:52:29,39.746441,-105.209656,1969,2.29999999999995,424.33,111.1,57.7
2024-07-09 23:52:32,39.746529,-105.209816,1971.9,5.20000000000005,422.64,107,61.2
2024-07-09 23:52:34,39.746632,-105.209923,1975.5,8.79999999999995,423.28,105.8,58.9
2024-07-09 23:52:36,39.746681,-105.209969,1987.9,21.2,424.55,115.5,58.9
2024-07-09 23:52:37,39.746719,-105.209999,1995.1,28.3999999999999,425.66,125.6,70
2024-07-09 23:52:38,39.74675,-105.210037,2002.9,36.2,426.78,130.6,58.4
2024-07-09 23:52:39,39.746792,-105.210068,2009.7,43,427.02,133.1,58.4
2024-07-09 23:52:41,39.746864,-105.210144,2018.6,51.8999999999999,426.83,134.2,57.9
2024-07-09 23:52:43,39.746986,-105.210258,2023.7,57,427.04,134.7,56.7
2024-07-09 23:52:45,39.747089,-105.210358,2023.3,56.5999999999999,426.96,133,54.9
2024-07-09 23:52:46,39.747181,-105.210426,2022.3,55.5999999999999,426.43,129.3,65.5
2024-07-09 23:52:48,39.747314,-105.210564,2019.8,53.0999999999999,425.46,126.1,54.6
2024-07-09 23:52:50,39.747501,-105.210732,2022.8,56.0999999999999,425.6,134.2,55.9
2024-07-09 23:52:52,39.74765,-105.210876,2029.6,62.8999999999999,425.42,140,54.9
2024-07-09 23:52:53,39.747761,-105.210983,2032.1,65.3999999999999,425.46,137.4,62.5
2024-07-09 23:52:55,39.747913,-105.211128,2035.9,69.2,425.7,133.1,47.6
2024-07-09 23:52:57,39.748146,-105.211334,2046.5,79.8,426.12,127.6,51.9
2024-07-09 23:52:59,39.748371,-105.211548,2039.6,72.8999999999999,425.52,124.3,51.9
2024-07-09 23:53:01,39.74855,-105.211708,2031.3,64.5999999999999,425.28,125.1,54.9
2024-07-09 23:53:02,39.748669,-105.211823,2025.7,59,425.41,125.3,47.3
2024-07-09 23:53:04,39.748791,-105.211929,2001.5,34.8,425.74,126.3,48.3
2024-07-09 23:53:05,39.748901,-105.212044,2001.2,34.5,425.09,127.1,59.9
2024-07-09 23:53:06,39.74902,-105.212151,2003.2,36.5,424.44,123.8,48.8
2024-07-09 23:53:07,39.749142,-105.212257,2001,34.3,424.4,120.1,48.3
2024-07-09 23:53:08,39.749249,-105.212357,1995.3,28.5999999999999,424.4,117.2,49.3
2024-07-09 23:53:09,39.749359,-105.212463,1990.2,23.5,424.47,114.8,48.3
2024-07-09 23:53:11,39.749519,-105.212608,1982.2,15.5,424.5,122.4,50.6
2024-07-09 23:53:13,39.749737,-105.212807,1989.7,23,423.85,122.9,51.4
2024-07-09 23:53:15,39.749889,-105.212959,1991.7,25,423.5,118,53.9
2024-07-09 23:53:16,39.75,-105.213051,1991.5,24.8,423.42,120.4,53.9
2024-07-09 23:53:18,39.750141,-105.213188,1989.1,22.3999999999999,423.66,117.5,53.6
2024-07-09 23:53:20,39.75032,-105.213348,1986.4,19.7,424.66,116.8,54.4
2024-07-09 23:53:22,39.750439,-105.21347,1980.7,14,424.03,111.7,53.9
2024-07-09 23:53:23,39.750511,-105.213531,1979.3,12.5999999999999,424.74,105.2,53.9
2024-07-09 23:53:24,39.750568,-105.213577,1978.8,12.0999999999999,425.45,107.2,55.9
2024-07-09 23:53:25,39.750622,-105.213631,1977.9,11.2,424.94,112.6,59.4
2024-07-09 23:53:27,39.750671,-105.213676,1974.4,7.70000000000005,423.48,116,58.2
2024-07-09 23:53:29,39.750706,-105.213707,1973.2,6.5,423.22,111.9,55.9
2024-07-09 23:53:31,39.75071,-105.213722,1971.9,5.20000000000005,421.37,108.5,55.9
2024-07-09 23:53:32,39.75071,-105.213722,1971.7,5,422.03,109.4,55.9
2024-07-09 23:53:33,39.75071,-105.213722,1971.9,5.20000000000005,422.87,111.6,55.4
2024-07-09 23:53:34,39.75071,-105.213722,1972,5.29999999999995,422.83,114.8,68
2024-07-09 23:53:36,39.75071,-105.213722,1971.3,4.59999999999991,421.84,113.6,57.4
2024-07-09 23:53:38,39.75071,-105.213722,1971.5,4.79999999999995,421.7,114,57.4
2024-07-09 23:53:39,39.750729,-105.213737,1971.5,4.79999999999995,421.73,118.8,57.4
2024-07-09 23:53:40,39.750751,-105.21376,1971.4,4.70000000000005,421.78,118.1,68
2024-07-09 23:53:41,39.75079,-105.213791,1971.3,4.59999999999991,422.2,113.5,57.4
2024-07-09 23:53:42,39.750839,-105.213837,1971.3,4.59999999999991,422.85,110.6,57.4
2024-07-09 23:53:43,39.7509,-105.213898,1971.3,4.5,423.1,112.4,59.4
2024-07-09 23:53:45,39.75098,-105.213966,1974.3,7.39999999999986,421.83,112.5,59.4
2024-07-09 23:53:46,39.75106,-105.21405,1975.6,7.09999999999991,422.09,110.8,67.5
2024-07-09 23:53:48,39.751186,-105.214165,1978.5,9.70000000000005,422.51,110.1,59.2
2024-07-09 23:53:50,39.751369,-105.214333,1983.2,14.4000000000001,422.61,114,64.7
2024-07-09 23:53:52,39.751511,-105.214462,1978.6,9.59999999999991,422.15,113.3,59.4
2024-07-09 23:53:53,39.751598,-105.214539,1980.5,10.9000000000001,422.83,110,59.4
2024-07-09 23:53:55,39.751736,-105.214668,1986.7,15.9000000000001,423.18,114.9,58.9
2024-07-09 23:53:56,39.751869,-105.21479,1987.6,16.5,422.59,116,58.9
2024-07-09 23:53:57,39.751961,-105.214882,1988.3,17,422.36,115,67.5
2024-07-09 23:53:59,39.752102,-105.215004,1987.9,16.6000000000001,422.56,118.6,58.9
2024-07-09 23:54:01,39.752239,-105.215141,1988.7,17.4000000000001,422.81,116.5,59.4
2024-07-09 23:54:02,39.752331,-105.215218,1988.9,17.6000000000001,422.49,111,59.4
2024-07-09 23:54:03,39.752419,-105.215309,1989,17.5999999999999,422.17,107.6,56.9
2024-07-09 23:54:04,39.75251,-105.215393,1988.3,16.8999999999999,422.01,105.1,57.4
2024-07-09 23:54:06,39.752644,-105.215523,1983.9,12.5,421.74,109.6,57.2
2024-07-09 23:54:08,39.752834,-105.215698,1980.5,9.20000000000005,421.35,109.2,57.4
2024-07-09 23:54:10,39.752979,-105.215828,1979.4,8.10000000000014,421.33,106.7,66
2024-07-09 23:54:11,39.753078,-105.215919,1978.8,7.5,421.37,108,57.4
2024-07-09 23:54:13,39.753231,-105.216064,1977.4,6.10000000000014,421.34,106.1,63
2024-07-09 23:54:15,39.753426,-105.216248,1976.4,5.10000000000014,421.18,106.9,58.2
2024-07-09 23:54:17,39.753571,-105.216377,1974.9,3.60000000000014,421.56,109.2,57.4
2024-07-09 23:54:18,39.75367,-105.216469,1974.3,3,421.51,110.2,57.9
2024-07-09 23:54:19,39.753819,-105.216614,1973.7,2.40000000000009,421.47,110.1,57.9
2024-07-09 23:54:33,39.754841,-105.217529,1973.9,2.60000000000014,422.04,103,59.9
2024-07-09 23:54:34,39.75489,-105.217567,1973.7,2.40000000000009,421.96,102.2,59.9
2024-07-09 23:55:02,39.75618,-105.217491,1973.8,2.5,423.02,115.4,71.5
2024-07-09 23:55:04,39.756229,-105.217361,1975,3.70000000000005,422.43,116.9,60.4
2024-07-09 23:55:05,39.756294,-105.217155,1975.6,4.29999999999995,421.91,111.6,60.2
2024-07-09 23:55:07,39.756371,-105.216949,1976.2,4.79999999999995,421.61,108.1,60.4
2024-07-09 23:55:08,39.756439,-105.21682,1977.5,6.09999999999991,421.61,110.8,60.9
2024-07-09 23:55:09,39.756519,-105.216698,1979.6,8.19999999999982,421.63,111.7,62
2024-07-09 23:55:10,39.756599,-105.216591,1981,9.59999999999991,424.44,111.5,60.4
2024-07-09 23:55:12,39.756744,-105.216423,1980.2,8.79999999999995,430.19,108.6,61.2
2024-07-09 23:55:14,39.756901,-105.216263,1979.9,7.80000000000018,426.58,142.2,60.4
2024-07-09 23:55:15,39.756989,-105.216148,1980.8,8.70000000000005,426.14,175.6,59.9
2024-07-09 23:55:16,39.757133,-105.215988,1982,9.90000000000009,425.7,160.1,59.9
2024-07-09 23:55:18,39.757259,-105.215828,1981.9,9.80000000000018,422.75,124.5,68
2024-07-09 23:55:19,39.757339,-105.215721,1981.6,9.5,422.04,124.5,65.5
2024-07-09 23:55:21,39.757446,-105.215569,1982.1,10,422.08,121.3,62.2
2024-07-09 23:55:23,39.75758,-105.215378,1984.3,12.2,423.86,117.6,59.7
2024-07-09 23:55:26,39.75771,-105.215187,1985.3,13.2,423.65,115.2,59.2
2024-07-09 23:55:28,39.757847,-105.214996,1986.3,14.2,425.79,117.7,59.2
2024-07-09 23:55:30,39.757938,-105.214859,1981.8,9.70000000000005,422.93,118.6,58.4
2024-07-09 23:55:31,39.758011,-105.21476,1980.1,8,422.55,118.1,57.9
2024-07-09 23:55:32,39.758091,-105.214661,1978.6,6.5,422.18,111.4,58.9
2024-07-09 23:55:33,39.75816,-105.214569,1977.1,5,421.98,103.7,58.9
2024-07-09 23:55:34,39.758221,-105.21447,1975.7,3.60000000000014,421.8,105.2,55.9
2024-07-09 23:55:42,39.758709,-105.213829,1975.3,3.20000000000005,421.5,112.7,67
2024-07-09 23:55:44,39.758781,-105.213753,1987,14.9000000000001,421.7,116.1,64
2024-07-09 23:55:46,39.758881,-105.213608,1977.6,5.5,422.17,116.4,58.4
2024-07-09 23:55:48,39.759075,-105.213371,1975.8,3.70000000000005,423.04,116.4,58.7
2024-07-09 23:55:50,39.75919,-105.213272,1979.8,7.70000000000005,422.96,119.9,58.4
2024-07-09 23:55:51,39.759239,-105.213211,1984.1,12,422.66,119.5,57.9
2024-07-09 23:55:53,39.759239,-105.213211,2001.4,29.3000000000002,421.92,121.5,60.7
2024-07-09 23:55:55,39.759239,-105.213211,2005.5,33.4000000000001,421.85,124.2,60.4
2024-07-09 23:55:56,39.759239,-105.213211,2008.9,36.8000000000002,423.34,125.2,59.9
2024-07-09 23:55:57,39.759239,-105.213211,2012.9,40.8000000000002,424.82,123.5,60.4
2024-07-09 23:55:58,39.759239,-105.213211,2013.6,41.5,424,121.1,60.4
2024-07-09 23:55:59,39.759239,-105.213211,2010.2,38.1000000000001,422.68,121.4,60.4
2024-07-09 23:56:00,39.759239,-105.213211,2006.6,34.5,422.02,124.1,60.9
2024-07-09 23:56:02,39.759239,-105.213211,1999.3,27.2,421.82,118.6,60.2
2024-07-09 23:56:04,39.759781,-105.21283,1994.9,22.8000000000002,421.91,109.7,58.9
2024-07-09 23:56:06,39.76041,-105.212357,1996,23.9000000000001,422.21,107.2,58.4
2024-07-09 23:56:07,39.760502,-105.21228,1997,24.9000000000001,422.31,108.9,59.4
2024-07-09 23:56:09,39.760639,-105.212181,1997.7,25.6000000000001,422.41,111.2,59.2
2024-07-09 23:56:11,39.760792,-105.212082,1997.2,25.1000000000001,422.24,113.2,69.5
2024-07-09 23:56:12,39.760891,-105.211998,1994.4,22.3000000000002,422.11,114.4,62.5
2024-07-09 23:56:13,39.76099,-105.211929,1990.7,18.6000000000001,421.99,110.6,71
2024-07-09 23:56:14,39.761101,-105.211853,1988.6,16.5,421.83,105.8,59.4
2024-07-09 23:56:15,39.7612,-105.211777,1988,15.9000000000001,421.67,104.3,63
2024-07-09 23:56:16,39.761299,-105.211708,1987.4,15.2,421.52,105.4,59.9
2024-07-09 23:56:18,39.761456,-105.211594,1986.9,14.5,421.3,106.8,61.4
2024-07-09 23:56:20,39.761662,-105.211441,1986.5,13.9000000000001,421.59,179.6,63.5
2024-07-09 23:56:22,39.76181,-105.211319,1986.9,14.2,422.72,871.5,62
2024-07-09 23:56:23,39.761909,-105.211243,1988.8,16.0999999999999,426.02,1717.7,63
2024-07-09 23:56:24,39.762009,-105.211151,1993.5,20.8,430.26,2542.2,59.4
2024-07-09 23:56:25,39.7621,-105.21106,1997.3,24.5999999999999,431.44,3340.1,59.9
2024-07-09 23:56:27,39.762241,-105.210892,1990.6,17.3999999999999,429.08,2942.6,64.7
2024-07-09 23:56:30,39.762402,-105.210625,1995.2,21.4000000000001,434.31,1697.7,59.7
2024-07-09 23:56:31,39.76252,-105.210403,1992.2,17.9000000000001,429.64,2018.7,59.9
2024-07-09 23:56:32,39.762589,-105.210243,1990.1,15.0999999999999,429.22,2660.3,59.4
2024-07-09 23:56:34,39.762669,-105.210083,1992.5,17.2,431.46,1652.7,59.9
2024-07-09 23:56:35,39.762749,-105.209908,1988.9,13.3000000000002,427.44,601.8,62.5
2024-07-09 23:56:36,39.76284,-105.209618,1985.1,9.39999999999986,423.75,803.5,59.9
2024-07-09 23:56:38,39.762932,-105.209297,1985,9.29999999999995,424.77,838.8,64.5
2024-07-09 23:56:39,39.76297,-105.209091,1987.8,12.0999999999999,427.16,556.8,59.9
2024-07-09 23:56:40,39.76302,-105.208862,1993.7,18,430.03,1194.2,66.5
2024-07-09 23:56:41,39.763062,-105.208641,2002.4,26.7,439.49,2823.5,59.9
2024-07-09 23:56:43,39.763111,-105.208298,2053.6,77.8999999999999,464.39,8491.8,59.9
2024-07-09 23:56:45,39.763168,-105.207832,2017.3,42,450.32,8255.7,63.5
2024-07-09 23:56:47,39.76321,-105.207489,1995.6,21,430.14,2241.3,59.9
2024-07-09 23:56:48,39.763229,-105.207253,1991.7,17.4000000000001,431.73,1613.9,60.4
2024-07-09 23:56:50,39.763248,-105.206886,2002.5,30.0999999999999,439.37,1049.7,60.2
2024-07-09 23:56:52,39.76329,-105.206398,1991.5,19.4000000000001,426.19,1461,60.2
2024-07-09 23:56:54,39.76334,-105.205902,1992,20.5999999999999,429.98,2610.5,60.7
2024-07-09 23:56:56,39.763371,-105.205521,1993.4,22.2,436.46,3033.1,60.9
2024-07-09 23:56:57,39.76339,-105.205269,1993.5,22.5999999999999,434.98,1831.4,60.4
2024-07-09 23:56:59,39.763432,-105.204887,1987.7,16.8,424.97,965.3,60.9
2024-07-09 23:57:01,39.763458,-105.204498,1993.1,22.1999999999998,434.99,1071.5,60.9
2024-07-09 23:57:02,39.763481,-105.204247,1993.8,22.8999999999999,431.6,1068.8,60.4
2024-07-09 23:57:03,39.763519,-105.203865,1992.6,21.6999999999998,427.65,1262.4,60.4
2024-07-09 23:57:06,39.763569,-105.203354,2006.2,35.3,447.56,2489.5,60.2
2024-07-09 23:57:08,39.763611,-105.202843,2009.5,38.5999999999999,456.51,3926.3,62.5
2024-07-09 23:57:11,39.763649,-105.202332,2009.1,38.1999999999998,447.53,4874,60.9
2024-07-09 23:57:12,39.76368,-105.20195,2009.7,38.8,443.96,5132.3,60.4
2024-07-09 23:57:13,39.763699,-105.201698,2010.3,39.3999999999999,443.33,6088.2,60.4
2024-07-09 23:57:15,39.763741,-105.201324,2007.8,37.3999999999999,449.74,4611.5,60.2
2024-07-09 23:57:17,39.763779,-105.200951,2004.8,34.3999999999999,428.44,1637.1,59.9
2024-07-09 23:57:18,39.763809,-105.200699,2004.3,34.3,427.51,1434.2,60.4
2024-07-09 23:57:20,39.763855,-105.20034,2006.6,36.6999999999998,431.49,1497.8,60.2
2024-07-09 23:57:22,39.763931,-105.199867,2008.4,39.1000000000001,438.52,1422.7,60.2
2024-07-09 23:57:24,39.763988,-105.199532,2026.5,57.2,449.14,3567.8,60.4
2024-07-09 23:57:25,39.764042,-105.199303,2029.8,60.5999999999999,454.6,6201.2,60.4
2024-07-09 23:57:26,39.764099,-105.199089,2027.3,58.3999999999999,460.07,6116.7,61.4
2024-07-09 23:57:27,39.764149,-105.198883,2024.2,55.3,454.58,4352.3,68.5
2024-07-09 23:57:29,39.764225,-105.19857,2014,45.0999999999999,434.6,2040.2,60.4
2024-07-09 23:57:32,39.764336,-105.198174,2016.3,47.3999999999999,430.7,1064.7,65.5
2024-07-09 23:57:34,39.764435,-105.197777,2015.8,46.8999999999999,432.39,2152.7,61.7
2024-07-09 23:57:36,39.764534,-105.197418,2027.7,58.8,444.76,2714.7,60.2
2024-07-09 23:57:38,39.764622,-105.197159,2015.3,46.3999999999999,427.04,2292.8,60.4
2024-07-09 23:57:39,39.764671,-105.196983,2013.9,45,427.94,1831,60.4
2024-07-09 23:57:40,39.764721,-105.196793,2015.8,46.8999999999999,428.85,2720.8,60.9
2024-07-09 23:57:41,39.764759,-105.196587,2018.4,49.7,435.88,4215.1,60.4
2024-07-09 23:57:43,39.764835,-105.196297,2026.2,57.5,448.58,3599.4,64.7
2024-07-09 23:57:45,39.764935,-105.195892,2024.2,55.5,438.23,2187.3,60.7
2024-07-09 23:57:47,39.765011,-105.19558,2024.6,56,436.68,1563.8,60.4
2024-07-09 23:57:48,39.76506,-105.195374,2026.5,58.3,435.39,1357.7,59.9
2024-07-09 23:57:49,39.765121,-105.195168,2030.5,62.3,433.98,1851.7,59.4
2024-07-09 23:57:50,39.765171,-105.194962,2033.8,65.8,434.33,3083.1,60.4
2024-07-09 23:57:52,39.765259,-105.194649,2030.4,62.4000000000001,441,5056.1,60.9
2024-07-09 23:57:54,39.76535,-105.194344,2041.8,73.8999999999999,464.52,4315.5,59.4
2024-07-09 23:57:55,39.765411,-105.19413,2038.3,70.3999999999999,449.47,2685.9,59.9
2024-07-09 23:57:56,39.765461,-105.193909,2029.3,61.3999999999999,434.41,2336.8,59.9
2024-07-09 23:57:57,39.765518,-105.193703,2024.7,56.8,436.16,2505.6,59.9
2024-07-09 23:57:58,39.765579,-105.193489,2027.4,59.5,443.4,2418.6,59.9
2024-07-09 23:57:59,39.765652,-105.193268,2029.7,61.8,444.15,2023.8,59.9
2024-07-09 23:58:01,39.765743,-105.192955,2026.5,58.5999999999999,433.36,2286.9,60.9
2024-07-09 23:58:03,39.765869,-105.192535,2022.8,54.8999999999999,427.2,2312.2,60.2
2024-07-09 23:58:06,39.76598,-105.192101,2028.4,60.5,432.91,998.5,60.2
2024-07-09 23:58:08,39.76606,-105.191658,2034.9,67.8000000000002,429.57,1793.1,60.9
2024-07-09 23:58:10,39.766121,-105.191307,2032.8,67,428.33,1423.9,68
2024-07-09 23:58:11,39.766159,-105.191078,2029.7,64.1000000000001,426.2,437.6,60.4
2024-07-09 23:58:12,39.766232,-105.190758,2026,60.4000000000001,424.07,211.1,60.4
2024-07-09 23:58:15,39.766338,-105.190338,2009.5,44.5,426.61,135,60.9
2024-07-09 23:58:17,39.766411,-105.190033,2003.3,38.3,429.94,139.3,60.4
2024-07-09 23:58:18,39.766449,-105.189819,2003.6,38.5999999999999,428.96,150.1,64.5
2024-07-09 23:58:19,39.766479,-105.189621,2004.7,39.7,427.99,149.3,60.9
2024-07-09 23:58:20,39.766499,-105.189407,1999.5,34.8,426.86,147.1,71
2024-07-09 23:58:22,39.766544,-105.189117,1979.5,14.9000000000001,427.07,142.3,60.9
2024-07-09 23:58:24,39.766605,-105.188728,1974.6,10.8,432.68,138.3,62.5
2024-07-09 23:58:26,39.766659,-105.188438,1970.4,7.40000000000009,438.99,125.8,60.4
2024-07-09 23:58:27,39.766689,-105.188248,1969.3,7.09999999999991,431.63,114.9,60.9
2024-07-09 23:58:28,39.76672,-105.187943,1968.9,7.70000000000005,424.27,112.5,66.5
2024-07-09 23:58:31,39.766754,-105.187508,1969.3,8.29999999999995,433.93,118.9,60.7
2024-07-09 23:58:33,39.766769,-105.18718,1970,9.29999999999995,444.53,118.4,59.4
2024-07-09 23:58:34,39.766781,-105.186974,1970.4,9.70000000000005,442.6,117.6,63
2024-07-09 23:58:35,39.766788,-105.186752,1970.9,10.2,440.68,118.6,58.9
2024-07-09 23:58:36,39.7668,-105.186539,1972.6,11.8999999999999,441.08,120.3,68
2024-07-09 23:58:37,39.766811,-105.186333,1976.4,15.9000000000001,442.11,120.1,63.5
2024-07-09 23:58:38,39.766819,-105.186119,1979.7,19.5,441.2,118,59.4
2024-07-09 23:58:39,39.766819,-105.185913,1980.8,20.5999999999999,438.63,119.3,58.9
2024-07-09 23:58:40,39.766819,-105.185707,1982,21.8,436.48,130.2,59.4
2024-07-09 23:58:42,39.766785,-105.185417,1972.6,12.3999999999999,434.36,168.9,58.7
2024-07-09 23:58:44,39.766693,-105.185028,1978.3,18.0999999999999,441.94,227.1,59.4
2024-07-09 23:58:46,39.766575,-105.184647,1977.6,17.3999999999999,442.03,255.6,58.7
2024-07-09 23:58:49,39.76643,-105.184303,1971.4,11.2,429.82,127,58.9
2024-07-09 23:58:52,39.766251,-105.183998,1969.9,9.70000000000005,434.13,124.7,69.5
2024-07-09 23:58:54,39.766056,-105.183708,1968,7.79999999999995,428.54,117.4,60.7
2024-07-09 23:58:56,39.765862,-105.183426,1969.2,9,437.7,110,60.2
2024-07-09 23:58:58,39.76572,-105.183228,1968.9,8.70000000000005,434.48,109.3,69
2024-07-09 23:58:59,39.765621,-105.183113,1968.6,8.39999999999986,429.38,109.7,62
2024-07-09 23:59:01,39.765453,-105.182953,1967.9,7.70000000000005,422.31,100.7,59.9
2024-07-09 23:59:02,39.765282,-105.182838,1968.2,8,423.42,100.7,70.5
2024-07-09 23:59:04,39.76516,-105.182777,1968.2,8.10000000000014,425.46,130.6,60.4
2024-07-09 23:59:05,39.764977,-105.182693,1968,8.09999999999991,426.36,125.1,61.2
2024-07-09 23:59:07,39.764801,-105.182602,1969.2,9.40000000000009,425.35,117.6,60.4
2024-07-09 23:59:08,39.764679,-105.182533,1971.2,11.4000000000001,425.75,117.1,60.4
2024-07-09 23:59:09,39.764568,-105.182449,1975.2,15.4000000000001,426.49,115.5,69
2024-07-09 23:59:10,39.764469,-105.182381,1980.8,21,426.36,112.6,60.9
2024-07-09 23:59:12,39.764309,-105.182312,2028.1,68.3,424.37,108.8,63.5
2024-07-09 23:59:14,39.764099,-105.182281,1989.8,30,424.28,108.7,60.9
2024-07-09 23:59:16,39.76395,-105.182343,1971.4,11.6000000000001,428.62,132.8,60.9
2024-07-09 23:59:17,39.763851,-105.182388,1968.7,8.90000000000009,431.46,169,60.9
2024-07-09 23:59:19,39.763695,-105.182457,1974.8,15,437.46,255.4,60.9
2024-07-09 23:59:21,39.76347,-105.182503,1969.5,9.70000000000005,442.24,269.2,61.4
2024-07-09 23:59:23,39.763302,-105.182487,1965.6,5.79999999999995,438.87,194.6,56.9
2024-07-09 23:59:24,39.76318,-105.182457,1964.6,4.79999999999995,436.86,146,58.9
2024-07-09 23:59:26,39.763004,-105.182373,1965,5.20000000000005,432.36,115,57.2
2024-07-09 23:59:28,39.762791,-105.182198,1965.8,6,427.4,110.1,56.9
2024-07-09 23:59:30,39.76265,-105.182022,1965.6,5.79999999999995,426.35,107.8,56.9
2024-07-09 23:59:31,39.762569,-105.181892,1967.1,7.29999999999995,425.71,108.1,57.4
2024-07-09 23:59:32,39.762482,-105.181763,1970.3,10.5,425.07,107.1,57.4
2024-07-09 23:59:33,39.762402,-105.181618,1972.8,13,425.38,105.1,56.9
2024-07-09 23:59:34,39.76231,-105.18148,1973.1,13.3,426.25,102.9,57.9
2024-07-09 23:59:35,39.762218,-105.181343,1973.5,13.7,426.26,99.7,57.4
2024-07-09 23:59:37,39.762131,-105.181198,1983.5,23.7,422.56,100.9,57.4
2024-07-09 23:59:38,39.762051,-105.181061,1985.5,25.7,423.05,105.2,69
2024-07-09 23:59:39,39.761978,-105.180908,1985.4,25.6000000000001,423.53,105.7,60.4
2024-07-09 23:59:40,39.761921,-105.180748,1982.5,22.7,423.45,104.3,57.9
2024-07-09 23:59:42,39.761864,-105.180489,1965,5.20000000000005,422.77,103.4,57.9
2024-07-09 23:59:43,39.761829,-105.180222,1963,3.20000000000005,422.36,103.5,63
2024-07-09 23:59:49,39.761757,-105.179482,1965.1,5.29999999999995,425.27,1655.7,63.5
2024-07-09 23:59:51,39.761688,-105.179184,1969.7,9.90000000000009,431.54,1802.7,67.8
2024-07-09 23:59:53,39.761608,-105.178879,1964.7,4.90000000000009,426.77,991.3,65.5
2024-07-09 23:59:57,39.76149,-105.178322,1962.2,2.40000000000009,422.65,340.6,64
2024-07-09 23:59:58,39.761471,-105.178146,1963.8,4,423.04,783.3,65
2024-07-10 00:00:09,39.761341,-105.17662,1967.9,8.10000000000014,491.79,1944,77.1
2024-07-10 00:00:10,39.761318,-105.17643,1967.5,7.70000000000005,481.71,1490.2,66.5
2024-07-10 00:00:24,39.761238,-105.174873,1965.4,5.60000000000014,474.19,297,63.5
2024-07-10 00:00:25,39.761318,-105.174812,1969.4,9.60000000000014,470.07,400.3,67
2024-07-10 00:00:27,39.761421,-105.174797,1970.8,11,459.58,551.1,63.5
2024-07-10 00:00:28,39.761501,-105.174797,1969.8,10,453.56,528.5,64.5
2024-07-10 00:00:30,39.761639,-105.174805,1964,4.20000000000005,441.16,441.5,63.7
2024-07-10 00:01:00,39.765766,-105.174812,1962.2,2.40000000000009,433.47,184.4,64
2024-07-10 00:01:02,39.766106,-105.174812,1962.2,2.40000000000009,434.32,165.6,64
2024-07-10 00:01:04,39.766434,-105.174797,1970.7,10.9000000000001,434.23,139.2,63
2024-07-10 00:01:06,39.766689,-105.174789,2010.9,51.1000000000001,435.45,159.4,63.5
2024-07-10 00:01:07,39.76685,-105.174789,2015.1,55.3,433.88,186.8,63.5
2024-07-10 00:01:09,39.767105,-105.174782,1974.4,14.6000000000001,432.31,398.8,64.2
2024-07-10 00:01:11,39.767441,-105.174782,1971.4,11.6000000000001,436.45,345.3,63.5
2024-07-10 00:01:13,39.767689,-105.174782,1969.7,9.90000000000009,430.97,182.3,63.5
2024-07-10 00:01:14,39.767849,-105.174782,1969.2,9.40000000000009,430.16,156.3,62
2024-07-10 00:01:16,39.768089,-105.174782,1968.8,9,427.29,190.4,62.2
2024-07-10 00:01:17,39.76833,-105.174789,1968.4,8.60000000000014,424.32,196.5,71
2024-07-10 00:01:18,39.76849,-105.174789,1968.1,8.29999999999995,422.66,167.5,66
2024-07-10 00:01:20,39.76873,-105.174797,1968.2,8.40000000000009,423.25,183.7,62
2024-07-10 00:01:22,39.768959,-105.174812,1967.2,7.40000000000009,424.65,212.3,62
2024-07-10 00:01:23,39.769119,-105.174797,1966.7,6.90000000000009,425.29,169.3,62.5
2024-07-10 00:01:25,39.769356,-105.174797,1966.2,6.40000000000009,427.35,141.2,62
2024-07-10 00:01:27,39.769642,-105.174797,1966.9,7.10000000000014,431.26,156.6,67.8
2024-07-10 00:01:29,39.76984,-105.174789,1968.3,8.5,428.03,157.5,63
2024-07-10 00:01:30,39.769981,-105.174789,1968.4,8.60000000000014,427.18,139.6,63.5
2024-07-10 00:01:31,39.7701,-105.174782,1967.8,8,426.41,127.5,62.5
2024-07-10 00:01:32,39.770229,-105.174767,1967.4,7.60000000000014,426.9,119.2,62
2024-07-10 00:01:34,39.770409,-105.174751,1968.1,8.29999999999995,429.24,129,61.2
2024-07-10 00:01:36,39.770592,-105.174728,1967.4,7.60000000000014,431.51,133.4,61.4
2024-07-10 00:01:37,39.77071,-105.174721,1967.2,7.40000000000009,430.83,125.8,61.4
2024-07-10 00:01:38,39.770828,-105.174713,1967.1,7.29999999999995,430.16,121,60.9
2024-07-10 00:01:39,39.77095,-105.174698,1967,7.09999999999991,430,117.9,72.6
2024-07-10 00:01:41,39.77113,-105.174698,1966.8,6.79999999999995,432.2,142.9,61.4
2024-07-10 00:01:43,39.77137,-105.174698,1968.5,8.40000000000009,442.03,205.2,62
2024-07-10 00:01:45,39.771561,-105.17469,1969.4,9.30000000000018,450.79,232.2,60.4
2024-07-10 00:01:46,39.771671,-105.17469,1969.6,9.5,453.23,204.1,59.9
2024-07-10 00:01:48,39.771809,-105.174683,1969.3,9.20000000000005,452.3,169.2,60.7
2024-07-10 00:01:50,39.771961,-105.174675,1968.5,8.40000000000009,435.84,139,64.7
2024-07-10 00:01:52,39.772049,-105.17466,1969.3,9.09999999999991,434.85,132.6,59.9
2024-07-10 00:01:53,39.772099,-105.174652,1969.5,9.20000000000005,441.57,146.1,64.5
2024-07-10 00:01:55,39.772156,-105.174637,1969.4,9.10000000000014,450.13,340.4,57.2
2024-07-10 00:01:57,39.77219,-105.174637,1968.6,8.29999999999995,448.17,331.2,63.2
2024-07-10 00:01:59,39.77219,-105.174637,1968.5,7.90000000000009,454.52,241.8,60.9
2024-07-10 00:02:01,39.77219,-105.174637,1970,9.40000000000009,460.77,220.9,60.4
2024-07-10 00:02:04,39.77219,-105.174637,1968.1,7.5,429.79,209.3,54.1
2024-07-10 00:02:05,39.77219,-105.174637,1967.8,7.20000000000005,429.64,188.3,54.9
2024-07-10 00:02:06,39.77219,-105.174637,1967.5,6.90000000000009,428.83,187.5,53.9
2024-07-10 00:02:08,39.77219,-105.174637,1967.5,6.90000000000009,424.2,171.6,54.4
2024-07-10 00:02:10,39.77219,-105.174637,1967.7,7.10000000000014,431.7,154.1,54.4
2024-07-10 00:02:11,39.77219,-105.174637,1968,7.40000000000009,433.17,160.5,54.4
2024-07-10 00:02:13,39.77219,-105.174637,1970.1,9.5,432.86,165.8,56.1
2024-07-10 00:02:15,39.77219,-105.174637,1969.9,9.20000000000005,428.97,149.2,57.9
2024-07-10 00:02:16,39.77219,-105.174637,1969.1,8.39999999999986,426.12,129.7,57.4
2024-07-10 00:02:17,39.77219,-105.174637,1967.8,6.79999999999995,423.15,121.8,57.4
2024-07-10 00:02:18,39.77219,-105.174637,1966.8,5.70000000000005,427.2,122.3,65
2024-07-10 00:02:20,39.77219,-105.174637,1967.3,6,441.83,176.6,61.7
2024-07-10 00:02:22,39.77219,-105.174637,1974,12.5999999999999,443.91,325.1,57.4
2024-07-10 00:02:24,39.77219,-105.174637,1986.3,24.8999999999999,432.46,361.7,59.4
2024-07-10 00:02:25,39.77219,-105.174637,1987.5,26.0999999999999,428.7,244.3,59.4
2024-07-10 00:02:27,39.77219,-105.174637,1974.5,12.9000000000001,423.9,186.4,65
2024-07-10 00:02:29,39.77219,-105.174637,1971.6,9.39999999999986,424.22,158.7,59.2
2024-07-10 00:02:31,39.77219,-105.174637,1970.6,8.39999999999986,422.27,131.8,59.9
2024-07-10 00:02:33,39.77219,-105.174637,1970.3,4.09999999999991,424.55,139.1,58.4
2024-07-10 00:02:34,39.77219,-105.174637,1970.2,3.5,424.99,146.1,69.5
2024-07-10 00:02:36,39.77219,-105.174637,1970.1,3.29999999999995,424.55,179.3,58.4
2024-07-10 00:02:57,39.77219,-105.174637,1969.4,2.30000000000018,426.54,130.4,58.9
2024-07-10 00:03:03,39.77219,-105.174637,1969.6,2.29999999999995,438.99,119.1,58.4
2024-07-10 00:03:04,39.77219,-105.174637,1969.8,2.5,434.83,128.7,58.4
2024-07-10 00:03:10,39.77219,-105.174637,1969.7,2.40000000000009,424.44,128.6,66
2024-07-10 00:03:11,39.77219,-105.174637,1969.9,2.60000000000014,424.54,127.8,58.4
2024-07-10 00:03:12,39.77219,-105.174637,1969.8,2.39999999999986,424.61,126.7,58.9
2024-07-10 00:03:13,39.77219,-105.174637,1969.8,2.29999999999995,425.01,125.5,58.9
2024-07-10 00:03:15,39.77219,-105.174637,1970.5,3,426.34,144,59.2
2024-07-10 00:03:17,39.77219,-105.174637,1970.4,2.70000000000005,427.79,150.2,59.2
2024-07-10 00:03:20,39.77219,-105.174637,1970.6,2.89999999999986,428.9,178.1,59.2
2024-07-10 00:03:21,39.77219,-105.174637,1970.9,3.20000000000005,433.19,189.6,60.4
2024-07-10 00:03:22,39.77219,-105.174637,1971.2,3.5,434.23,190.2,71
2024-07-10 00:03:24,39.77219,-105.174637,1972.3,4.59999999999991,433.09,222.5,58.9
2024-07-10 00:03:26,39.77219,-105.174637,1973.7,6,447.59,314.2,57.9
2024-07-10 00:03:27,39.77219,-105.174637,1973,5.5,447.48,380.9,58.4
2024-07-10 00:03:28,39.77219,-105.174637,1971.2,3.70000000000005,447.38,348.9,59.9
2024-07-10 00:03:29,39.77219,-105.174637,1970,2.59999999999991,446.49,270,58.4
2024-07-10 00:03:30,39.77219,-105.174637,1969.9,2.5,445.3,213,58.4
2024-07-10 00:03:31,39.77219,-105.174637,1969.7,2.40000000000009,441.64,186.8,58.9
2024-07-10 00:03:35,39.77219,-105.174637,1969.9,2.70000000000005,428.33,212.4,57.9
2024-07-10 00:03:36,39.77219,-105.174637,1970.3,3.09999999999991,431.14,273.8,57.9
2024-07-10 00:03:38,39.77219,-105.174637,1970.4,3.20000000000005,437.83,283.9,59.4
2024-07-10 00:03:40,39.77219,-105.174637,1976.9,9.70000000000005,443.89,8461.3,62
2024-07-10 00:03:42,39.77219,-105.174637,1982,14.8,465.9,10600.9,57.9
2024-07-10 00:03:43,39.77219,-105.174637,1980.5,13.3,452.19,3888.1,57.9
2024-07-10 00:03:45,39.77219,-105.174637,1970.6,3.39999999999986,428.4,681.9,60.4
2024-07-10 00:04:01,39.772381,-105.174629,1971.2,3.79999999999995,476.76,2164.2,56.9
2024-07-10 00:04:03,39.772449,-105.174629,2012.2,44.8,653.62,3660.4,57.4
2024-07-10 00:04:04,39.772541,-105.174629,2011.2,43.8,587.54,3954.1,68
2024-07-10 00:04:05,39.772629,-105.174622,2004.9,37.5,521.45,2833.6,57.4
2024-07-10 00:04:06,39.77272,-105.174622,1996.2,28.8,525.49,1541.8,58.4
2024-07-10 00:04:08,39.772869,-105.174622,1977.2,9.79999999999995,545.99,823.3,62
2024-07-10 00:04:10,39.773075,-105.174614,1977.7,10.3,552.31,549.7,57.4
2024-07-10 00:04:12,39.773232,-105.174606,1972.2,4.79999999999995,479.58,524.3,57.4
2024-07-10 00:04:13,39.77335,-105.174606,1971.2,3.79999999999995,490.79,633.3,57.4
2024-07-10 00:04:14,39.77346,-105.174599,1971.4,4,502.01,550.8,54.9
2024-07-10 00:04:15,39.773571,-105.174599,1971.4,4,491.45,379.8,55.9
2024-07-10 00:04:16,39.773682,-105.174599,1970.9,3.5,472.1,263.8,54.9
2024-07-10 00:04:17,39.7738,-105.174599,1970.5,3.09999999999991,458.56,233,55.4
2024-07-10 00:04:19,39.773979,-105.174599,1969.6,2.39999999999986,450.01,235,60.9
2024-07-10 00:04:21,39.774151,-105.174606,1970.4,3.20000000000005,475.66,242.9,54.9
2024-07-10 00:04:22,39.774269,-105.174606,1970.2,3,465.54,214.8,55.4
2024-07-10 00:04:34,39.775719,-105.17466,1972.9,5.70000000000005,468.23,151.9,57.4
2024-07-10 00:04:35,39.775848,-105.17466,1977.4,10.2,490.33,177,57.4
2024-07-10 00:04:37,39.776051,-105.17466,1979.5,12.3,473.08,194.5,57.2
2024-07-10 00:04:40,39.776321,-105.17466,1976.7,9.5,449.23,145.6,60.9
2024-07-10 00:04:42,39.7766,-105.17466,1970.7,3.5,448.78,128.5,57.4
2024-07-10 00:04:49,39.777451,-105.17466,1969.6,2.39999999999986,426.6,161.9,55.4
2024-07-10 00:04:50,39.777611,-105.17466,1971.7,4.5,426.71,182.5,54.9
2024-07-10 00:04:51,39.777866,-105.17466,1973.9,6.70000000000005,426.52,187.8,54.9
2024-07-10 00:04:53,39.778206,-105.174667,1978.5,11.3,424.21,184.4,63.2
2024-07-10 00:04:55,39.778461,-105.174667,1973.4,6.20000000000005,427.19,157.6,56.4
2024-07-10 00:04:56,39.778629,-105.174683,1970,2.79999999999995,427.6,138.7,58.9
2024-07-10 00:05:23,39.78289,-105.174667,1970.2,3,427.76,130.7,58.7
2024-07-10 00:05:25,39.783119,-105.174667,1971.6,4.39999999999986,438.34,206.9,58.4
2024-07-10 00:05:26,39.783279,-105.174683,1972,4.79999999999995,438.79,276.8,57.9
2024-07-10 00:05:27,39.783428,-105.174683,1972,4.79999999999995,437.67,300.4,58.4
2024-07-10 00:05:28,39.783581,-105.174683,1971.9,4.70000000000005,436.35,270.3,58.4
2024-07-10 00:05:30,39.783806,-105.17469,1970.5,3.29999999999995,433.48,205.6,58.4
2024-07-10 00:05:32,39.784039,-105.17469,1970.3,3.09999999999991,432.14,170.1,69
2024-07-10 00:05:33,39.784199,-105.174683,1970.1,2.89999999999986,429.3,175.5,63
2024-07-10 00:05:37,39.784744,-105.174652,1971.2,4,439.39,247.5,59.7
2024-07-10 00:05:39,39.785053,-105.174637,1973.3,6.09999999999991,456.93,273.3,57.7
2024-07-10 00:05:41,39.785336,-105.174606,1969.6,2.39999999999986,428.42,203.1,59.2
2024-07-10 00:06:06,39.786209,-105.17453,1970.4,3.20000000000005,448.8,208,56.9
2024-07-10 00:06:07,39.786228,-105.17453,1971.1,3.89999999999986,445.78,191,61.4
2024-07-10 00:06:08,39.786259,-105.17453,1972.5,5.29999999999995,438.29,173.7,64.5
2024-07-10 00:06:09,39.786301,-105.174522,1973.9,6.70000000000005,431.37,150.2,56.9
2024-07-10 00:06:11,39.78635,-105.174522,1976.7,9.5,429.22,123.2,62.5
2024-07-10 00:06:12,39.78643,-105.174507,1977.7,10.5,430.35,125.5,59.9
2024-07-10 00:06:14,39.786564,-105.174507,1978.4,11.2,430.66,119.8,59.4
2024-07-10 00:06:15,39.786709,-105.174492,1976.4,9.20000000000005,426.49,116.4,56.9
2024-07-10 00:06:16,39.786812,-105.174477,1974.4,7.20000000000005,423.4,117.3,56.4
2024-07-10 00:06:18,39.786919,-105.174469,1973.3,6.09999999999991,424.25,126.2,55.9
2024-07-10 00:06:19,39.787029,-105.174461,1972.6,5.39999999999986,429.5,135.9,57.4
2024-07-10 00:06:20,39.787151,-105.174454,1971.3,4.09999999999991,435.57,137.6,56.4
2024-07-10 00:06:21,39.78727,-105.174438,1970.1,2.89999999999986,435.23,128.7,63.5
2024-07-10 00:06:25,39.787685,-105.174423,1970.8,3.59999999999991,424.25,131.7,60.4
2024-07-10 00:06:27,39.78788,-105.174423,1971.6,4.39999999999986,422.77,122.8,55.4
2024-07-10 00:06:28,39.78801,-105.174431,1973.1,5.89999999999986,425.13,123.2,56.4
2024-07-10 00:06:29,39.788139,-105.174431,1978,10.8,428.84,122,55.9
2024-07-10 00:06:30,39.788269,-105.174431,1983,15.8,429.68,117.8,67
2024-07-10 00:06:32,39.788471,-105.174446,1985.7,18.5,422.68,115.5,55.6
2024-07-10 00:06:34,39.78867,-105.174461,1981.6,14.3999999999999,423.48,117.3,55.4
2024-07-10 00:06:35,39.788811,-105.174461,1980.9,13.6000000000001,425.52,116.1,54.9
2024-07-10 00:06:37,39.789024,-105.174477,1989.9,22.3000000000002,429.44,112.1,55.1
2024-07-10 00:06:39,39.78931,-105.174484,1983.7,16,426.74,113,54.9
2024-07-10 00:06:41,39.789532,-105.174492,1982.8,15,435.25,118.4,55.4
2024-07-10 00:06:42,39.78968,-105.174492,1982.9,15.1000000000001,436.86,120,55.4
2024-07-10 00:06:43,39.789829,-105.174492,1982.8,15,437.25,121.9,56.4
2024-07-10 00:06:44,39.789982,-105.174477,1982.6,14.8,436.95,124.4,56.4
2024-07-10 00:06:46,39.790203,-105.174477,1979.8,12,434.95,122.5,61.4
2024-07-10 00:06:48,39.790428,-105.174477,1980.2,12.4000000000001,444.92,122,56.9
2024-07-10 00:06:49,39.790581,-105.174477,1980.4,12.6000000000001,446.46,127.7,56.9
2024-07-10 00:06:50,39.790722,-105.174477,1980.4,12.6000000000001,447.19,130.8,56.4
2024-07-10 00:06:51,39.790859,-105.174477,1980.4,12.6000000000001,445.38,130.8,58.4
2024-07-10 00:06:52,39.791012,-105.174469,1980.8,13,440.99,130.3,56.4
2024-07-10 00:06:53,39.791149,-105.174469,1981.3,13.5,439.21,127.6,58.9
2024-07-10 00:06:55,39.79137,-105.174461,1979.4,11.6000000000001,450.94,125.4,59.2
2024-07-10 00:06:58,39.791672,-105.174454,1978.6,10.8,456.7,124,66.5
2024-07-10 00:07:00,39.791973,-105.174438,1979.3,11.5,449.11,131.8,58.9
2024-07-10 00:07:02,39.79221,-105.174431,1981.3,13.5,452.82,133.5,58.9
2024-07-10 00:07:03,39.792358,-105.174431,1980.6,12.8,450.07,129,58.9
2024-07-10 00:07:04,39.792519,-105.174438,1979.1,11.3,447.31,130.5,65.5
2024-07-10 00:07:05,39.792679,-105.174438,1977.6,9.79999999999995,443.24,133.6,55.9
2024-07-10 00:07:06,39.792831,-105.174454,1976,8.20000000000005,438.89,130.5,55.9
2024-07-10 00:07:07,39.792992,-105.174454,1974.4,6.60000000000014,433.83,121,56.4
2024-07-10 00:07:08,39.793152,-105.174461,1972.6,4.79999999999995,428.12,113.6,55.9
2024-07-10 00:07:09,39.793301,-105.174461,1970.9,3.10000000000014,426.42,114.5,55.9
2024-07-10 00:07:11,39.793533,-105.174469,1993,25.2,444.65,131.4,57.9
2024-07-10 00:07:13,39.793839,-105.174461,1989.8,22,446.23,195.4,56.1
2024-07-10 00:07:16,39.794151,-105.174454,1979.2,11.4000000000001,444.3,249.7,55.9
2024-07-10 00:07:18,39.794472,-105.174446,1979.7,11.9000000000001,459.15,186.6,56.4
2024-07-10 00:07:20,39.794708,-105.174438,1979.4,11.6000000000001,441.31,156,55.9
2024-07-10 00:07:21,39.794868,-105.174438,1979.3,11.5,441.01,152.8,56.9
2024-07-10 00:07:22,39.795029,-105.174454,1979.4,10.9000000000001,444.69,148.6,55.9
2024-07-10 00:07:23,39.7952,-105.174454,1979.6,10.6999999999998,444.08,143.1,55.9
2024-07-10 00:07:25,39.795456,-105.174454,1979.5,10.2,432.07,132.1,60.4
2024-07-10 00:07:27,39.795792,-105.174461,1982.5,12.8,444.14,141.7,56.9
2024-07-10 00:07:30,39.796124,-105.174461,1982.3,12.5999999999999,430.02,160.9,56.7
2024-07-10 00:07:31,39.796371,-105.174461,1983.5,13.8,430.58,154,56.9
2024-07-10 00:07:32,39.796539,-105.174461,1984.8,15,430.07,149.2,56.4
2024-07-10 00:07:34,39.796711,-105.174461,1984.3,14.5,424.05,137.8,57.4
2024-07-10 00:07:35,39.796871,-105.174461,1984.3,14.5,427.39,131.2,56.9
2024-07-10 00:07:37,39.797104,-105.174461,1984.7,15,430.04,117.8,59.4
2024-07-10 00:07:39,39.797405,-105.174477,1984.7,15,425.81,111.5,57.7
2024-07-10 00:07:41,39.797707,-105.174492,1992.9,23.2,424.45,109.7,58.4
2024-07-10 00:07:43,39.79792,-105.174507,1989.4,19.7,426.36,188.2,57.9
2024-07-10 00:07:44,39.798069,-105.174522,1987.3,17.5999999999999,429.01,293.5,58.4
2024-07-10 00:07:45,39.798222,-105.17453,1986.5,16.8,432.13,314.1,65.5
2024-07-10 00:07:46,39.798382,-105.174538,1985.8,16.0999999999999,432.01,230.1,57.4
2024-07-10 00:07:48,39.798634,-105.174553,1985.5,15.8,427.19,145,57.7
2024-07-10 00:07:50,39.798901,-105.174568,1983.7,14,436.87,135,57.4
2024-07-10 00:07:51,39.79908,-105.174583,1983.6,14.8999999999999,446.72,145.5,61.4
2024-07-10 00:07:53,39.799355,-105.174599,1985.2,17.2,459.03,156.7,57.7
2024-07-10 00:07:55,39.799721,-105.174599,1984.6,16.8,448.3,160.7,53.4
2024-07-10 00:07:57,39.800079,-105.174606,2000.8,33.5,458.31,173.3,53.6
2024-07-10 00:07:59,39.80035,-105.174606,2060,93.9000000000001,465.96,179.6,54.9
2024-07-10 00:08:00,39.800529,-105.174606,2079.9,114.8,463.2,163.5,53.4
2024-07-10 00:08:02,39.800785,-105.174599,2040.2,77.9000000000001,452.88,150.6,56.4
2024-07-10 00:08:04,39.801041,-105.174599,2020.6,59.5,449.73,141.3,47.3
2024-07-10 00:08:05,39.801208,-105.174599,2011.7,50.8,444.47,134.2,47.3
2024-07-10 00:08:06,39.80138,-105.174599,2003.2,42.4000000000001,439.21,132.2,55.4
2024-07-10 00:08:07,39.801552,-105.174599,2001.1,40.3,441.56,131.3,47.8
2024-07-10 00:08:08,39.80172,-105.174599,2008.9,48.1000000000001,445.4,131.8,57.4
2024-07-10 00:08:09,39.801891,-105.174599,2015.4,54.9000000000001,446.44,134,48.3
2024-07-10 00:08:11,39.802132,-105.174599,1998.5,38.0999999999999,442.13,127.3,51.1
2024-07-10 00:08:13,39.802368,-105.174591,1985.7,25.6000000000001,436.14,116.5,47.3
2024-07-10 00:08:14,39.802528,-105.174591,1981.4,21.5,436.87,113.9,44.8
2024-07-10 00:08:15,39.802681,-105.174591,1979.4,19.6000000000001,438.29,114.2,44.8
2024-07-10 00:08:16,39.802841,-105.174591,1977.7,18,446.32,117,44.8
2024-07-10 00:08:18,39.803066,-105.174591,1977.5,18.0999999999999,465.93,118.9,48.8
2024-07-10 00:08:20,39.803356,-105.174591,1976.5,17.3,446.62,115.4,49.1
2024-07-10 00:08:23,39.803638,-105.174583,1979.1,19.8999999999999,443.74,121.4,49.3
2024-07-10 00:08:25,39.803928,-105.174576,1974.2,15,437.12,117.7,46.6
2024-07-10 00:08:27,39.804226,-105.174568,1974.2,15,435.08,119.1,45.8
2024-07-10 00:08:29,39.804451,-105.174568,1976.4,17.2,427.72,118.6,57.4
2024-07-10 00:08:30,39.804588,-105.174568,1976.4,17.2,425.74,110.6,56.4
2024-07-10 00:08:31,39.804729,-105.174568,1975.3,16.0999999999999,423.93,106.6,45.8
2024-07-10 00:08:32,39.804871,-105.174561,1974.1,14.8999999999999,423.02,105.1,45.3
2024-07-10 00:08:33,39.805019,-105.174561,1972.5,13.3,422.57,104.4,48.8
2024-07-10 00:08:34,39.805161,-105.174553,1970.9,11.7,422.25,105.1,51.4
2024-07-10 00:08:35,39.805309,-105.174553,1970.8,11.5999999999999,422.18,105.9,51.9
2024-07-10 00:08:36,39.80547,-105.174538,1970.8,11.5999999999999,422.12,106.1,60.9
2024-07-10 00:08:38,39.805618,-105.174538,1970.4,11.2,422.34,104.9,52.4
2024-07-10 00:08:39,39.805779,-105.17453,1970.2,11,422.3,103,51.4
2024-07-10 00:08:40,39.805931,-105.17453,1970,10.8,422.23,102.9,51.9
2024-07-10 00:08:41,39.806091,-105.17453,1969.8,10.5999999999999,422.32,104.6,51.4
2024-07-10 00:08:42,39.806252,-105.17453,1969.7,10.5,422.55,106.5,50.8
2024-07-10 00:08:44,39.806412,-105.174522,1970.6,11.3999999999999,423.37,112.6,57.9
2024-07-10 00:08:45,39.806648,-105.174522,1972.1,12.8999999999999,423.9,110.1,62.7
2024-07-10 00:08:47,39.8069,-105.174507,1973,13.8,466.44,109.8,66
2024-07-10 00:08:48,39.80706,-105.1745,1973.5,14.3,460.42,116.5,58.4
2024-07-10 00:08:50,39.807301,-105.174454,1976.8,17.5999999999999,429.1,116.5,59.2
2024-07-10 00:08:51,39.807541,-105.174377,1978.8,19.5999999999999,431.05,114.1,57.9
2024-07-10 00:08:52,39.80769,-105.174316,1980.8,21.5999999999999,432.7,117.3,57.9
2024-07-10 00:08:54,39.807899,-105.174194,1978.7,19.5,432.3,123.9,61.4
2024-07-10 00:08:56,39.808109,-105.174057,1974.6,15.3999999999999,429.28,128.4,59.4
2024-07-10 00:08:57,39.808239,-105.173958,1972.4,13.2,428.01,127.7,59.4
2024-07-10 00:08:59,39.808418,-105.17379,1968,8.79999999999995,426.05,122.1,59.7
2024-07-10 00:09:01,39.808655,-105.173523,1968.7,9.5,425.1,758.8,64.2
2024-07-10 00:09:03,39.808861,-105.173218,1971.1,11.8999999999999,425.86,1216.7,64
2024-07-10 00:09:06,39.809055,-105.172874,1965.1,5.89999999999986,423.3,144,62
2024-07-10 00:09:08,39.809189,-105.172623,1967.3,8.09999999999991,425.69,122.6,61.4
2024-07-10 00:09:09,39.80928,-105.172447,1969.7,10.5,435.79,117.9,63
2024-07-10 00:09:10,39.809414,-105.172188,1972.6,13.3999999999999,445.89,113.3,62
2024-07-10 00:09:12,39.80954,-105.171928,1983.5,24.3,432.99,107,61.4
2024-07-10 00:09:13,39.809631,-105.171753,1989.2,30.2,430.25,107.6,62
2024-07-10 00:09:14,39.809719,-105.171593,1992.7,33.7,430.32,106.3,64
2024-07-10 00:09:15,39.809799,-105.171417,1996.1,37.0999999999999,430.25,99.2,69.5
2024-07-10 00:09:16,39.809891,-105.171257,1987.4,28.4000000000001,429.83,92.2,63.5
2024-07-10 00:09:18,39.809971,-105.171097,1970.7,11.7,427.8,98.5,64
2024-07-10 00:09:19,39.810059,-105.170959,1966.1,7.09999999999991,426.22,100.8,63.5
2024-07-10 00:09:20,39.81015,-105.17083,1962.3,3.29999999999995,425.17,102.4,63.5
2024-07-10 00:10:02,39.812401,-105.16938,1961.6,2.59999999999991,430.22,134.1,67.5
2024-07-10 00:10:03,39.812408,-105.169258,1962.6,3.59999999999991,431.09,236.6,64
2024-07-10 00:10:31,39.812439,-105.168243,1963,4,458.53,295.6,74.1
2024-07-10 00:10:32,39.812439,-105.168243,1966.1,7.09999999999991,457.61,307.9,63.2
2024-07-10 00:10:34,39.812439,-105.168243,1966.5,7.5,443.06,125.5,65
2024-07-10 00:10:35,39.812439,-105.168243,1964.3,5.29999999999995,436.31,164.1,65
2024-07-10 00:10:37,39.812439,-105.168228,1962.8,3.79999999999995,440.43,195.6,70.8
2024-07-10 00:11:07,39.812439,-105.165672,1961.3,2.29999999999995,495.09,180.3,67.8
2024-07-10 00:11:32,39.814178,-105.1651,1962,2.70000000000005,467.3,228.5,65.5
2024-07-10 00:11:48,39.81641,-105.165146,1961.6,2.29999999999995,439.17,157.8,64.2
2024-07-10 00:11:50,39.816662,-105.165154,1963.1,3.79999999999995,441.25,135.2,68
2024-07-10 00:11:51,39.816818,-105.165154,1964,4.59999999999991,441.05,127.4,64.5
2024-07-10 00:11:52,39.816978,-105.165161,1965,5.59999999999991,440.84,132.8,71
2024-07-10 00:11:53,39.817139,-105.165176,1965.7,6.29999999999995,440.96,142.1,64.5
2024-07-10 00:11:55,39.817379,-105.165192,1965.5,6.09999999999991,440.63,133.1,64
2024-07-10 00:11:57,39.817699,-105.165199,1963.5,4.09999999999991,437.68,123.8,68.3
2024-07-10 00:11:59,39.81794,-105.165199,1962.6,3.19999999999982,431.43,118.9,64
2024-07-10 00:12:00,39.8181,-105.165199,1962.4,3,432.44,115.8,64
2024-07-10 00:12:02,39.81834,-105.165199,1962.4,3,434.3,128.2,67
2024-07-10 00:12:04,39.818661,-105.165199,1962.3,2.89999999999986,435.16,132.2,63
2024-07-10 00:12:06,39.818974,-105.165192,1962.3,2.89999999999986,432.57,126.7,63
2024-07-10 00:12:09,39.819286,-105.165192,1962.7,3.29999999999995,427.61,110.6,62.7
2024-07-10 00:12:11,39.819599,-105.165192,1962.7,3.29999999999995,424.31,108.3,62.2
2024-07-10 00:12:13,39.819931,-105.165192,1962.3,2.89999999999986,424.21,117,63.2
2024-07-10 00:12:15,39.820171,-105.165192,1962.7,3.29999999999995,439.35,148.1,62.5
2024-07-10 00:12:16,39.820332,-105.165176,1963.3,3.89999999999986,445.54,176.1,62
2024-07-10 00:12:18,39.820572,-105.165176,1965,5.59999999999991,462.44,248.6,63.7
2024-07-10 00:12:20,39.820808,-105.165176,1965.3,5.79999999999995,486.84,739.8,62.5
2024-07-10 00:12:21,39.820961,-105.165169,1965.3,5.79999999999995,485.89,1091.5,68.5
2024-07-10 00:12:22,39.821194,-105.165169,1965.3,5.70000000000005,484.19,1026.1,63.2
2024-07-10 00:12:24,39.82143,-105.165154,1964.5,4.90000000000009,462.02,774.7,62.5
2024-07-10 00:12:25,39.821579,-105.165154,1964.2,4.60000000000014,455.85,555.6,63
2024-07-10 00:12:26,39.821739,-105.165138,1964.1,4.29999999999995,450.64,425.2,63.5
2024-07-10 00:12:27,39.821899,-105.165131,1964,4.20000000000005,449.06,392,63
2024-07-10 00:12:29,39.82214,-105.165131,1963.9,4.10000000000014,451.95,293.8,63
2024-07-10 00:12:31,39.82246,-105.165131,1963.6,3.59999999999991,449.07,203.4,64
2024-07-10 00:12:33,39.822701,-105.165131,1963.4,3.40000000000009,442.48,160.6,65.5
2024-07-10 00:12:34,39.822861,-105.165131,1963.2,3.20000000000005,439.88,149.8,62.5
2024-07-10 00:12:36,39.823101,-105.165131,1962.7,2.70000000000005,438.92,132.7,65
2024-07-10 00:12:38,39.823421,-105.165138,1963.1,3.09999999999991,453.15,240.8,62.7
2024-07-10 00:12:40,39.823669,-105.165138,1974,14,488.25,374.3,62.5
2024-07-10 00:12:41,39.82383,-105.165154,1978,18,478.99,375.5,62.5
2024-07-10 00:12:43,39.824081,-105.165138,1979.1,19.0999999999999,467.03,387.4,64.2
2024-07-10 00:12:45,39.824387,-105.165138,1971.3,11.3,504.4,336,63.2
2024-07-10 00:12:47,39.824669,-105.165115,1969.3,9.29999999999995,553.73,317.6,64.5
2024-07-10 00:12:49,39.824871,-105.165092,1968.7,8.70000000000005,528.65,348.9,63.5
2024-07-10 00:12:50,39.824989,-105.16507,1968.1,8.09999999999991,514.7,335.3,62.5
2024-07-10 00:12:51,39.825111,-105.165047,1966.8,6.79999999999995,500.19,329.9,70
2024-07-10 00:12:52,39.825241,-105.165031,1965.6,5.29999999999995,490.8,335.4,63
2024-07-10 00:12:54,39.825359,-105.165009,1965.5,5.20000000000005,482.05,314.3,73.6
2024-07-10 00:12:55,39.825489,-105.164993,1965.3,5,471.01,292.7,61.4
2024-07-10 00:12:56,39.82563,-105.164978,1965.1,4.5,459.98,272.5,60.9
2024-07-10 00:12:57,39.825771,-105.16497,1964.8,4,454.96,252.7,73.6
2024-07-10 00:12:58,39.825909,-105.164963,1964.6,3.79999999999995,450.66,228.4,61.4
2024-07-10 00:12:59,39.82605,-105.164963,1964.4,3.60000000000014,450.3,201.1,65
2024-07-10 00:13:01,39.826271,-105.164963,1964.9,4,452.38,194.9,61.4
2024-07-10 00:13:03,39.826481,-105.164963,1964.5,3.59999999999991,444.89,213.9,60.9
2024-07-10 00:13:04,39.826618,-105.164948,1964.4,3.40000000000009,440.58,221.5,60.4
2024-07-10 00:13:06,39.826824,-105.164948,1964.4,3.40000000000009,435.7,184.3,64
2024-07-10 00:13:08,39.827099,-105.164948,1964.5,3.5,437.24,160.9,60.4
2024-07-10 00:13:10,39.827389,-105.164948,1965,4,435.59,155.1,65
2024-07-10 00:13:13,39.827671,-105.164948,1965.8,4.70000000000005,442.99,139.6,60.7
2024-07-10 00:13:15,39.827946,-105.164955,1965.2,4.10000000000014,436.13,128.2,62.2
2024-07-10 00:13:17,39.828201,-105.164963,1965,3.90000000000009,431.13,118.4,62
2024-07-10 00:13:19,39.828442,-105.164963,1965,3.90000000000009,433.89,123.7,62
2024-07-10 00:13:21,39.828609,-105.16497,1965.1,3.89999999999986,439.18,147.2,62.5
2024-07-10 00:13:22,39.828732,-105.164978,1965.2,4,439.62,161.8,62.5
2024-07-10 00:13:24,39.828918,-105.165009,1965,3.79999999999995,437.74,177.1,62
2024-07-10 00:13:26,39.829189,-105.165054,1965,3.79999999999995,433.83,164.3,68.3
2024-07-10 00:13:28,39.829475,-105.165108,1965,3.79999999999995,433.35,145.4,65.2
2024-07-10 00:13:30,39.829708,-105.165138,1965.3,4.09999999999991,442.15,144.1,62.5
2024-07-10 00:13:31,39.829861,-105.165161,1965.3,4.09999999999991,442.6,141.8,62
2024-07-10 00:13:33,39.83009,-105.165169,1964.7,3.5,438.77,139.2,62
2024-07-10 00:13:35,39.83033,-105.165176,1964.8,3.59999999999991,440.21,142,62.5
2024-07-10 00:13:36,39.830479,-105.165176,1964.5,3.29999999999995,439.3,145.4,64.5
2024-07-10 00:13:37,39.8307,-105.165176,1964.2,3,438.39,153.4,60.7
2024-07-10 00:13:39,39.83091,-105.165169,1964.2,3,443.68,173.3,63.5
2024-07-10 00:13:40,39.831059,-105.165161,1964.2,3,443.84,185.5,60.9
2024-07-10 00:13:42,39.83128,-105.165154,1963.8,2.59999999999991,441.08,190.2,60.9
2024-07-10 00:13:44,39.831573,-105.165154,1964,2.79999999999995,447.87,176.1,59.9
2024-07-10 00:13:47,39.831863,-105.165154,1963.7,2.5,444.53,166.2,62
2024-07-10 00:13:49,39.83215,-105.165146,1963.6,2.39999999999986,448.59,145.7,60.4
2024-07-10 00:13:51,39.832432,-105.165146,1963.7,2.5,435.63,157.4,60.4
2024-07-10 00:13:53,39.832642,-105.165138,1963.9,2.70000000000005,446.58,183.4,60.4
2024-07-10 00:13:54,39.832779,-105.165138,1963.9,2.70000000000005,445.77,177.1,59.9
2024-07-10 00:13:55,39.83292,-105.165154,1963.7,2.5,443.61,172.6,72.1
2024-07-10 00:13:56,39.833061,-105.165154,1963.6,2.39999999999986,442.52,169.7,70
2024-07-10 00:13:58,39.833279,-105.165154,1963.7,2.5,441.76,160,65.5
2024-07-10 00:14:00,39.8335,-105.165161,1963.5,2.29999999999995,438.1,157.3,59.9
2024-07-10 00:14:01,39.833641,-105.165161,1963.5,2.29999999999995,438.18,163.3,60.4
2024-07-10 00:14:02,39.833778,-105.165161,1963.5,2.29999999999995,438.62,175.1,59.9
2024-07-10 00:14:03,39.83392,-105.165161,1963.6,2.39999999999986,437.9,193.3,60.4
2024-07-10 00:14:05,39.834126,-105.165161,1963.5,2.29999999999995,435.48,230.7,66.2
2024-07-10 00:14:07,39.83432,-105.165161,1963.7,2.5,440.67,225.2,60.4
2024-07-10 00:14:08,39.83445,-105.165161,1963.8,2.59999999999991,440.33,199.8,60.9
2024-07-10 00:14:09,39.834572,-105.165161,1963.8,2.59999999999991,439.99,187.6,60.4
2024-07-10 00:14:10,39.834702,-105.165161,1963.8,2.59999999999991,440.08,181,60.4
2024-07-10 00:14:12,39.834896,-105.165161,1964.1,2.89999999999986,440.55,185.7,63.2
2024-07-10 00:14:14,39.835155,-105.165161,1964,2.79999999999995,441.28,197.8,60.2
2024-07-10 00:14:16,39.835419,-105.165161,1963.8,2.59999999999991,444.12,183.7,60.2
2024-07-10 00:14:25,39.836411,-105.165169,1964,2.79999999999995,435.91,142.9,59.4
2024-07-10 00:14:26,39.836529,-105.165169,1964.1,2.89999999999986,434.55,138.6,59.9
2024-07-10 00:14:27,39.836658,-105.165169,1963.9,2.70000000000005,432.95,134.5,59.9
2024-07-10 00:14:28,39.836781,-105.165169,1963.7,2.5,433.52,130.4,59.4
2024-07-10 00:14:30,39.836975,-105.165176,1963.8,2.59999999999991,437.79,131.6,59.2
2024-07-10 00:14:32,39.837181,-105.165176,1963.8,2.59999999999991,430.84,131.9,58.9
2024-07-10 00:14:33,39.837311,-105.165176,1963.6,2.39999999999986,430.8,127.1,58.9
2024-07-10 00:16:13,39.842949,-105.165222,1963.7,2.5,447.25,182.6,57.9
2024-07-10 00:16:14,39.842949,-105.165222,1963.8,2.59999999999991,439.69,165.7,67.5
2024-07-10 00:16:18,39.842949,-105.165222,1963.9,2.30000000000018,423.36,105.3,57.9
2024-07-10 00:16:20,39.842949,-105.165222,1964.7,3,421.61,106.6,58.9
2024-07-10 00:16:22,39.842949,-105.165222,1964.8,3,422.19,142.5,57.9
2024-07-10 00:16:23,39.842949,-105.165222,1964.9,3.10000000000014,423.41,183,57.9
2024-07-10 00:16:24,39.842949,-105.165222,1965.2,3.40000000000009,424.91,204.7,58.9
2024-07-10 00:16:25,39.842949,-105.165222,1965.4,3.60000000000014,426.07,205.2,58.9
2024-07-10 00:16:27,39.842972,-105.165222,1965.4,3.60000000000014,427.52,190.4,60.7
2024-07-10 00:16:29,39.843037,-105.165207,1965.3,3.39999999999986,427.26,167.8,58.4
2024-07-10 00:16:31,39.843121,-105.165207,1965.4,3.5,428.29,156.7,58.4
2024-07-10 00:16:32,39.843201,-105.165207,1965.4,3.5,426.66,159.8,58.9
2024-07-10 00:16:33,39.843288,-105.165207,1965.1,3.19999999999982,423.94,155.4,66
2024-07-10 00:16:34,39.84338,-105.165207,1964.8,2.89999999999986,424.36,136.4,55.9
2024-07-10 00:16:36,39.843479,-105.165207,1968.8,6.89999999999986,435.65,237.2,56.4
2024-07-10 00:16:37,39.84359,-105.165207,1970.3,8.39999999999986,439.03,348.9,59.4
2024-07-10 00:16:38,39.8437,-105.165207,1971.6,9.69999999999982,442.41,355.4,64
2024-07-10 00:16:39,39.843819,-105.165222,1971.7,9.79999999999995,441.09,338.8,56.4
2024-07-10 00:16:40,39.843948,-105.165222,1970.5,8.59999999999991,439.01,337.2,55.9
2024-07-10 00:16:41,39.844082,-105.165222,1969.4,7.5,440.1,347.4,55.9
2024-07-10 00:16:43,39.844219,-105.165222,1967.2,5.29999999999995,444.21,231.1,55.9
2024-07-10 00:16:44,39.84436,-105.165222,1966.6,4.69999999999982,440.58,134.9,57.4
2024-07-10 00:16:45,39.84457,-105.16523,1966.1,4.19999999999982,437.23,130.2,57.7
2024-07-10 00:16:47,39.84478,-105.16523,1964.9,3,439.14,115.9,56.4
2024-07-10 00:16:48,39.844929,-105.16523,1964.5,2.59999999999991,435.55,104.8,55.9
2024-07-10 00:16:49,39.84507,-105.16523,1964.4,2.5,430.9,102.3,56.4
2024-07-10 00:16:50,39.845211,-105.165237,1964.4,2.5,430.25,112,66.5
2024-07-10 00:16:52,39.845428,-105.165237,1964.3,2.39999999999986,438.14,140.6,60.4
2024-07-10 00:16:54,39.84565,-105.165237,1964.7,2.79999999999995,444.45,164.1,60.9
2024-07-10 00:16:55,39.845798,-105.165237,1965,3.09999999999991,445.53,168.3,62
2024-07-10 00:16:56,39.845951,-105.165253,1965.2,3.29999999999995,446.38,166.3,61.4
2024-07-10 00:16:57,39.846088,-105.165253,1965.5,3.59999999999991,446.1,160.1,60.9
2024-07-10 00:16:59,39.84631,-105.16526,1966,4.09999999999991,444.38,162.9,60.9
2024-07-10 00:17:01,39.846512,-105.16526,1965.6,3.69999999999982,444.41,151.5,61.4
2024-07-10 00:17:02,39.846642,-105.165268,1965.7,3.79999999999995,445.64,133.1,60.9
2024-07-10 00:17:03,39.84676,-105.165268,1965.9,4,446.88,131.7,60.9
2024-07-10 00:17:04,39.846882,-105.165268,1966,4.09999999999991,450.75,137.8,59.9
2024-07-10 00:17:05,39.847,-105.165268,1966.1,4.19999999999982,455.54,187.6,59.4
2024-07-10 00:17:06,39.847118,-105.16526,1966.2,4.29999999999995,474.67,289.1,61.4
2024-07-10 00:17:08,39.847305,-105.165253,1967.1,5.19999999999982,524.62,372.4,60.2
2024-07-10 00:17:10,39.847488,-105.165237,1965.8,3.79999999999995,440.53,391.6,60.4
2024-07-10 00:17:11,39.847618,-105.16523,1965.5,3.40000000000009,439.85,413.7,59.4
2024-07-10 00:17:12,39.847752,-105.16523,1965.7,3.5,446.13,389,59.9
2024-07-10 00:17:13,39.847881,-105.165222,1965.7,3.40000000000009,450.91,325.3,59.9
2024-07-10 00:17:14,39.848011,-105.165207,1965.4,2.80000000000018,454.63,276.6,57.9
2024-07-10 00:17:15,39.848141,-105.165199,1965,2.29999999999995,454.49,263.5,58.4
2024-07-10 00:17:56,39.85239,-105.16523,1965.9,2.80000000000018,423.19,162.2,62
2024-07-10 00:17:57,39.852551,-105.16523,1965.5,2.40000000000009,423.23,206.1,62
2024-07-10 00:18:03,39.853409,-105.165237,1966.1,3,424.28,401.1,63.5
2024-07-10 00:18:05,39.853619,-105.165237,1966.5,3.40000000000009,425.68,790.3,62
2024-07-10 00:18:06,39.85376,-105.165237,1975.1,12,428.31,1205.2,74.1
2024-07-10 00:18:07,39.853901,-105.165237,1986.3,23.2,430.94,3162.9,62.5
2024-07-10 00:18:08,39.854031,-105.165237,1990.5,27.4000000000001,435.26,5410,63
2024-07-10 00:18:10,39.854206,-105.165253,1982.9,19.8000000000002,440.29,5049.9,67.8
2024-07-10 00:18:11,39.854359,-105.165253,1980.1,17,437.53,4233.7,74.1
2024-07-10 00:18:12,39.85445,-105.165253,1977.3,14.2,436.66,3661.9,66.5
2024-07-10 00:18:14,39.854599,-105.165237,1993.6,30.5,442.67,3636.6,65
2024-07-10 00:18:16,39.85474,-105.165237,1978.6,15.5,434.07,3775.2,60.9
2024-07-10 00:18:17,39.854839,-105.165237,1972.2,9.10000000000014,433.7,3070.3,61.4
2024-07-10 00:18:19,39.85495,-105.165253,1973.3,10.2,434.74,1957.4,60.7
2024-07-10 00:18:21,39.855049,-105.165253,1968.8,5.70000000000005,433.34,956.7,64
2024-07-10 00:18:34,39.855968,-105.165253,1965.7,2.60000000000014,421.57,117.8,63
2024-07-10 00:18:35,39.856098,-105.165253,1966.7,3.60000000000014,421.51,123.9,63
2024-07-10 00:19:19,39.86071,-105.165237,1970.8,8,427.66,1339.5,63.5
2024-07-10 00:19:20,39.860851,-105.165237,1982.4,19.6000000000001,434.48,2825.4,63
2024-07-10 00:19:21,39.860989,-105.165237,1986.2,23.4000000000001,443.08,4657.9,63
2024-07-10 00:19:22,39.86113,-105.165237,1976.3,13.5,452.28,4640.6,62.5
2024-07-10 00:19:23,39.861271,-105.165237,1967.3,4.5,450.17,2259.4,63
2024-07-10 00:19:36,39.86306,-105.165253,1965,2.40000000000009,424.31,118.9,61.2
2024-07-10 00:19:38,39.863319,-105.16526,1965.3,2.70000000000005,430.55,116.5,62
2024-07-10 00:19:39,39.863499,-105.16526,1965.4,2.90000000000009,432.47,111.3,62
2024-07-10 00:19:41,39.86377,-105.165276,1966.1,3.69999999999982,432.17,111.4,65.7
2024-07-10 00:19:43,39.864128,-105.165283,1966.8,4.39999999999986,426.97,111.2,59.7
2024-07-10 00:19:46,39.864491,-105.165291,1966.2,4,424.63,106.2,65.5
2024-07-10 00:19:48,39.864841,-105.165298,1965.9,3.70000000000005,423.84,123.8,69.3
2024-07-10 00:19:50,39.865101,-105.165314,1965.5,3.29999999999995,432.69,147,63
2024-07-10 00:19:51,39.865261,-105.165314,1965.1,2.89999999999986,430.43,155.4,59.9
2024-07-10 00:19:52,39.865421,-105.165321,1964.5,2.29999999999995,427.61,145.4,60.4
2024-07-10 00:19:59,39.866322,-105.165329,1964.7,2.5,420.79,103.7,59.9
2024-07-10 00:20:00,39.866451,-105.165337,1964.7,2.5,420.77,100.7,60.4
2024-07-10 00:22:49,39.89024,-105.165527,1964.7,2.70000000000005,420.42,3507.1,60.9
2024-07-10 00:22:50,39.890442,-105.165527,1969.3,7.39999999999986,430.16,6859.3,69
2024-07-10 00:22:51,39.890739,-105.165527,1975.8,13.8,439.9,5679,65
2024-07-10 00:22:53,39.891029,-105.165527,1971,9,426.79,1071,61.4
2024-07-10 00:22:54,39.891232,-105.165543,1964.6,2.59999999999991,422.76,1114.2,62
2024-07-10 00:22:56,39.891521,-105.165543,1971.1,9.09999999999991,426.52,1638,61.2
2024-07-10 00:22:58,39.891811,-105.165543,1975.6,13.5999999999999,429.87,2413.4,60.9
2024-07-10 00:22:59,39.89201,-105.165543,1979.3,17.3,433.77,2723.2,61.4
2024-07-10 00:23:00,39.892311,-105.16555,1984.7,22.7,437.96,3383.2,65.5
2024-07-10 00:23:03,39.892712,-105.165558,2005.3,43.3,446.66,7057.7,62
2024-07-10 00:23:05,39.89312,-105.165558,1990.2,28.3,439.38,7084.1,62.5
2024-07-10 00:23:07,39.893429,-105.165573,1988.1,26.1999999999998,439.37,5561.4,62
2024-07-10 00:23:08,39.893639,-105.165573,1989.1,27.1999999999998,442.14,6880.5,71.5
2024-07-10 00:23:09,39.893848,-105.165573,1991,29.0999999999999,446.5,7076.4,62
2024-07-10 00:23:10,39.894058,-105.165573,1992.9,31,445.5,4296.5,62
2024-07-10 00:23:12,39.894375,-105.165573,1967,5.09999999999991,421.39,994.8,61.7
2024-07-10 00:23:15,39.894901,-105.165581,1966.5,4.59999999999991,422.83,382.6,60.9
2024-07-10 00:23:17,39.895206,-105.165573,1986.5,24.5999999999999,435.38,8030.4,65
2024-07-10 00:23:19,39.895611,-105.165573,2025.4,63.5,462.06,10283,63.5
2024-07-10 00:23:21,39.896004,-105.165573,1981,19.0999999999999,432.07,5883.3,62
2024-07-10 00:23:23,39.89629,-105.165581,1966.2,4.29999999999995,424.69,1419.1,60.4
2024-07-10 00:23:24,39.896481,-105.165581,1964.4,2.5,422.87,800.6,59.9
2024-07-10 00:23:25,39.896671,-105.165581,1964.5,2.59999999999991,422.03,2546.6,59.4
2024-07-10 00:23:26,39.896851,-105.165581,1965.2,3.29999999999995,442.28,8335.9,59.9
2024-07-10 00:23:28,39.897129,-105.165588,2113.2,151.3,536.6,21123.7,62.7
2024-07-10 00:23:30,39.897411,-105.165588,2026.3,64.3999999999999,463.03,20298.9,59.9
2024-07-10 00:23:31,39.897598,-105.165588,1984.6,22.6999999999998,445.14,8889.3,59.9
2024-07-10 00:23:33,39.897884,-105.165604,1966.3,4.39999999999986,426.48,1738.1,59.9
2024-07-10 00:23:34,39.89817,-105.165604,1975.4,13.5,433.34,1573.8,62
2024-07-10 00:23:35,39.898361,-105.165604,1984.5,22.5999999999999,437.96,2410,60.4
2024-07-10 00:23:37,39.898548,-105.165604,1976.9,15,433.42,2541.9,60.4
2024-07-10 00:23:38,39.898731,-105.165604,1971.8,9.89999999999986,428.62,1499.5,67
2024-07-10 00:23:39,39.898911,-105.165611,1966.9,5,423.38,808.8,60.4
2024-07-10 00:24:05,39.903416,-105.165627,1964.8,2.89999999999986,429.49,123.4,63.5
2024-07-10 00:24:07,39.903793,-105.165627,1966.2,4.29999999999995,427.21,116.9,63
2024-07-10 00:24:09,39.904079,-105.165642,1964.7,2.79999999999995,422.14,113.7,63.5
2024-07-10 00:24:14,39.905022,-105.165642,1964.4,2.5,421.58,107.4,60.9
2024-07-10 00:26:13,39.910343,-105.166801,1964.8,2.5,424.13,107.6,60.4
2024-07-10 00:26:15,39.910271,-105.167038,1965.2,2.90000000000009,421.55,105.5,60.4
2024-07-10 00:26:16,39.910221,-105.167213,1965.3,3,421.28,105.1,70.5
2024-07-10 00:26:17,39.910172,-105.167381,1965.4,3.10000000000014,421.12,103.4,60.9
2024-07-10 00:26:18,39.910118,-105.167557,1965.4,3.10000000000014,421.16,100.9,60.9
2024-07-10 00:26:19,39.910069,-105.16774,1965.5,3.20000000000005,421.31,99.6,60.9
2024-07-10 00:26:20,39.910011,-105.167931,1965.5,3.20000000000005,421.78,100.7,60.4
2024-07-10 00:26:22,39.909962,-105.168098,1965.7,3.40000000000009,423.79,106.5,60.9
2024-07-10 00:26:23,39.90992,-105.168259,1965.9,3.60000000000014,423.81,111,60.4
2024-07-10 00:26:24,39.90987,-105.168419,1966.2,3.70000000000005,423.83,111.2,61.4
2024-07-10 00:26:25,39.909828,-105.168556,1966.6,4.09999999999991,423.51,110.3,66.5
2024-07-10 00:26:26,39.90979,-105.168701,1967.1,4.59999999999991,423.12,109.1,60.9
2024-07-10 00:26:27,39.90976,-105.168831,1967.4,4.90000000000009,422.58,107.7,62
2024-07-10 00:26:28,39.909721,-105.168953,1966.3,3.79999999999995,421.93,106.4,60.4
2024-07-10 00:26:29,39.909691,-105.16906,1965.2,2.70000000000005,421.39,105.3,60.9
2024-07-10 00:27:06,39.909512,-105.169708,1965.2,2.5,430.31,361.9,57.9
2024-07-10 00:27:10,39.909409,-105.170059,1965.1,2.39999999999986,429.53,466.1,57.9
2024-07-10 00:27:11,39.909359,-105.170212,1965.5,2.79999999999995,431.55,614.8,57.4
2024-07-10 00:27:12,39.909294,-105.170464,1965.8,3.09999999999991,433.56,571.5,67
2024-07-10 00:27:14,39.909222,-105.170723,1965,2.29999999999995,427.5,398.8,59.4
2024-07-10 00:27:24,39.908901,-105.172462,1968.4,5.60000000000014,429.62,2005.2,63
2024-07-10 00:27:26,39.908871,-105.172928,1967.6,4.79999999999995,428.14,1645.7,58.9
2024-07-10 00:28:10,39.911621,-105.18129,1966.3,3.5,444.28,129,60.4
2024-07-10 00:28:12,39.91177,-105.181618,1975.3,12.5,483.59,355.6,57.7
2024-07-10 00:28:14,39.911961,-105.182037,1971.5,8.70000000000005,476.22,432.1,57.4
2024-07-10 00:28:16,39.912144,-105.182449,1972.9,10.1000000000001,497.86,542,63
2024-07-10 00:28:18,39.912281,-105.182762,1970,7.20000000000005,462.12,738.1,56.9
2024-07-10 00:28:19,39.91238,-105.182961,1968.1,5.29999999999995,459.03,611.7,62
2024-07-10 00:28:21,39.912514,-105.183273,1967.9,5.10000000000014,473.56,613.8,57.2
2024-07-10 00:28:23,39.912704,-105.183701,1968,5.20000000000005,477.11,540.7,57.7
2024-07-10 00:28:25,39.912842,-105.184029,1966.3,3.5,446.49,327.4,55.4
2024-07-10 00:28:26,39.912922,-105.184258,1965.7,2.90000000000009,442.27,316.5,55.4
2024-07-10 00:28:28,39.913044,-105.184624,1968.2,5.40000000000009,445.39,321,55.1
2024-07-10 00:28:30,39.913181,-105.185127,1967.5,4.70000000000005,446.71,282.5,55.6
2024-07-10 00:28:32,39.913288,-105.185638,1968.4,5.60000000000014,445.45,209,55.1
2024-07-10 00:28:34,39.913349,-105.186043,1972.4,9.60000000000014,447.67,195.7,54.4
2024-07-10 00:28:35,39.91338,-105.18631,1975.1,12.3,448.52,202.1,54.9
2024-07-10 00:28:36,39.913399,-105.186569,1990.4,27.6000000000001,448.64,209.2,54.9
2024-07-10 00:28:37,39.91341,-105.186836,2006,43.2,448.38,229.8,53.9
2024-07-10 00:28:39,39.913425,-105.187248,2010.9,48.1000000000001,438.63,264.3,56.9
2024-07-10 00:28:41,39.913429,-105.187653,2001.5,38.7,439.86,282.7,54.4
2024-07-10 00:28:42,39.913441,-105.18792,1995.7,32.9000000000001,440.03,284.1,54.9
2024-07-10 00:28:44,39.913445,-105.188332,1996,33.2,438.37,320.4,59.7
2024-07-10 00:28:46,39.913456,-105.188881,1990.4,27.6000000000001,437.12,315.3,58.2
2024-07-10 00:28:48,39.913471,-105.189293,1983.6,20.8,435.41,250.4,61.4
2024-07-10 00:28:49,39.91349,-105.189568,1981.6,18.8,435.75,223.3,56.9
2024-07-10 00:28:51,39.91354,-105.189972,1984.5,21.7,436.81,203.5,55.9
2024-07-10 00:28:53,39.913631,-105.190514,1997.5,34.7,435.42,180.6,60.4
2024-07-10 00:28:55,39.913719,-105.19091,1995.5,32.7,434.93,158.1,55.9
2024-07-10 00:28:56,39.913792,-105.19117,1989.7,26.9000000000001,436.15,162,56.9
2024-07-10 00:28:57,39.913872,-105.191437,1978,15.2,437.83,164,56.4
2024-07-10 00:28:58,39.91396,-105.191704,1966.4,3.60000000000014,438.31,163.6,56.4
2024-07-10 00:29:32,39.914326,-105.199966,1965.4,2.5,424.75,110,58.4
2024-07-10 00:29:34,39.914219,-105.20034,2001.1,38.0999999999999,425.3,132.4,63
2024-07-10 00:29:35,39.91415,-105.200577,2016.7,53.7,425.39,175.4,58.9
2024-07-10 00:29:36,39.914082,-105.200821,2003.1,40.0999999999999,425.37,206.9,58.4
2024-07-10 00:29:37,39.914009,-105.201073,1989.5,26.5,425.78,204.7,65
2024-07-10 00:29:39,39.913925,-105.201431,1973.4,10.3000000000002,428.7,214,62.2
2024-07-10 00:29:41,39.913849,-105.201797,1970,6.70000000000005,426.23,233.2,58.9
2024-07-10 00:29:42,39.913811,-105.202049,1970,6.70000000000005,427.31,238.9,60.9
2024-07-10 00:29:44,39.913765,-105.202415,1971.3,7.79999999999995,432.43,229.2,60.9
2024-07-10 00:29:46,39.913727,-105.202904,1970,6.5,441.98,192.7,59.2
2024-07-10 00:29:48,39.913712,-105.203278,1969.2,5.70000000000005,447.59,159.5,66.5
2024-07-10 00:29:49,39.913712,-105.203522,1968.8,5.29999999999995,441.93,153.4,59.4
2024-07-10 00:29:50,39.913712,-105.203773,1968.3,4.79999999999995,435.65,155.6,59.9
2024-07-10 00:29:51,39.913712,-105.20401,1968.1,4.59999999999991,437.08,162.9,59.4
2024-07-10 00:29:53,39.913715,-105.204369,1969.2,5.70000000000005,446.99,165.1,59.7
2024-07-10 00:29:55,39.913727,-105.204849,1969.7,6.20000000000005,444.74,154.6,64
2024-07-10 00:29:57,39.913738,-105.205208,1969.9,6.40000000000009,440.9,135.4,57.9
2024-07-10 00:29:58,39.913738,-105.205452,1970.3,6.79999999999995,435.04,122.3,57.9
2024-07-10 00:29:59,39.91375,-105.205681,1971.5,8,427.65,114.2,62.5
2024-07-10 00:30:00,39.913761,-105.205917,1972.6,9.09999999999991,424.15,113.3,57.9
2024-07-10 00:30:02,39.913765,-105.206268,1975.3,11.8,426.74,110.8,64.5
2024-07-10 00:30:04,39.91378,-105.206619,1970.3,6.79999999999995,427.3,108.3,56.4
2024-07-10 00:30:05,39.91378,-105.206863,1967.7,4.20000000000005,425.63,107.8,55.9
2024-07-10 00:30:06,39.913792,-105.207092,1966.9,3.40000000000009,423.18,107,56.4
2024-07-10 00:30:07,39.913792,-105.207329,1966.1,2.59999999999991,422.18,105.5,56.9
2024-07-10 00:30:30,39.913891,-105.211578,1965.8,2.29999999999995,431.05,138.9,58.9
2024-07-10 00:30:34,39.91391,-105.212257,1966.9,3.30000000000018,431.96,123.9,58.9
2024-07-10 00:30:36,39.913921,-105.212502,1967.6,3.79999999999995,429.8,126.3,56.4
2024-07-10 00:30:37,39.913921,-105.212646,1967.1,3.29999999999995,430.09,125,57.4
2024-07-10 00:30:59,39.913719,-105.214256,1967.4,3.10000000000014,467.1,151.8,56.9
2024-07-10 00:31:00,39.913731,-105.214302,1967.3,3,466.41,168.9,56.9
2024-07-10 00:31:01,39.91375,-105.21434,1967,2.70000000000005,465.72,203.1,56.9
2024-07-10 00:31:05,39.913761,-105.214371,1967.9,3.60000000000014,449.8,217,55.9
2024-07-10 00:31:06,39.913761,-105.214371,1970.5,6.20000000000005,454.63,206.9,55.9
2024-07-10 00:31:08,39.913761,-105.214371,1971.4,7.10000000000014,449.01,190.3,55.9
2024-07-10 00:31:10,39.913761,-105.214371,1971.3,7,433.91,161.2,56.9
2024-07-10 00:31:11,39.913761,-105.214371,1971,6.70000000000005,429.63,131.7,55.9
2024-07-10 00:31:13,39.913761,-105.214371,1970.1,5.79999999999995,426.31,119.3,55.9
2024-07-10 00:31:15,39.913761,-105.214371,1971,6.70000000000005,432.72,133.8,55.9
2024-07-10 00:31:17,39.913761,-105.214371,1974.3,10,433.45,181.2,55.9
2024-07-10 00:31:18,39.913761,-105.214371,1975.1,10.8,435.15,226.6,55.9
2024-07-10 00:31:19,39.913761,-105.214371,1974.5,10.2,437.23,239.7,55.9
2024-07-10 00:31:20,39.913761,-105.214371,1973.5,9.20000000000005,435.04,218.4,55.4
2024-07-10 00:31:22,39.913761,-105.214371,1966.6,2.29999999999995,423.96,166.4,55.9
2024-07-10 00:31:36,39.913761,-105.214371,1966.8,2.5,484.04,420.3,49.8
2024-07-10 00:31:38,39.913761,-105.214371,1967.7,3.40000000000009,485.56,437.7,52.9
2024-07-10 00:31:39,39.913761,-105.214371,1966.9,2.60000000000014,463.53,342.7,49.8
2024-07-10 00:31:42,39.913761,-105.214371,1967,2.70000000000005,463.94,382.8,58.4
2024-07-10 00:31:43,39.913761,-105.214371,1968.2,3.90000000000009,466.39,382.4,59.4
2024-07-10 00:31:52,39.913769,-105.214394,1966.9,2.5,460.93,391.7,39.7
2024-07-10 00:32:07,39.913731,-105.214539,1967.8,3.39999999999986,479.3,225.4,58.9
2024-07-10 00:32:08,39.913719,-105.214523,1970.1,5.69999999999982,485.23,348.7,53.4
2024-07-10 00:32:10,39.913712,-105.214478,1971.4,7,516.7,615.1,53.9
2024-07-10 00:32:12,39.9137,-105.214447,1968.8,4.39999999999986,489.22,834.3,53.9
2024-07-10 00:32:13,39.913689,-105.214417,1967.4,3,492.94,872.8,59.4
2024-07-10 00:32:14,39.913689,-105.214401,1967.3,2.89999999999986,506.15,855.5,56.4
2024-07-10 00:32:15,39.913681,-105.214378,1967.3,2.79999999999995,510.68,684.9,55.9
2024-07-10 00:32:17,39.91367,-105.214348,1966.9,2.30000000000018,476.92,461.4,56.1
2024-07-10 00:32:56,39.913635,-105.213562,1967.4,2.5,452.39,205.1,57.2
2024-07-10 00:33:00,39.9137,-105.213448,1967.2,2.29999999999995,446.05,204,57.4
2024-07-10 00:33:01,39.913719,-105.213417,1967.5,2.59999999999991,447.37,209.9,57.4
2024-07-10 00:33:02,39.91375,-105.213409,1968,3.09999999999991,446.41,216.6,56.9
2024-07-10 00:33:03,39.913761,-105.213402,1968.5,3.59999999999991,445.65,230.3,54.9
2024-07-10 00:33:05,39.913765,-105.213402,1968.5,3.59999999999991,446.59,229.9,57.2
2024-07-10 00:33:08,39.913776,-105.213387,1968.4,3.5,451.84,200.2,55.4
2024-07-10 00:33:10,39.913818,-105.213379,1969.6,4.69999999999982,453.6,207.6,54.6
2024-07-10 00:33:12,39.913879,-105.213387,1969.6,4.69999999999982,445.83,211.5,54.9
2024-07-10 00:33:13,39.913921,-105.213432,1969.4,4.5,444.19,208.1,66.5
2024-07-10 00:33:14,39.91396,-105.213478,1969.3,4.39999999999986,442.96,200.6,63
2024-07-10 00:33:15,39.91399,-105.213562,1969.2,4.29999999999995,442.92,188,55.4
2024-07-10 00:33:16,39.914021,-105.213661,1969.1,4.19999999999982,444.15,175.9,60.9
2024-07-10 00:33:17,39.91404,-105.213768,1968.9,4,444.18,165.8,55.4
2024-07-10 00:33:19,39.914082,-105.213959,1968.6,3.69999999999982,436.45,160.2,55.4
2024-07-10 00:33:21,39.914108,-105.214157,1968.1,3.19999999999982,443.04,159.5,55.9
2024-07-10 00:33:22,39.914139,-105.214302,1967.8,2.89999999999986,439.14,143.1,55.9
2024-07-10 00:33:26,39.91423,-105.21476,1969.9,5,457.96,295,56.4
2024-07-10 00:33:27,39.914268,-105.21492,1969.7,4.70000000000005,452.79,289.2,57.4
2024-07-10 00:33:28,39.914345,-105.215157,1968.6,3.59999999999991,447.61,255.3,57.7
2024-07-10 00:33:31,39.914452,-105.215492,1969.3,4.29999999999995,446.67,214.9,56.7
2024-07-10 00:33:32,39.914539,-105.215736,1969.5,4.5,444.87,220.6,56.4
2024-07-10 00:33:33,39.9146,-105.215897,1969.7,4.60000000000014,442.24,191.5,56.4
2024-07-10 00:33:35,39.914711,-105.216148,1969.8,4.70000000000005,431.4,222.4,57.9
2024-07-10 00:33:37,39.914864,-105.216469,1968.2,3.10000000000014,429.29,257.2,58.4
2024-07-10 00:33:39,39.914989,-105.216713,1967.5,2.40000000000009,423.77,113.1,64.5
2024-07-10 00:33:40,39.915081,-105.216873,1967.5,2.40000000000009,421.66,115.7,58.4
2024-07-10 00:33:42,39.91518,-105.217033,1968,2.90000000000009,420.6,112.2,57.9
2024-07-10 00:33:43,39.915279,-105.217194,1968,2.90000000000009,420.54,106.5,59.9
2024-07-10 00:33:44,39.915371,-105.217361,1968,3,420.48,106,60.9
2024-07-10 00:33:45,39.915482,-105.217529,1968.1,3.09999999999991,420.4,106.9,60.4
2024-07-10 00:33:47,39.91563,-105.217789,1968.6,3.59999999999991,420.27,109.5,60.7
2024-07-10 00:33:49,39.91584,-105.21814,1968.8,3.79999999999995,420.23,106.3,60.7
2024-07-10 00:33:51,39.916012,-105.218399,1969.3,4.29999999999995,420.35,105.1,60.4
2024-07-10 00:33:52,39.916119,-105.218582,1969.4,4.40000000000009,420.41,107.5,72.1
2024-07-10 00:33:53,39.916229,-105.218773,1969.3,4.29999999999995,420.47,110.5,61.4
2024-07-10 00:33:54,39.916351,-105.218948,1969.3,4.29999999999995,420.48,113.7,70
2024-07-10 00:33:55,39.91647,-105.219131,1969.4,4.40000000000009,420.49,115.2,61.4
2024-07-10 00:33:56,39.916599,-105.219299,1969.4,4.40000000000009,420.46,114.3,61.4
2024-07-10 00:33:58,39.916809,-105.219566,1968.1,3.09999999999991,420.34,110.8,61.4
2024-07-10 00:34:00,39.917019,-105.21981,1967.7,2.70000000000005,420.13,109,62
2024-07-10 00:34:01,39.917171,-105.219978,1967.5,2.40000000000009,420.18,110.2,61.4
2024-07-10 00:34:10,39.918388,-105.22126,1967.1,2.29999999999995,420.5,115.7,70
2024-07-10 00:34:12,39.918621,-105.221497,1967.2,2.40000000000009,421.39,117.1,61.2
2024-07-10 00:34:14,39.91893,-105.221832,1968.1,3.39999999999986,422.2,125.5,60.2
2024-07-10 00:34:16,39.91917,-105.222069,1967.2,2.5,420.49,127.8,60.4
2024-07-10 00:34:17,39.919331,-105.222229,1966.9,2.30000000000018,420.22,117.3,60.4
2024-07-10 00:34:18,39.919491,-105.222397,1966.9,2.30000000000018,420.03,111.2,60.9
2024-07-10 00:34:19,39.91964,-105.222557,1966.9,2.30000000000018,419.88,108.4,60.4
2024-07-10 00:34:23,39.920185,-105.223129,1967,2.40000000000009,419.47,106.2,59.4
2024-07-10 00:34:25,39.92041,-105.223373,1966.9,2.30000000000018,419.39,109.9,70
2024-07-10 00:34:26,39.920559,-105.223534,1966.9,2.30000000000018,419.47,113.6,63.5
2024-07-10 00:34:27,39.920712,-105.223686,1967.1,2.59999999999991,419.6,113.5,64
2024-07-10 00:34:28,39.92086,-105.223839,1967.4,2.90000000000009,419.68,107.4,59.4
2024-07-10 00:34:30,39.921085,-105.224083,1967.4,2.90000000000009,419.68,104.7,62
2024-07-10 00:34:32,39.92131,-105.224319,1967.6,3.09999999999991,419.76,107.6,58.9
2024-07-10 00:34:33,39.921459,-105.22448,1968.1,3.59999999999991,419.84,106.2,59.4
2024-07-10 00:34:34,39.921619,-105.22464,1969.1,4.59999999999991,419.93,106.5,58.4
2024-07-10 00:34:35,39.921768,-105.2248,1970.6,6.09999999999991,419.99,108.5,58.9
2024-07-10 00:34:37,39.922001,-105.225037,1977.3,12.8,420.03,106.6,58.4
2024-07-10 00:34:39,39.922306,-105.225357,1988.6,24.0999999999999,419.97,103,64.5
2024-07-10 00:34:42,39.922615,-105.225677,1968.6,4.09999999999991,420.01,108,58.4
2024-07-10 00:34:43,39.922852,-105.225929,1968,3.5,420.06,110.3,59.4
2024-07-10 00:34:44,39.923,-105.226089,1967.4,2.90000000000009,420.07,110.9,70.5
2024-07-10 00:34:46,39.923241,-105.226334,1967.2,2.70000000000005,420,108.6,59.4
2024-07-10 00:34:48,39.92347,-105.226593,1968.1,3.59999999999991,419.93,105.1,59.9
2024-07-10 00:34:49,39.92363,-105.226761,1968.3,3.79999999999995,420.02,104.3,58.9
2024-07-10 00:34:51,39.92387,-105.227005,1967.7,3.20000000000005,420.41,115.3,67.5
2024-07-10 00:35:16,39.92728,-105.230301,1970.5,6,419.21,108.6,60.2
2024-07-10 00:35:18,39.92746,-105.230507,1968.3,3.79999999999995,419.46,207.1,72.1
2024-07-10 00:35:19,39.927582,-105.230659,1968.3,3.79999999999995,421.17,308.8,60.9
2024-07-10 00:35:20,39.927681,-105.23082,1969.2,4.70000000000005,422.88,305.5,59.9
2024-07-10 00:35:21,39.92778,-105.230988,1969.4,4.90000000000009,423.42,233.1,60.9
2024-07-10 00:35:22,39.927879,-105.231163,1967.7,3.20000000000005,423.34,181.7,60.4
2024-07-10 00:36:41,39.934952,-105.236633,1967,2.59999999999991,422.12,486,58.9
2024-07-10 00:36:43,39.935265,-105.236671,1987.9,23.4300000000001,428.27,3296.5,58.4
2024-07-10 00:36:45,39.935684,-105.236687,2062.9,98.4350000000002,444.97,15297,60.7
2024-07-10 00:36:47,39.936008,-105.236687,2172.6,208.14,521.51,38638.7,58.4
2024-07-10 00:36:48,39.936218,-105.236679,2226.2,261.745,547.39,50833.3,69
2024-07-10 00:36:50,39.93655,-105.236649,2210.9,246.45,564.47,55317.3,58.7
2024-07-10 00:36:52,39.936989,-105.236572,2225.6,261.155,565.64,46015.9,62.5
2024-07-10 00:36:55,39.937447,-105.236481,2144,179.56,502.45,33872.5,57.2
2024-07-10 00:36:57,39.937904,-105.236374,2103,138.565,490.33,40879.3,57.2
2024-07-10 00:36:59,39.938251,-105.236298,2214.9,250.47,561.09,52485.2,57.4
2024-07-10 00:37:00,39.93848,-105.236252,2260.7,296.275,576.75,55737.2,57.4
2024-07-10 00:37:01,39.938709,-105.236198,2294.6,330.18,591.41,63559.5,68.5
2024-07-10 00:37:02,39.93895,-105.236137,2312.6,348.185,597.94,73853.6,57.4
2024-07-10 00:37:04,39.939308,-105.236061,2267.2,302.79,596.32,62170.2,63.7
2024-07-10 00:37:06,39.939671,-105.235977,2244,279.595,564.64,47768.4,58.9
2024-07-10 00:37:07,39.939919,-105.235924,2219.8,255.4,551.08,46245.9,61.4
